code,name,hours,unity_id,prerequisites,corequisites,equivalences
ADM0002,ESTUDOS E PESQUISAS EM ADMINISTRAÇÃO,30,327,( ( ADM0198 ) ),,( ADM0001 )
ADM0006,GESTÃO DE MARCAS,60,327,( ( ADM0064 ) ),,
ADM0008,MARKETING SOCIALMENTE RESPONSÁVEL,60,327,( ( ADM0064 ) ),,
ADM0010,MARKETING DIGITAL,60,327,( ( ADM0064 ) ),,
ADM0012,ADMINISTRAÇÃO DE CUSTOS,60,327,( ( CCA0103 E ADM0023 ) ),,
ADM0013,AVALIAÇÃO DA EFICIÊNCIA E PRODUTIVIDADE,60,327,( ( ADM0092 E EST0019 ) ),,
ADM0014,ADMINISTRAÇÃO PÚBLICA E GESTÃO SOCIAL,60,327,( ( ADM0023 ) ),,
ADM0016,ORGANIZAÇÃO E GESTÃO DE SERVIÇOS PÚBLICOS,60,327,( ( GPP0037 ) OU ( ADM0014 ) ),,
ADM0018,AVALIAÇÃO E MONITORAMENTO DA ESTRATÉGIA ORGANIZACIONAL,60,327,( ( ADM0157 ) ),,
ADM0019,TÓPICOS EM PRODUÇÃO E OPERAÇÕES,30,327,( ( ADM0023 ) ),,
ADM0020,TÓPICOS EM GESTÃO DA TECNOLOGIA,30,327,( ( ADM0023 ) ),,
ADM0021,SOCIOLOGIA APLICADA À ADMINISTRAÇÃO,60,327,,,( ( SOL0042 ) OU ( SOL0059 ) )
ADM0023,INTRODUÇÃO À ADMINISTRAÇÃO,60,327,,,( ( FUP0281 ) OU ( ADM0022 ) )
ADM0035,ANÁLISE DE DECISÕES 1,60,327,( ( EST0019 ) OU ( EST0023 ) ),,( ADM0033 ) OU ( ADM0034 )
ADM0041,GESTÃO DE PESSOAS EM ORGANIZAÇÕES,60,327,( ( ADM0023 ) ),,( ( FUP0335 ) OU ( ADM0039 ) OU ( ADM0040 ) )
ADM0047,MÉTODOS E MODELOS QUANTITATIVOS DE DECISÃO 1,60,327,( ( ADM0035 ) E ( MAT0024 OU MAT0025 OU MAT0021 OU MAT0022 ) ),,( ADM0045 OU ADM0046 )
ADM0052,FINANÇAS 1,60,327,( ( CCA0103 E ADM0192 ) ),,( ADM0050 ) OU ( ADM0051 )
ADM0061,LOGÍSTICA ORGANIZACIONAL,60,327,( ( ADM0023 ) ),,( ADM0058 ) OU ( ADM0059 ) OU ( ADM0060 )
ADM0064,ADMINISTRAÇÃO DE MARKETING,60,327,( ( ADM0023 OU DIN0023 ) ),,( ADM0062 ) OU ( ADM0063 )
ADM0068,MERCADO FINANCEIRO E DE CAPITAIS,60,327,( ( ADM0052 ) OU ( CCA0021 ) ),,( ADM0065 ) OU ( ADM0066 ) OU ( ADM0067 )
ADM0070,GOVERNO E ADMINISTRACAO NO BRASIL,60,327,,,( ADM0069 )
ADM0092,ADMINISTRAÇÃO DA PRODUÇÃO E OPERAÇÕES,60,327,( ( ADM0023 ) ),,( ADM0088 ) OU ( ADM0089 ) OU ( ADM0090 ) OU ( ADM0091 )
ADM0150,CRIACAO DE NEGOCIOS,60,327,( ( ADM0023 ) ),,( ADM0149 )
ADM0157,ESTRATÉGIA ORGANIZACIONAL,60,327,( ( ADM0320 ) OU ( ADM0023 ) ),,( ADM0155 ) OU ( ADM0156 ) OU ( FUP0342 )
ADM0162,GESTÃO DA INOVAÇÃO,60,327,( ( ADM0023 E ECO0019 ) ),,( ADM0160 ) OU ( ADM0161 )
ADM0187,MICROECONOMIA APLICADA,60,327,( ( ECO0019 E MAT0025 ) OU ( ECO0019 E MAT0022 ) ),,( ADM0185 ) OU ( ADM0186 )
ADM0190,MACROECONOMIA APLICADA,60,327,( ( ECO0019 E MAT0025 ) OU ( ECO0019 E MAT0022 ) ),,( ADM0188 ) OU ( ADM0189 )
ADM0192,CALCULO FINANCEIRO,60,327,( ( MAT0025 ) OU ( MAT0022 ) ),,( ( FGA0133 ) OU ( ADM0191 ) )
ADM0198,METODOLOGIA CIENTÍFICA APLICADA,60,327,( ( EST0019 ) OU ( ADM0023 ) ),,( ( FUP0311 ) OU ( CET0041 ) OU ( ADM0196 ) OU ( ADM0197 ) )
ADM0214,INTRODUÇÃO A TEORIAS ORGANIZACIONAIS,60,327,( ( ADM0023 ) ),,( ADM0212 ) OU ( ADM0213 )
ADM0226,GESTÃO DE PROJETOS,60,327,( ( ADM0214 ) ),,( ADM0224 ) OU ( ADM0225 )
ADM0228,ANALISE INSTITUCIONAL,60,327,,,( ADM0227 )
ADM0231,COMPORTAMENTO ORGANIZACIONAL,60,327,,,( ( PST0029 ) OU ( ADM0229 ) OU ( ADM0230 ) )
ADM0241,PESQUISA DE MARKETING,60,327,( ( ADM0064 E ADM0198 ) ),,( ADM0240 )
ADM0258,GESTÃO DE DESEMPENHO,60,327,( ( ADM0041 ) ),,( ADM0256 ) OU ( ADM0257 )
ADM0270,OFICINA DE PRODUTOS E PROJETOS,60,327,( ( ADM0023 ) ),,( ADM0267 ) OU ( ADM0268 ) OU ( ADM0269 )
ADM0273,PROJETO DE PESQUISA EM ADMINISTRAÇÃO,60,327,( ( ADM0198 ) ),,( ADM0271 ) OU ( ADM0272 )
ADM0297,ELABORAÇÃO DE TRABALHO DE CURSO,60,327,( ( ADM0273 ) ),,
ADM0298,ADMINISTRAÇÃO DE SISTEMAS DE INFORMAÇÃO,60,327,( ( ADM0023 ) ),,( ( ADM0170 ) )
ADM0300,COMPORTAMENTO DO CONSUMIDOR,60,327,( ( ADM0064 ) ),,
ADM0301,FINANÇAS 2,60,327,( ( ADM0052 ) ),,
ADM0303,GESTÃO DE PROCESSOS,60,327,( ( ADM0092 ) ),,
ADM0304,GESTÃO DE RESPONSABILIDADE SOCIOAMBIENTAL,60,327,( GPP0037 OU ADM0014 OU ADM0023 ),,
ADM0308,NEGOCIAÇÃO,60,327,( ( ADM0023 ) ),,
ADM0311,TÓPICOS CONTEMPORÂNEOS EM FINANÇAS,30,327,( ( ADM0052 ) ),,
ADM0313,"TÓPICOS CONTEMPORÂNEOS EM PRODUÇÃO, LOGÍSTICA E GESTÃO DA INFORMAÇÃO",30,327,( ( ADM0092 ) OU ( ADM0298 ) OU ( ADM0061 ) ),,
ADM0315,TÓPICOS CONTEMPORÂNEOS EM ADMINISTRAÇÃO 1,30,327,,,
ADM0316,TÓPICOS CONTEMPORÂNEOS EM ADMINISTRAÇÃO 2,30,327,( ( ADM0023 ) ),,
ADM0317,ADMINISTRAÇÃO DA QUALIDADE,60,327,( ( ADM0092 ) ),,
ADM0318,INTERNACIONALIZAÇÃO DE EMPRESAS E GESTÃO DE NEGÓCIOS,60,327,( ADM0023 ),,
ADM0320,"ANÁLISE ORGANIZACIONAL, SISTEMAS E MÉTODOS",60,327,( ( ADM0023 OU DIN0023 ) ),,( ADM0025 OU ADM0319 OU FUP0524 )
ADM0321,ABORDAGENS CRÍTICAS AO ESTUDO DE ORGANIZAÇÕES,60,327,( ( ADM0214 ) ),,
BOT0004,INTRODUCAO A ANATOMIA VEGETAL,60,455,( ( BOT0049 ) OU ( BOT0021 ) OU ( BOT0044 ) OU ( ICB0250 ) OU ( ICB0251 ) ),,( ( BOT0042 ) OU ( ICB0102 ) )
BOT0006,ANATOMIA DAS MADEIRAS,60,455,( ( BOT0004 ) OU ( BOT0042 ) ),,( ICB0104 )
BOT0008,FISIOLOGIA VEGETAL,90,455,( ( CEL0054 E BOT0004 ) OU ( CEL0054 E BOT0042 ) ),,( ICB0105 ) OU ( BOT0007 )
BOT0009,CRESCIMENTO E DESENVOLVIMENTO VEGETAL,60,455,( ( CEL0082 E BOT0004 ) OU ( CEL0054 E BOT0004 ) OU ( CEL0054 E BOT0042 ) ),,( ICB0106 )
BOT0015,BOTANICA EVOLUTIVA,60,455,( ( BOT0020 E BOT0021 ) OU ( ICB0098 ) OU ( BOT0020 E BOT0044 ) ),,( ICB0116 )
BOT0017,CULTURA DE TECIDOS DE PLANTAS,45,455,( ( BOT0008 ) OU ( BOT0071 ) ),,
BOT0020,MORFOLOGIA E TAXONOMIA DAS CRIPTOGAMAS,60,455,,,( ICB0133 )
BOT0044,ORGANOGRAFIA E SISTEMÁTICA FANEROFÍTICA,60,455,,,( ( BOT0021 ) )
BOT0071,METABOLISMO E DESENVOLVIMENTO VEGETAL,90,455,( ( BOT0078 E CEL0089 E CEL0054 ) ),,( BOT0070 )
BOT0073,TÓPICOS EM BOTÂNICA 2,60,455,,,( BOT0072 )
BOT0077,TÓPICOS EM BOTÂNICA 1,30,455,,,( BOT0076 )
BOT0078,DIVERSIDADE VEGETAL,60,455,( ( ECL0033 ) OU ( ECL0017 ) OU ( ECL0042 ) ),,
CBH0002,BIOÉTICA E BIOTECNOCIÊNCIAS,60,1448,,,
CBH0005,INTRODUÇÃO À BIOÉTICA,60,1448,,,
CCA0002,CUSTOS APLICADOS AO SETOR PÚBLICO,30,333,( ( CCA0018 ) ),,
CCA0003,MANAGEMENT ACCOUNTING AND CONTROL SYSTEMS,60,333,,,
CCA0007,TÓPICOS CONTEMPORÂNEOS EM CONTABILIDADE PÚBLICA,30,333,( ( CCA0091 ) OU ( CCA0170 ) ),,( CCA0006 )
CCA0015,CONTABILIDADE GERAL 1,60,333,,,( ( CCA0105 ) OU ( CCA0013 ) OU ( CCA0014 ) )
CCA0018,CUSTOS,60,333,( ( CCA0079 ) OU ( ADM0051 ) OU ( CCA0077 ) ),,( CCA0016 ) OU ( CCA0017 )
CCA0024,AUDITORIA 1,60,333,( ( CCA0179 ) OU ( CCA0040 ) OU ( CCA0021 ) ),,( CCA0022 ) OU ( CCA0023 )
CCA0026,AUDITORIA 2,60,333,( ( CCA0024 ) ),,( ADM0114 ) OU ( CCA0025 )
CCA0040,CONTABILIDADE GERAL 3,60,333,( ( CCA0079 ) OU ( CCA0077 ) ),,( CCA0037 ) OU ( CCA0038 ) OU ( CCA0039 )
CCA0046,CONTABILIDADE DE INSTITUICOES FINANCEIRAS,60,333,( ( CCA0040 ) ),,( ADM0128 ) OU ( CCA0045 )
CCA0051,ESTÁGIO EM CIÊNCIAS CONTÁBEIS,90,333,,,( ADM0130 ) OU ( ADM0131 ) OU ( ADM0132 ) OU ( CCA0049 ) OU ( CCA0050 ) OU ( CCA0189 )
CCA0069,SISTEMAS DE INFORMACOES CONTABEIS,60,333,( ( CCA0180 ) OU ( CCA0018 E CCA0029 ) ),,( ADM0199 ) OU ( CCA0068 )
CCA0076,LEGISLACAO COMERCIAL,60,333,( FDD0004 ),,( ADM0201 ) OU ( CCA0075 )
CCA0077,CONTABILIDADE GERAL 2,60,333,( CCA0015 E CCA0153 ),,( CCA0078 ) OU ( CCA0079 )
CCA0081,TEORIA CONTABIL,60,333,( ( CCA0111 E CCA0077 ) OU ( CCA0040 ) ),,( ADM0202 ) OU ( CCA0080 )
CCA0087,TOPICOS CONTEMPORANEOS EM CONTABILIDADE,60,333,( ( CCA0081 ) ),,( ADM0205 ) OU ( CCA0086 )
CCA0103,INTRODUÇÃO À CONTABILIDADE,60,333,,,( ( CCA0105 ) OU ( FUP0289 ) OU ( CCA0102 ) )
CCA0111,METODOLOGIA DA PESQUISA EM CIÊNCIAS CONTÁBEIS,30,333,,,( CCA0110 )
CCA0126,FINANÇAS PESSOAIS,30,333,,,( CCA0125 )
CCA0127,PERÍCIA CONTÁBIL,30,333,( CCA0181 OU CCA0061 ),,( CCA0128 ) OU ( CCA0129 )
CCA0149,ATUÁRIA BÁSICA,30,333,( ( CCA0155 ) OU ( CCA0183 ) ),,( CCA0148 )
CCA0153,MATEMÁTICA FINANCEIRA APLICADA ÀS CIÊNCIAS CONTÁBEIS,60,333,,,( CCA0150 ) OU ( CCA0151 ) OU ( CCA0152 )
CCA0157,CONTABILIDADE DE MICRO E PEQUENOS EMPREENDIMENTOS,30,333,( ( CCA0029 E CCA0018 ) OU ( CCA0179 E CCA0018 ) ),,( CCA0156 )
CCA0160,CONTABILIDADE SOCIOAMBIENTAL,30,333,( CCA0015 OU CCA0103 ),,
CCA0164,TÓPICOS EM CONTABILIDADE 1,30,333,,,
CCA0169,FINANÇAS DO SETOR PÚBLICO,60,333,( ECO0050 OU ECO0072 ),,( CCA0067 )
CCA0170,ORÇAMENTO DO SETOR PÚBLICO,60,333,( CCA0169 ),,( CCA0091 )
CCA0171,CONTABILIDADE DO SETOR PÚBLICO,60,333,( CCA0170 ),,( CCA0099 )
CCA0172,PESQUISA EM CONTABILIDADE 1,30,333,( CCA0111 E CCA0178 ),,( CCA0187 )
CCA0173,PESQUISA EM CONTABILIDADE 2,30,333,( CCA0172 OU CCA0107 ),,( CCA0188 )
CCA0174,LABORATÓRIO CONTÁBIL,60,333,( CCA0178 E CCA0181 ),,
CCA0175,FINANÇAS CORPORATIVAS 1,60,333,( CCA0040 ),,
CCA0176,FINANÇAS CORPORATIVAS 2,60,333,( CCA0175 ),,
CCA0177,FINANÇAS CORPORATIVAS 3,60,333,( CCA0176 ) OU ( CCA0021 ),,
CCA0178,CONTABILIDADE AVANÇADA,60,333,( CCA0081 E CCA0040 ),,( CCA0085 )
CCA0179,CONTABILIDADE EMPRESARIAL,60,333,( CCA0081 ),,( CCA0029 )
CCA0180,SISTEMAS DE CONTROLE GERENCIAL,60,333,( CCA0018 ),,( CCA0044 )
CCA0181,CONTABILIDADE TRIBUTÁRIA,60,333,( ( CCA0179 E CCA0076 E FDD0015 E FDD0141 ) OU ( CCA0029 E CCA0076 E FDD0015 E FDD0141 ) ),,( CCA0061 )
CCA0182,FILOSOFIA E ÉTICA PROFISSIONAL EM CONTABILIDADE,30,333,,,( CCA0093 )
CCA0183,MÉTODOS QUANTITATIVOS APLICADOS ÀS CIÊNCIAS CONTÁBEIS,60,333,( EST0023 OU EST0019 ),,
CCA0184,TEORIA DO LUCRO,60,333,( CCA0040 E CCA0153 ),,
CDS0001,PLANEJAMENTO E AVALIAÇÃO SOCIOAMBIENTAL,60,640,( ( CDS0010 ) ),,
CDS0006,GOVERNANÇA AMBIENTAL,60,640,( ( CDS0007 E ECO0262 ) OU ( CDS0008 ) OU ( ECO0261 ) OU ( ECO0275 ) OU ( CDS0014 ) OU ( CDS0001 ) ),,
CDS0007,INTRODUÇÃO AO DESENVOLVIMENTO SUSTENTÁVEL,60,640,,,
CDS0008,"MEIO AMBIENTE, CULTURA E SOCIEDADE",60,640,( ( CDS0007 ) ),,
CDS0010,TRABALHO INTERDISCIPLINAR INTEGRADO 1,30,640,( ( ECO0261 E CDS0007 ) ),,( IGD0245 )
CDS0011,SISTEMAS SOCIOAMBIENTAIS E COMPLEXIDADE,60,640,( ( CDS0008 ) ),,
CDS0012,POLÍTICAS PÚBLICAS E MEIO AMBIENTE,60,640,( CDS0010 OU POL0011 ),,
CDS0014,TEORIAS DO DESENVOLVIMENTO,60,640,( ( CDS0008 ) ),,
CDS0016,EDUCAÇÃO E MEIO AMBIENTE,60,640,( ( CDS0007 ) ),,
CDS0032,ESTUDOS DOS SISTEMAS AGRÁRIOS,60,640,,,
CDS0035,COMUNICAÇÃO SOCIOAMBIENTAL,60,640,,,
CDT1105,FUNDAMENTOS DO EMPREENDEDORISMO JÚNIOR,30,643,,,
CDT1106,INTRODUÇÃO AO EMPREENDEDORISMO E INOVAÇÃO,30,643,,,
CEL0001,ENGENHARIA GENÉTICA,90,455,( ( CEL0095 ) ),,
CEL0002,TECNOLOGIA ENZIMÁTICA,60,455,( ( CEL0054 ) ),,
CEL0003,MICROBIOLOGIA APLICADA,60,455,( ( CEL0054 E CEL0089 ) OU ( CEL0054 E CEL0035 ) ),,
CEL0004,EMPREENDEDORISMO E ANÁLISE DE MERCADO EM BIOTECNOLOGIA,60,455,( ( CEL0091 ) ),,
CEL0005,BIOSSEGURANÇA,30,455,,,
CEL0006,BOAS PRÁTICAS DE LABORATÓRIO E DE FABRICAÇÃO,30,455,( ( CEL0011 ) ),,
CEL0007,ESTÁGIO PROFISSIONAL EM BIOTECNOLOGIA,180,455,( ( CEL0011 E CEL0023 E CEL0004 ) ),,
CEL0008,IMUNOLOGIA APLICADA,60,455,( ( CEL0095 E CEL0110 ) ),,
CEL0009,REDAÇÃO CIENTÍFICA,30,455,,,
CEL0011,TECNOLOGIA DE BIOPROCESSOS E FERMENTAÇÃO,60,455,( ( CEL0002 E MAT0025 E CEL0003 ) OU ( MAT0027 E IQD0032 ) ),,( CEL0010 )
CEL0012,"LEGISLAÇÃO, PATENTES E PROPRIEDADE INTELECTUAL",30,455,( ( CEL0004 ) ),,
CEL0013,ELABORAÇÃO DE PROJETOS BIOTECNOLÓGICOS,30,455,,,
CEL0017,BIOQUÍMICA E BIOFÍSICA MÉDICA,60,402,,,( ( CEL0067 ) OU ( ICB0065 ) )
CEL0023,BIOFISICA,60,455,( ( CEL0054 E IFD0340 ) ),,
CEL0025,IMUNOLOGIA GERAL,60,455,( ( CEL0019 ) OU ( CEL0054 ) OU ( CEL0021 ) OU ( CEL0067 ) OU ( CEL0094 ) OU ( CEL0082 E CEL0083 ) OU ( CEL0077 ) ),,( CEL0024 )
CEL0042,TOPICOS EM BIOQUIMICA 1,60,455,,,( CEL0041 )
CEL0050,MICROBIOLOGIA BASICA,60,455,( ( CEL0019 ) OU ( CEL0054 ) OU ( CEL0021 ) OU ( CEL0067 ) OU ( CEL0094 ) OU ( CEL0082 E CEL0083 ) OU ( IQD0213 ) ),,( ( CEL0024 ) OU ( FCE0254 ) )
CEL0054,BIOQUIMICA FUNDAMENTAL,90,455,( ( IQD0072 ) OU ( IQD0095 ) OU ( IQD0209 ) OU ( IQD0252 ) OU ( IQD0245 ) OU ( IQD0131 ) OU ( IQD0051 ) OU ( CEL0067 ) OU ( IQD0153 ) OU ( IQD0058 E IQD0061 ) OU ( IQD0153 ) OU ( IQD0125 ) ),,( ( FCE0192 E FCE0204 E FCE0224 ) OU ( CEL0053 ) )
CEL0056,TOPICOS EM BIOQUIMICA 2,60,455,( ( CEL0054 ) OU ( CEL0082 ) ),,( CEL0055 )
CEL0060,TOPICOS EM BIOLOGIA MOLECULAR,60,455,( ( CEL0026 ) OU ( CEL0095 ) ),,( CEL0059 )
CEL0067,BIOQUÍMICA,90,455,,,( ( FCE0192 E FCE0224 ) )
CEL0077,BIOQUIMICA ANIMAL,120,455,,,
CEL0079,FUNDAMENTOS DE MICROBIOLOGIA MÉDICA,30,455,,,( ( CEL0050 ) )
CEL0081,VIROLOGIA GERAL COMPARADA,60,455,( ( CEL0089 ) OU ( CEL0035 ) ),,( CEL0080 )
CEL0082,BIOQUIMICA E BIOFISICA,90,455,,,
CEL0083,BIOQUIMICA E BIOFISICA EXPERIMENTAL,60,455,,,
CEL0087,ENOVELAMENTO DE PROTEINAS,60,455,( ( CEL0023 ) OU ( IQD0101 ) OU ( IFD0175 ) ),,
CEL0088,BIOLOGIA GERAL,60,455,,,( ( GEM0006 ) OU ( ICB0141 ) OU ( GEM0008 ) )
CEL0089,CITOLOGIA,60,455,,,( ( FCE0192 E FCE0204 ) )
CEL0091,INTRODUÇÃO A BIOTECNOLOGIA,30,455,,,( CEL0090 )
CEL0095,BIOLOGIA MOLECULAR,60,455,( ( CEL0094 ) OU ( CEL0054 ) OU ( CEL0077 ) OU ( CEL0067 ) OU ( CEL0082 ) ),,( ( CEL0026 ) )
CEL0110,IMUNOLOGIA,30,455,( ( CEL0095 ) OU ( FAR0124 ) OU ( CEL0082 ) ),,( FAR0137 )
CEL0111,MICROBIOLOGIA,60,455,( ( CEL0054 E CEL0089 ) OU ( CEL0054 E CEL0035 ) ),,
CEL0118,TÓPICOS EM MICROBIOLOGIA,60,455,( ( CEL0050 ) OU ( CEL0111 ) ),,( CEL0117 )
CEL0120,BIOINFORMÁTICA,60,455,( ( CEL0095 ) ),,
CEL0121,INSTRUMENTAÇÃO CIENTÍFICA EM BIOLOGIA,60,455,( ( CEL0054 ) ),,
CEL0122,METABOLISMO E REGULAÇÃO METABÓLICA,30,455,( ( CEL0054 ) ),,
CEM0005,DECRESCIMENTO: CONSUMIR MENOS PARA QUE TODOS VIVAM MELHOR,30,650,,,
CEM0012,FILOSOFIA CLÁSSICA,30,650,,,
CEM0015,"UNIVERSIDADE, SOCIEDADE E ESTADO",60,650,,,( ( CEM0029 ) )
CEM0018,LAYA YOGA - MEDITAÇÃO TERAPÊUTICA,30,650,,,
CEM0023,APRENDIZAGEM E DESENVOLVIMENTO MOTOR HUMANO 2,60,650,,,
CEM0037,INFÂNCIA E JUVENTUDE NA CONTEMPORANEIDADE,30,650,,,
CEM0047,TÓPICOS ESPECIAIS SOBRE A AMAZÔNIA,60,650,,,
CEM0051,PROMOÇÃO DA SAÚDE 3,60,650,,,
CEM0054,INTRODUÇÃO A GESTÃO AMBIENTAL,60,650,,,
CEM0056,PROCESSOS SÓCIO-HISTÓRICO CUBANO E CONTEXTO ATUAL,30,650,,,
CEM0067,MULTICULTURALISMO E BUDISMO NA CONTEMPORANEIDADE,60,650,,,
CEM0068,INTRODUÇÃO À GERONTOLOGIA,30,650,,,
CEM0070,AGRICULTURA E POLITICA DE CIENCIA E TECNOLOGIA,30,650,,,
CEM0088,CIÊNCIA E TECNOLOGIA PARA O DESENVOLVIMENTO SUSTENTÁVEL 1,30,650,,,
CEM0097,DIREITOS HUMANOS E CIDADANIA,60,650,,,
CEM0110,AGRICULTURA ALTERNATIVA,60,650,,,
CEM0116,SAÚDE INTERNACIONAL,30,650,,,
CEM0117,PENSAMENTO LGBT BRASILEIRO,60,650,,,
CEM0125,"HISTÓRIA E CINEMA: PERSPECTIVAS DOS FEMINISMOS NEGROS, DECOLONIAIS E INTERSECCIONAIS",60,650,,,
CEM0136,A ORIGEM DA VIDA,60,650,,,
CEM0137,HÁBITOS DE INOVAÇÃO SUSTENTÁVEL,30,650,,,
CEM0142,PRÁTICA DESPORTIVA – FUTMANOBOL,60,650,,,
CEM0148,TÓPICOS ESPECIAIS SOBRE O JAPÃO,30,650,,,
CEM0150,CIÊNCIA DA PAZ: PERSPECTIVAS E DESAFIOS,60,650,,,
CEN0005,DIPLOMAÇÃO EM INTERPRETAÇÃO TEATRAL,150,492,( ( CEN0006 ) ),,
CEN0006,PROJETO EM INTERPRETAÇÃO TEATRAL,210,492,( ( CEN0185 E CEN0176 ) OU ( CEN0100 E CEN0070 ) ),,
CEN0007,LABORATÓRIO DE CRIAÇÃO CÊNICO-MUSICAL,90,492,,,
CEN0010,FUNDAMENTOS DA LICENCIATURA EM ARTES CÊNICAS,30,492,,,
CEN0011,POLÍTICAS PÚBLICAS E GESTÃO EM ARTE EDUCAÇÃO,30,492,,,
CEN0012,PEDAGOGIA DO TEATRO E DIVERSIDADE,60,492,,,
CEN0016,PRÁTICA DOCENTE EM JOGOS PARA A CENA,90,492,,,
CEN0017,PRÁTICA DOCENTE EM MANIFESTAÇÕES CÊNICAS TRADICIONAIS,90,492,,,
CEN0029,PRÁTICA DE MONTAGEM EM EDUCAÇÃO,60,492,( CEN0025 ),,
CEN0042,DIRECAO 1,90,492,( ( CEN0166 E CEN0169 E CEN0173 E CEN0179 ) OU ( CEN0095 E CEN0076 E CEN0107 E CEN0067 ) OU ( CEN0095 E CEN0134 E CEN0140 E CEN0066 ) OU ( CEN0031 E CEN0095 ) OU ( CEN0031 E CEN0173 ) ),,( FAU0091 )
CEN0053,TECNICAS EXPERIMENTAIS DE ARTES CENICAS 1,60,492,,,( FAU0098 )
CEN0126,PRODUCAO TEATRAL,60,492,,,( FAU0334 ) OU ( CEN0125 )
CEN0135,FUNDAMENTOS DA EDUCAÇÃO ARTÍSTICA,60,492,,,( ( VIS0028 ) OU ( MTC0006 ) )
CEN0164,POÉTICAS TEATRAIS,60,492,,,
CEN0165,TEORIAS E PROCESSOS CRIATIVOS PARA A CENA,60,492,( ( CEN0164 ) OU ( CEN0036 ) OU ( CEN0089 ) ),,
CEN0166,TEATRALIDADES BRASILEIRAS,60,492,( ( CEN0165 ) OU ( CEN0049 ) OU ( CEN0090 ) OU ( CEN0091 ) OU ( CEN0031 ) ),,( ( CEN0085 ) OU ( CEN0087 ) OU ( CEN0138 ) )
CEN0167,A VOZ EM PERFORMANCE,60,492,,,( ( CEN0072 E CEN0076 ) OU ( CEN0072 E CEN0078 ) OU ( CEN0133 ) )
CEN0168,A PALAVRA EM PERFORMANCE,60,492,( ( CEN0167 ) OU ( CEN0076 ) OU ( CEN0078 ) OU ( CEN0133 ) ),,( ( CEN0134 ) )
CEN0169,VOZ E PALAVRA NA PERFORMANCE TEATRAL CONTEMPORANEA 1,60,492,( ( CEN0168 ) OU ( CEN0134 ) ),,
CEN0171,INTERPRETAÇÃO TEATRAL 1,90,492,,,
CEN0172,INTERPRETAÇÃO TEATRAL 2,90,492,( ( CEN0171 ) OU ( CEN0031 ) OU ( CEN0032 ) ),,
CEN0173,INTERPRETAÇÃO TEATRAL 3,90,492,( ( CEN0172 ) OU ( CEN0095 ) ),,
CEN0175,PRÁTICA DE MONTAGEM,120,492,( ( CEN0173 ) OU ( CEN0097 ) ),,
CEN0176,INTERPRETAÇÃO E MONTAGEM,150,492,( ( CEN0175 E CEN0174 E CEN0184 E CEN0179 E CEN0169 E CEN0166 ) OU ( CEN0099 ) OU ( CEN0031 E CEN0175 ) ),,
CEN0177,MOVIMENTO E LINGUAGEM 1,60,492,,,
CEN0178,MOVIMENTO E LINGUAGEM 2,60,492,( ( CEN0038 ) OU ( CEN0068 ) OU ( CEN0177 ) ),,
CEN0179,MOVIMENTO E LINGUAGEM 3,60,492,( ( CEN0178 ) OU ( CEN0066 ) OU ( CEN0069 ) ),,
CEN0182,ENCENAÇÃO TEATRAL 1,90,492,,,
CEN0183,ENCENAÇÃO TEATRAL 2,90,492,( ( CEN0182 ) OU ( CEN0107 ) OU ( CEN0140 ) ),,
CEN0184,ENCENAÇÃO TEATRAL 3,90,492,( ( CEN0182 ) OU ( CEN0031 ) ),,
CEN0185,METODOLOGIA DE PESQUISA EM ARTES CÊNICAS,90,492,( ( CEN0166 E CEN0169 E CEN0174 E CEN0175 E CEN0179 E CEN0184 ) OU ( CEN0099 E CEN0070 E CEN0087 E CEN0049 E CEN0078 ) OU ( CEN0031 E CEN0100 ) OU ( CEN0031 E CEN0097 E CEN0175 ) OU ( CEN0031 E CEN0176 ) OU ( CEN0031 E CEN0175 ) ),,
CEN0191,METODOLOGIA DE PESQUISA EM ARTES CÊNICAS E EDUCAÇÃO,60,492,( ( CEN0025 ) OU ( CEN0189 ) ),,
CEN0199,LABORATÓRIO DE TEATRO,60,492,,,( CEN0197 ) OU ( CEN0198 )
CEN0253,ESTÁGIO CURRICULAR SUPERVISIONADO DE OBSERVAÇÃO EM ARTES CÊNICAS,75,492,( CEN0135 ),,( CEN0146 ) OU ( CEN0025 )
CEN0254,ESTÁGIO CURRICULAR SUPERVISIONADO EM ARTES CÊNICAS NO ENSINO FUNDAMENTAL,120,492,( CEN0025 ) OU ( CEN0247 ) OU ( CEN0253 ),,( CEN0026 )
CEN0255,ESTÁGIO CURRICULAR SUPERVISIONADO EM ARTES CÊNICAS NO ENSINO MÉDIO,120,492,( CEN0025 ) OU ( CEN0247 ) OU ( CEN0253 ),,( CEN0027 )
CEN0256,ESTÁGIO CURR SUPERVISIONADO EM ARTES CÊNICAS EM ESPAÇOS ALTERNATIVOS,90,492,( CEN0025 ) OU ( CEN0247 ) OU ( CEN0253 ),,( CEN0028 )
CEN0265,PRÁTICA DOCENTE EM INTERDISCIPLINARIDADES E HIBRIDISMOS ARTÍSTICOS,90,492,,,
CER0001,TÓPICOS EM ESTUDOS DO CERRADO 1,30,677,,,
CER0002,TÓPICOS EM ESTUDOS DO CERRADO 2,60,677,,,
CET0001,PLANEJAMENTO E GESTÃO EM TURISMO 1,60,314,,,
CET0002,LEGISLAÇÃO TURÍSTICA,30,314,,,
CET0005,PLANEJAMENTO E GESTÃO EM TURISMO 2,60,314,( ( CET0001 ) ),,
CET0006,FUNDAMENTOS DE ESTATÍSTICA APLICADO AO TURISMO,30,314,,,
CET0007,PROJETO INTEGRADOR EM TURISMO 3,30,314,( ( CET0013 ) ),,
CET0013,PESQUISA EM TURISMO,60,314,( ( CET0041 ) ),,
CET0014,ESTRUTURAÇÃO E PROMOÇÃO DE DESTINOS,60,314,( CET0044 ),,
CET0015,SEMINÁRIOS EM TURISMO 3,30,314,,,
CET0017,PLANEJAMENTO E ORGANIZAÇÃO DE EVENTOS,60,314,,,
CET0022,ELABORAÇAO DE PROJETOS EM TURISMO,60,314,( ( CET0005 ) ),,
CET0037,SEMINÁRIOS EM TURISMO 7,30,314,,,
CET0038,ESTUDO DO TURISMO 1,60,314,,,
CET0039,SUSTENTABILIDADE ÉTICA E TURISMO,60,314,,,
CET0040,ESTUDO DO TURISMO 2,60,314,( ( CET0038 ) ),,
CET0041,CONSTRUÇÃO DO CONHECIMENTO CIENTÍFICO,60,314,,,
CET0042,PROJETO INTEGRADOR EM TURISMO 1,60,314,,,
CET0043,ESTUDO DO TURISMO 3,60,314,( ( CET0040 ) ),,
CET0044,COMUNICAÇÃO NO TURISMO,60,314,,,
CET0045,ESTRUTURAS DE SUPORTE AO TURISMO,60,314,,,
CET0049,INOVAÇÃO EM SERVIÇOS TURÍSTICOS,30,314,,,
CET0050,EQUIPAMENTOS E SERVIÇOS TURÍSTICOS - HOSPEDAGEM,60,314,,,
CET0051,EQUIPAMENTOS E SERVIÇOS TURÍSTICOS - LAZER,30,314,,,
CET0052,EQUIPAMENTOS E SERVIÇOS TURISTICOS-AGENCIAMENTO OPERAÇÃO E TRANSPORTE,30,314,,,
CET0053,EQUIPAMENTOS E SERVIÇOS TURÍSTICOS - EVENTOS,60,314,,,
CET0054,EQUIPAMENTOS E SERVIÇOS TURÍSTICOS - ALIMENTAÇÃO,60,314,,,
CET0055,PROJETO INTEGRADOR EM TURISMO 2,30,314,,,
CET0090,TRABALHO E EMPREGO NO TURISMO,30,314,,,
CFS0001,PRINCÍPIOS EM FARMACOLOGIA,60,455,( ( CFS0055 ) ),,
CFS0021,ANATOMIA ANIMAL,60,455,,,
CFS0023,PRINCIPIOS FARMACOLOGICOS EM BIOLOGIA,60,455,( ( CFS0048 ) OU ( CFS0055 ) OU ( CFS0037 ) ),,( CFS0022 )
CFS0037,ELEMENTOS DE FISIOLOGIA 1,60,455,( ( GEM0023 E CEL0063 E FMD0510 ) OU ( CEL0067 E GEM0023 E FMD0510 ) OU ( GEM0041 E CEL0063 E FMD0510 ) OU ( CEL0067 E GEM0041 E FMD0510 ) OU ( GEM0023 E CEL0082 E CEL0083 E FMD0510 ) OU ( CEL0067 E FMD0510 E CEL0089 ) OU ( GEM0062 E FMD0510 E CEL0067 ) OU ( CEL0054 E FMD0510 E GEM0041 ) OU ( CEL0054 E FMD0510 E GEM0062 ) ),,( ( CFS0041 ) OU ( FCE0201 E FCE0222 E FCE0264 E FCE0266 ) OU ( FEF0143 ) OU ( CFS0036 ) )
CFS0039,ELEMENTOS DE FISIOLOGIA 2,60,455,( ( CFS0037 ) OU ( CFS0007 ) OU ( CFS0041 ) ),,( ( CFS0042 ) OU ( FCE0201 E FCE0222 E FCE0264 E FCE0266 ) OU ( FEF0145 ) OU ( CFS0038 ) )
CFS0048,FISIOLOGIA ANIMAL 1,60,455,( ( CFS0021 E CEL0054 ) ),,( ( ICB0297 ) )
CFS0049,FISIOLOGIA ANIMAL 2,60,455,( ( CFS0048 ) ),,( ( ICB0297 ) )
CFS0055,FISIOLOGIA,60,455,( ( CEL0054 ) ),,
CFS0056,ANATOMIA ANIMAL 2,60,455,( ( CFS0021 ) OU ( FAV0236 E FAV0066 ) ),,
CFS0059,CIÊNCIA E EXPERIMENTAÇÃO DE ANIMAIS DE LABORATÓRIO,60,455,,,
CFS0086,TÓPICOS EM NEUROCIÊNCIAS,30,455,( CFS0048 OU CFS0055 OU CFS0037 OU PPB0034 OU FAV0052 OU FMD0019 OU ICB0297 ),,
CFS0093,INTRODUÇÃO À DIVULGAÇÃO CIENTÍFICA,60,455,,,
CIC0002,FUNDAMENTOS TEÓRICOS DA COMPUTAÇÃO,60,508,,,
CIC0003,INTRODUÇÃO AOS SISTEMAS COMPUTACIONAIS,60,508,,,( ( CIC0099 ) )
CIC0004,ALGORITMOS E PROGRAMAÇÃO DE COMPUTADORES,90,508,,,( ( CIC0088 ) )
CIC0005,FORMAÇÃO DOCENTE EM COMPUTAÇÃO,60,508,,,
CIC0007,INTRODUÇÃO À CIÊNCIA DA COMPUTAÇÃO,60,508,,,( ( CIC0004 ) OU ( CIC0069 ) OU ( CIC0088 ) OU ( ENE0334 ) OU ( CIC0006 ) )
CIC0087,TOPICOS AVANCADOS EM COMPUTADORES,60,508,,,( CIC0085 ) OU ( CIC0086 )
CIC0090,ESTRUTURAS DE DADOS,60,508,( ( CIC0004 ) OU ( CIC0088 ) OU ( CIC0175 ) ),,( ( CIC0015 ) OU ( CIC0089 ) )
CIC0093,LINGUAGENS DE PROGRAMACAO,60,508,( ( CIC0090 ) ),,
CIC0095,TEORIA DA COMPUTACAO,60,508,( ( MAT0034 E FIL0056 ) OU ( FIL0056 E MAT0038 ) OU ( MAT0034 E CIC0182 ) OU ( CIC0182 E MAT0038 ) OU ( MAT0031 E CIC0182 ) ),,
CIC0097,BANCOS DE DADOS,60,508,( ( CIC0090 ) ) OU ( ( CIC0007 ) E ( EST0092 OU EST0091 OU EST0090 OU EST0003 ) ),,( CIC0018 OU CIC0096 )
CIC0099,ORGANIZAÇÃO E ARQUITETURA DE COMPUTADORES,60,508,( CIC0090 E ( ( CIC0094 ) OU ( ENE0277 ) OU ( ENE0320 E ENE0291 ) OU ( ENE0039 E ENE0040 ) OU ( CIC0229 E CIC0231 ) ) ),,( ( CIC0027 ) OU ( CIC0098 ) )
CIC0101,SISTEMAS DE INFORMACAO,60,508,( ( CIC0090 ) OU ( CIC0097 ) ),,( ( CIC0064 ) OU ( CIC0100 ) )
CIC0104,SOFTWARE BASICO,60,508,( ( CIC0099 E CIC0090 ) ),,
CIC0105,ENGENHARIA DE SOFTWARE,60,508,( ( CIC0093 ) OU ( CIC0197 ) ),,
CIC0108,SISTEMAS OPERACIONAIS,90,508,( ( CIC0104 ) ),,( ( CIC0030 ) OU ( CIC0107 ) )
CIC0124,REDES DE COMPUTADORES,60,508,( ( CIC0090 ) ),,( ( CIC0103 ) OU ( ENE0274 ) OU ( CIC0122 ) OU ( CIC0123 ) )
CIC0135,INTRODUCAO A INTELIGENCIA ARTIFICIAL,60,508,( ( CIC0090 ) OU ( CIC0089 ) OU ( FGA0147 ) OU ( ENE0013 ) ) OU ( ( CIC0007 ) E ( EST0092 OU EST0091 OU EST0090 OU EST0003 ) ),,
CIC0142,INFORMATICA E SOCIEDADE,30,508,,,
CIC0152,INTRODUCAO A MICROINFORMATICA,60,508,,,
CIC0158,INFORMATICA APLICADA A EDUCACAO,60,508,( ( CIC0093 ) OU ( PPB0067 E MTC0143 ) ),,
CIC0161,AUTÔMATOS E COMPUTABILIDADE,90,508,( ( MAT0034 ) OU ( MAT0038 ) ),,
CIC0169,PROGRAMAÇÃO COMPETITIVA,60,508,( CIC0004 OU CIC0007 ),,
CIC0176,INTRODUCAO AO PROCESSAMENTO DE IMAGENS,60,508,( ( MAT0031 OU MAT0039 ) E ( CIC0004 OU CIC0007 ) ),,
CIC0177,ARQUITETURA DE PROCESSADORES DIGITAIS,60,508,( ( CIC0175 ) OU ( CIC0090 ) ),,( ( CIC0099 E CIC0104 ) )
CIC0182,LÓGICA COMPUTACIONAL 1,60,508,( ( CIC0002 ) OU ( CIC0090 ) ),,( ( MAT0119 ) )
CIC0189,PROJETO E ANÁLISE DE ALGORITMOS,60,508,( ( MAT0025 E CIC0197 ) OU ( MAT0025 E CIC0090 ) OU ( MAT0137 E CIC0090 ) ),,
CIC0190,INTRODUÇÃO A SISTEMAS MULTIAGENTE,60,508,( ( CIC0090 ) OU ( CIC0151 ) ),,
CIC0191,INTRODUÇÃO AO DESENVOLVIMENTO DE JOGOS,60,508,( ( CIC0197 ) OU ( CIC0090 E CIC0008 ) OU ( CIC0151 ) OU ( FGA0147 E FGA0158 E FGA0208 ) OU ( ENE0024 ) ),,
CIC0197,TECNICAS DE PROGRAMAÇÃO 1,60,508,( ( CIC0090 ) ),,( ( CIC0151 ) )
CIC0198,TECNICAS DE PROGRAMAÇÃO 2,60,508,( ( CIC0197 ) ),,( ( CIC0008 ) OU ( CIC0234 ) )
CIC0199,TEORIA E APLICAÇÃO DE GRAFOS,60,508,( ( CIC0090 ) ),,
CIC0200,METODOLOGIA CIENTÍFICA,30,508,( CIC0203 E CIC0104 ),,
CIC0201,SEGURANÇA COMPUTACIONAL,60,508,( ( CIC0124 ) OU ( CIC0103 ) OU ( CIC0236 ) ),,( ( CIC0117 ) )
CIC0202,PROGRAMAÇÃO CONCORRENTE,60,508,( ( CIC0099 E CIC0198 ) ),,
CIC0203,COMPUTAÇÃO EXPERIMENTAL,60,508,( ( EST0023 E CIC0090 ) ),,
CIC0204,COMPILADORES,60,508,( ( CIC0093 E CIC0104 E CIC0161 ) ),,( ( CIC0106 ) )
CIC0205,FUNDAMENTOS DE SISTEMAS OPERACIONAIS,60,508,( ( CIC0202 ) ),,( ( CIC0108 ) )
CIC0206,MÉTODOS DE PESQUISA NA LICENCIATURA EM COMPUTAÇÃO,30,508,,,
CIC0207,PROJETO INTERDISCIPLINAR DE LICENCIATURA EM COMPUTAÇÃO,60,508,( ( CIC0005 E CIC0090 ) ),,
CIC0208,PRODUÇÃO DE MATERIAL DIDÁTICO,75,508,,( ( CIC0209 ) OU ( CIC0279 ) ),( CIC0285 )
CIC0209,SUPERVISÃO DE PRODUÇÃO DE MATERIAL DIDÁTICO,30,508,,( CIC0208 ),( CIC0279 )
CIC0212,SUPERVISÃO DE PRÁTICA PEDAGÓGICA EM COMPUTAÇÃO 1,30,508,( MTC0012 E CIC0090 ),,( CIC0280 )
CIC0213,SUPERVISÃO DE PRÁTICA PEDAGÓGICA EM COMPUTAÇÃO 2,30,508,( CIC0212 OU CIC0280 ),,( CIC0281 )
CIC0218,SUPERVISÃO DE ESTÁGIO EM LICENCIATURA EM COMPUTAÇÃO 1,30,508,( CIC0213 OU CIC0281 ),,( CIC0217 OU CIC0282 )
CIC0220,SUPERVISÃO DE ESTÁGIO EM LICENCIATURA EM COMPUTAÇÃO 2,30,508,( CIC0213 OU CIC0281 ),,( CIC0219 OU CIC0283 )
CIC0222,SUPERVISÃO DE ESTÁGIO EM LICENCIATURA EM COMPUTAÇÃO 3,30,508,( CIC0213 OU CIC0281 ),,( CIC0221 OU CIC0284 )
CIC0225,INTRODUÇÃO A SISTEMAS OPERACIONAIS,60,508,( ( CIC0093 ) ),,( CIC0205 )
CIC0226,DESENVOLVIMENTO DE APLICATIVOS,60,508,( ( CIC0197 ) ),,
CIC0229,CIRCUITOS LÓGICOS,60,508,( ( CIC0004 ) ),,( CIC0228 )
CIC0231,LABORATÓRIO DE CIRCUITOS LÓGICOS,30,508,( ( CIC0004 ) ),( CIC0229 ),( CIC0230 )
CIC0235,TELEINFORMÁTICA E REDES 1,60,508,( ( MAT0026 E CIC0090 E EST0023 ) ),,
CIC0236,TELEINFORMÁTICA E REDES 2,60,508,( ( CIC0235 ) OU ( CIC0103 ) ),,
CIC0247,INTRODUÇÃO AO AMBIENTE UNIVERSITÁRIO NA COMPUTAÇÃO,15,508,,,( CIC0299 )
CIC0248,SISTEMAS DE TEMPO REAL,60,508,( CIC0099 ),,
CIC0256,PRÁTICA EXTENSIONISTA EM COMPUTAÇÃO A,60,508,,,
CIC0287,REDES NEURAIS ARTIFICIAIS E APRENDIZAGEM PROFUNDA,60,508,( CIC0135 ),,
CIC0290,INTRODUÇÃO À ENGENHARIA DE COMPUTAÇÃO,30,508,,,( ENE0439 OU FTD0021 )
COM0010,TÓPICOS ESPECIAIS EM COMUNICAÇÃO ORGANIZACIONAL 6,60,345,,,( FAC0011 )
COM0012,TÓPICOS ESPECIAIS EM COMUNICAÇÃO ORGANIZACIONAL 7,60,345,,,( COM0011 )
COM0014,TÓPICOS ESPECIAIS EM COMUNICAÇÃO ORGANIZACIONAL 8,60,345,,,( COM0013 )
COM0017,TÓPICOS ESPECIAIS EM COMUNICAÇÃO ORGANIZACIONAL 10,60,345,,,
COM0127,"ÉTICA, LEGISLAÇÃO E RESPONSABILIDADE SOCIAL",60,345,,,( ( JOR0004 ) OU ( JOR0062 E JOR0079 ) OU ( FAC0028 ) )
COM0128,INTRODUÇÃO AO MARKETING,60,345,,,( ( DAP0123 ) OU ( FAC0029 ) )
COM0129,LINGUAGENS DA COMUNICAÇÃO 1,60,345,,,( ( DAP0101 ) OU ( FAC0030 ) )
COM0130,INTRODUÇÃO AS TEORIAS DA COMUNICAÇÃO,60,345,,,( ( DAP0011 E JOR0045 E JOR0063 E JOR0065 E DAP0101 E DAP0103 ) OU ( JOR0045 ) OU ( FAC0031 ) )
COM0132,LINGUAGENS DA COMUNICAÇÃO 2,60,345,,,( ( DAP0096 E JOR0089 ) OU ( FAC0033 ) )
COM0133,METODOLOGIA DE PESQUISA EM COMUNICAÇÃO,60,345,( ( COM0130 ) ),,( ( DAP0011 E JOR0045 E JOR0063 E JOR0065 E DAP0101 E DAP0103 ) OU ( JOR0063 ) OU ( FAC0034 ) )
COM0134,PLANEJAMENTO EM COMUNICAÇÃO,60,345,( ( COM0131 ) OU ( COM0203 ) ),,( ( DAP0126 ) OU ( FAC0035 ) )
COM0135,PRODUÇÃO E EDIÇÃO DE IMAGEM E SOM,60,345,( ( COM0129 ) ),,( ( DAP0011 E JOR0045 E JOR0063 E JOR0065 E DAP0101 E DAP0103 ) OU ( DAP0103 ) OU ( FAC0036 ) )
COM0136,TEORIAS DA COMUNICAÇÃO ORGANIZACIONAL,60,345,( ( COM0130 ) OU ( JOR0045 ) ),,( FAC0037 )
COM0139,GESTÃO EM COMUNICAÇÃO,60,345,,,( FAC0040 )
COM0140,"POLÍTICAS DE COMUNICAÇÃO, SOCIEDADE E CIDADANIA",60,345,,,( ( DAP0011 E JOR0045 E JOR0063 E JOR0065 E DAP0101 E DAP0103 ) OU ( JOR0065 ) OU ( FAC0041 ) )
COM0146,PESQUISA EM OPINIÃO E MERCADO,60,345,,,( FAC0047 )
COM0147,"PLANEJAMENTO E GESTÃO EM ORG PÚBLICAS, PRIVADAS E DO TERCEIRO SETOR",120,345,,,( FAC0048 )
COM0148,FORMATAÇÃO E GERENCIAMENTO DE PROJETOS EM COMUNICAÇÃO,60,345,,,( FAC0049 )
COM0150,GESTÃO ESTRATÉGICA PARA A SOCIEDADE,60,345,,,( ( DAP0084 ) OU ( FAC0051 ) )
COM0153,PRÉ-PROJETO DE TCC,60,345,( ( COM0147 ) ),,( FAC0054 )
COM0203,INTRODUÇÃO AO PLANEJAMENTO,60,345,,,( COM0131 )
COM0204,TÉCNICAS DE JORNALISMO IMPRESSO E ONLINE,60,345,,,( COM0137 )
COM0206,"PLANEJAMENTO GRÁFICO, VISUAL E WEB",60,345,,,( COM0138 )
COM0207,TÉCNICAS DE JORNALISMO RÁDIO E TV,60,345,,,( COM0141 )
COM0208,INSTRUMENTOS DA COMUNICAÇÃO ORGANIZACIONAL,60,345,,,( COM0142 )
COM0209,PLANEJAMENTO E GESTÃO EM MARKETING,60,345,,,( COM0143 )
COM0210,CRIAÇÃO EM COMUNICAÇÃO E PUBLICIDADE,60,345,,,( COM0144 )
COM0211,"ROTEIRO, PRODUÇÃO E EDIÇÃO EM WRTV",60,345,,,( COM0145 )
COM0212,PLANEJAMENTO E GESTÃO EM WEB,60,345,,,( COM0149 )
COM0213,AVALIAÇÃO EM PROJETOS DE COMUNICAÇÃO,60,345,,,( COM0151 )
COM0214,ASSESSORIA E CONSULTORIA DE COMUNICAÇÃO,180,345,( COM0146 ),,
DAN0001,CHINA: QUESTÕES SÓCIO-CULTURAIS,60,481,( ( CEN0030 ) OU ( DAN0041 ) OU ( HIS0102 ) OU ( FCI0014 E DAN0022 ) ),,
DAN0006,ANTROPOLOGIA DA MORTE E DO MORRER,60,481,( ( CEN0030 ) OU ( DAN0041 ) OU ( HIS0102 ) OU ( FCI0014 E DAN0022 ) ),,
DAN0009,ANTROPOLOGIA LINGUÍSTICA,60,481,( ( CEN0030 ) OU ( DAN0041 ) OU ( HIS0102 ) OU ( FCI0014 E DAN0022 ) ),,
DAN0010,ETNOGRAFIA DAS INSTITUIÇÕES,60,481,( ( CEN0030 ) OU ( DAN0041 ) OU ( HIS0102 ) OU ( FCI0014 E DAN0022 ) ),,
DAN0015,ANTROPOLOGIA DA AMAZÔNIA,60,481,( ( CEN0030 ) OU ( DAN0041 ) OU ( HIS0102 ) OU ( FCI0014 E DAN0022 ) ),,
DAN0022,INTRODUÇÃO À ANTROPOLOGIA,60,481,,,
DAN0040,MÉTODOS E TÉCNICAS EM ANTROPOLOGIA SOCIAL,90,481,( ( FIL0077 E DAN0042 ) OU ( ELA0013 E DAN0042 ) OU ( FIL0077 ) OU ( ELA0013 ) OU ( ELA0013 E DAN0041 ) OU ( FIL0077 E DAN0041 ) ),,
DAN0041,TEORIA ANTROPOLÓGICA 1,60,481,( ( DAN0022 ) ),,
DAN0042,TEORIA ANTROPOLÓGICA 2,60,481,( ( DAN0022 E DAN0041 ) ),,
DAN0052,CULTURA E MEIO AMBIENTE,60,481,( ( CEN0030 ) OU ( PST0011 ) OU ( DAN0041 ) OU ( HIS0102 ) OU ( FCI0014 E DAN0022 ) ),,( DAN0051 )
DAN0054,ANTROPOLOGIA DA MÚSICA,60,481,( ( CEN0030 ) OU ( PST0011 ) OU ( DAN0041 ) OU ( HIS0102 ) OU ( FCI0014 E DAN0022 ) ),,
DAN0062,SOCIEDADES CAMPONESAS,60,481,( ( CEN0030 ) OU ( PST0011 ) OU ( DAN0041 ) OU ( HIS0102 ) OU ( FCI0014 E DAN0022 ) ),,
DAN0095,SEMINÁRIOS DE DIVULGAÇÃO CIENTÍFICA EM ANTROPOLOGIA,60,481,( DAN0042 ),,
DAN0104,LEITURAS ETNOGRÁFICAS I,60,481,( DAN0042 ),,
DAN0105,LEITURAS ETNOGRÁFICAS II,60,481,( DAN0042 ),,
DAP0008,ARGUMENTO E ROTEIRO,60,351,( ( DAP0096 E DAP0067 ) OU ( COM0129 E COM0145 ) OU ( DAP0096 E DAP0103 ) ),,( COM0024 )
DAP0011,CRIATIVIDADE EM PUBLICIDADE,60,351,( ( DAP0098 ) ),,( ( COM0130 E COM0133 E COM0135 E COM0138 E COM0140 E COM0144 ) OU ( COM0144 ) OU ( COM0025 ) OU ( DAP0009 ) OU ( DAP0010 ) OU ( COM0210 ) )
DAP0021,CINEMA BRASILEIRO,60,351,,,( ( DAP0155 ) OU ( COM0033 ) )
DAP0030,ADMINISTRAÇÃO PUBLICITÁRIA,30,351,( ( DAP0098 ) OU ( COM0132 E COM0138 ) ),,( ( COM0131 ) OU ( COM0046 ) OU ( DAP0029 ) )
DAP0042,DOCUMENTÁRIO 2,60,351,,,( COM0055 ) OU ( DAP0041 )
DAP0044,PESQUISA PUBLICITÁRIA,30,351,( ( DAP0098 ) ),,( ( COM0146 ) OU ( COM0056 ) OU ( DAP0043 ) )
DAP0055,FOTOGRAFIA E ILUMINACAO 2,30,351,( ( DAP0076 ) ),( DAP0093 E DAP0174 E DAP0175 E DAP0176 ),( ( DAP0112 ) OU ( DAP0113 ) OU ( DAP0114 ) OU ( COM0069 ) OU ( DAP0054 ) )
DAP0060,PUBLICIDADE E SOCIEDADE,60,351,( ( DAP0098 ) OU ( COM0129 E COM0132 ) ),,( ( DAP0002 ) OU ( DAP0007 ) OU ( COM0088 ) )
DAP0061,INTRODUCAO AS HISTORIAS EM QUADRINHOS,60,351,,,( COM0090 )
DAP0067,HISTORIA DO CINEMA,60,351,,,( ( DAP0151 ) OU ( COM0097 ) )
DAP0076,FOTOGRAFIA E ILUMINAÇÃO 1,30,351,( ( DAP0118 ) OU ( DAP0008 E DAP0103 ) OU ( DAP0008 E DAP0117 ) ),( DAP0105 E DAP0107 E DAP0108 E DAP0110 E DAP0111 ),( COM0105 ) OU ( DAP0074 ) OU ( DAP0075 )
DAP0079,INTRODUÇÃO A FOTOGRAFIA,60,351,,,( COM0107 )
DAP0084,COMUNICAÇÃO E SOCIEDADE,60,351,( ( JOR0045 ) ),,( ( COM0150 ) )
DAP0093,PRODUÇÃO 2,30,351,( ( DAP0108 ) ),( DAP0055 E DAP0174 E DAP0175 E DAP0176 ),( ( DAP0112 ) OU ( DAP0113 ) OU ( DAP0114 ) OU ( DAP0092 ) )
DAP0096,OFICINA BÁSICA DE AUDIOVISUAL,30,351,,,( ( COM0132 ) OU ( DAP0094 ) OU ( DAP0095 ) )
DAP0098,INTRODUÇÃO A PUBLICIDADE E PROPAGANDA,30,351,,,( ( COM0131 ) )
DAP0101,FUNDAMENTOS DE COMUNICAÇÃO VISUAL,60,351,,,( ( COM0129 ) OU ( COM0130 E COM0133 E COM0135 E COM0138 E COM0140 E COM0144 ) OU ( COM0138 ) OU ( FAC0024 ) )
DAP0103,LINGUAGENS CINEMATOGRÁFICA E AUDIOVISUAL,60,351,,,( ( COM0130 E COM0133 E COM0135 E COM0138 E COM0140 E COM0144 ) OU ( COM0135 ) )
DAP0104,TEORIA ESTÉTICA DO CINEMA E DO AUDIOVISUAL,60,351,( ( DAP0067 ) OU ( DAP0096 ) ),,
DAP0105,OFICINA DE ARGUMENTO E ROTEIRO,30,351,( ( DAP0008 ) OU ( DAP0117 ) ),( DAP0076 E DAP0107 E DAP0108 E DAP0110 E DAP0111 ),( ( DAP0037 ) OU ( DAP0087 ) )
DAP0107,DIREÇÃO,30,351,( ( DAP0008 E DAP0118 ) OU ( DAP0008 E DAP0117 ) ),( DAP0076 E DAP0105 E DAP0108 E DAP0110 E DAP0111 ),( ( DAP0025 ) OU ( DAP0078 ) OU ( DAP0106 ) )
DAP0108,PRODUÇÃO,30,351,( ( DAP0008 E DAP0118 ) OU ( DAP0008 E DAP0117 ) ),( DAP0076 E DAP0105 E DAP0107 E DAP0110 E DAP0111 ),( ( DAP0071 ) )
DAP0110,SOM 1,60,351,( ( DAP0118 ) OU ( DAP0008 E DAP0103 ) OU ( DAP0008 E DAP0117 ) ),( DAP0076 E DAP0105 E DAP0107 E DAP0108 E DAP0111 ),( ( DAP0003 ) OU ( DAP0020 ) OU ( DAP0109 ) )
DAP0111,EDIÇÃO E MONTAGEM,30,351,( ( DAP0008 E DAP0118 ) OU ( DAP0008 E DAP0117 ) ),( DAP0076 E DAP0105 E DAP0107 E DAP0108 E DAP0110 ),( ( DAP0053 ) OU ( DAP0073 ) )
DAP0115,PRÉ-PROJETO EM AUDIOVISUAL,60,351,( ( DAP0107 E DAP0108 E DAP0076 E DAP0110 E DAP0111 E DAP0105 ) E ( DAP0175 E DAP0176 E DAP0055 E DAP0093 E DAP0174 ) ),,
DAP0117,INTRODUÇÃO A LINGUAGEM SONORA,60,351,,,( ( DAP0031 ) OU ( DAP0068 ) )
DAP0118,"ROTEIRO, PRODUÇÃO E REALIZAÇÃO EM ÁUDIO",60,351,( ( DAP0117 ) OU ( COM0129 E COM0145 ) ),,( ( DAP0036 ) OU ( COM0145 ) )
DAP0120,FOTOGRAFIA PUBLICITÁRIA,60,351,( ( DAP0079 ) OU ( COM0129 E COM0132 ) ),,
DAP0123,MARKETING EM PUBLICIDADE E PROPAGANDA,90,351,( ( DAP0098 ) ),,( ( DAP0005 ) OU ( DAP0026 ) OU ( DAP0121 ) OU ( DAP0122 ) )
DAP0124,REDAÇÃO PUBLICITÁRIA,60,351,( ( DAP0098 ) OU ( COM0128 E COM0132 ) ),,( ( DAP0014 ) OU ( JOR0052 ) )
DAP0125,DIREÇÃO DE ARTE EM ARTES GRÁFICAS,60,351,( ( DAP0098 ) OU ( COM0132 E COM0138 ) ),,
DAP0126,PLANEJAMENTO PUBLICITÁRIO,60,351,( ( DAP0098 E DAP0123 ) OU ( COM0131 E COM0132 E COM0128 ) ),,( ( DAP0062 ) OU ( COM0134 ) )
DAP0128,LABORATÓRIO EM PUBLICIDADE E PROPAGANDA,240,351,( ( DAP0124 E DAP0125 E DAP0126 E DAP0127 E DAP0064 ) ),,
DAP0130,PRÉ-PROJETO EM PUBLICIDADE E PROPAGANDA,60,351,( ( DAP0124 E DAP0125 E DAP0126 E DAP0064 E DAP0127 ) ),,
DAP0143,TÓPICOS ESPECIAIS EM COMUNICAÇÃO 3,60,351,,,( DAP0142 )
DAP0145,TÓPICOS ESPECIAIS EM COMUNICAÇÃO 4,60,351,,,( DAP0144 )
DAP0149,DIREÇÃO DE ATORES,60,351,( ( DAP0096 ) ),,( DAP0148 )
DAP0154,DOCUMENTÁRIO 1,30,351,,,( DAP0152 ) OU ( DAP0153 )
DAP0158,PRODUÇÃO PUBLICITÁRIA AUDIOVISUAL,60,351,( ( DAP0125 E DAP0124 E DAP0126 E DAP0172 ) ),,( ( DAP0031 ) )
DAP0164,TÓPICOS ESPECIAIS EM COMUNICAÇÃO 7,30,351,,,( DAP0163 )
DAP0170,LEGISLAÇÃO E REGULAMENTAÇÃO DE PUBLICIDADE E PROPAGANDA,60,351,( ( JOR0062 ) ),,
DAP0171,"LEGISLAÇÃO, DESENVOLVIMENTO E PRODUÇÃO DE PROJETOS",30,351,( ( DAP0174 E DAP0093 E DAP0175 ) ),,
DAP0172,MÍDIA E GERENCIAMENTO DE CONTAS,60,351,( ( JOR0045 E DAP0098 ) OU ( COM0128 E COM0132 ) ),,( ( DAP0064 E DAP0127 ) )
DAP0174,SOM 2,30,351,( ( DAP0110 ) ),( DAP0055 E DAP0093 E DAP0175 E DAP0176 ),( ( DAP0112 ) OU ( DAP0113 ) OU ( DAP0114 ) )
DAP0175,DIREÇÃO EM AUDIOVISUAL 2,60,351,( ( DAP0107 ) ),( DAP0055 E DAP0093 E DAP0174 E DAP0176 ),( ( DAP0112 ) OU ( DAP0113 ) OU ( DAP0114 ) )
DAP0176,EDIÇÃO E MONTAGEM 2,60,351,( ( DAP0111 ) ),( DAP0055 E DAP0093 E DAP0174 E DAP0175 ),( ( DAP0112 ) OU ( DAP0113 ) OU ( DAP0114 ) )
DEG0236,QUÍMICA MEDICINAL,60,130,,,
DEX0199,ATIVIDADE DE EXTENSÃO,60,158,,,
DEX1108,CONSTRUÇÃO DE PROJETOS SOCIAIS MULTIDISCIPLINARES,60,158,,,( DEX0216 )
DIN0003,FUNDAMENTOS DA LÍNGUAGEM APLICADOS AO DESIGN,60,660,,,
DIN0004,FOTOGRAFIA,60,660,,,
DIN0006,TÓPICOS ESPECIAIS EM DESIGN,60,660,,,
DIN0011,EXPRESSAO,60,660,,,( FAU0010 ) OU ( VIS0068 )
DIN0012,ANALISE GRAFICA 1,60,660,,,
DIN0013,ANALISE GRAFICA 2,60,660,( ( DIN0012 ) ),,
DIN0020,HISTORIA DA ARTE E DA TECNOLOGIA,60,660,,,
DIN0023,METODOLOGIA DO PROJETO,60,660,,,
DIN0034,ESTUDO DA FORMA,60,660,,,
DIN0037,DESENHO APLICADO 1,90,660,,,
DIN0039,PROJETO DE PRODUTO 1,90,660,( ( DIN0023 ) ),,
DIN0040,PROGRAMACAO VISUAL 1,90,660,( ( DIN0023 ) ),,
DIN0041,PROGRAMACAO VISUAL 2,90,660,( ( DIN0040 ) ),,
DIN0042,PROGRAMACAO VISUAL 3,90,660,( ( DIN0041 ) ),,
DIN0043,PROJETO DE PRODUTO 2,90,660,( ( DIN0039 ) ),,
DIN0044,PROJETO DE PRODUTO 3,90,660,( ( DIN0043 ) ),,
DIN0045,DESENHO APLICADO 2,90,660,( ( DIN0037 ) ),,
DIN0046,OFICINA DE MODELOS E MAQUETE,60,660,,,
DIN0047,FOTOGRAFIA E VIDEO,60,660,,,
DIN0049,INTRODUCAO AO DESIGN,60,660,,,
DIN0050,MATERIAIS E PROCESSOS GRAFICOS,90,660,,,
DIN0051,PROJETO DE PRODUTO 4,90,660,( ( DIN0044 ) ),,
DIN0052,PROGRAMACAO VISUAL 4,90,660,( ( DIN0042 ) ),,
DIN0059,ESTUDOS DIRIGIDOS EM DESIGN 1,30,660,,,
DIN0061,ESTUDOS DIRIGIDOS EM DESIGN 2,30,660,,,
DIN0063,ESTUDOS DIRIGIDOS EM DESIGN 3,30,660,,,
DIN0078,TRABALHO DE CONCLUSÃO DE CURSO 1 - TCC1,30,660,( DIN0042 OU DIN0044 ),,( DIN0068 OU DIN0069 OU DIN0072 )
DIN0110,TÓPICOS ESPECIAIS EM DESIGN 2,60,660,,,
DIN0112,TÓPICOS ESPECIAIS EM DESIGN 4,60,660,,,
DPG0022,TEORIA QUÂNTICA 1,90,170,,,
DPG0094,PROJETO E COMPLEXIDADE DE ALGORITMOS,60,170,,,
DPG0121,QUÍMICA INORGÂNICA AVANÇADA,60,610,,,
DPG0168,MODELAGEM DE SISTEMAS DE POTÊNCIA,60,170,,,
DPG0190,"FUNDAMENTOS EM DESIGN, CULTURA E MATERIALIDADE",60,170,,,
DPG0227,INTRODUÇÃO À PROBABILIDADE E APLICAÇÕES,75,170,,,
DPG0248,COMPORTAMENTO MECÂNICO DOS SÓLIDOS,60,170,,,
DPG0268,PROCESSAMENTO DE IMAGENS,60,443,,,
DPG0277,METALURGIA FÍSICA,60,170,,,
DPG0310,MECÂNICA DA FRATURA,60,449,,,
DPG0315,MECÂNICA DOS SÓLIDOS AVANÇADA,60,170,,,( DPG0787 ) OU ( DPG0578 ) OU ( DPG0715 ) OU ( DPG0177 )
DPG0324,TÓPICOS ESPECIAIS 1 EM CIÊNCIAS MECÂNICAS,60,170,,,
DPG0338,TEORIA DA LINGUAGEM POÉTICA,60,170,,,
DPG0394,BARRAGENS,30,170,,,
DPG0433,VIBRAÇÕES MECÂNICAS,60,170,,,
DPG0434,CONTROLE DE SISTEMAS MECÂNICOS,60,170,,,
DPG0438,COMPORTAMENTO ORGANIZACIONAL,60,170,,,
DPG0488,CIDADES NOVAS,60,170,,,
DPG0508,CIBERNÉTICA E APRENDIZAGEM DE MÁQUINAS,60,170,,,
DPG0528,ECONOMIA DA INOVAÇÃO: VISÃO GERAL E CONTRIBUIÇÕES ATUAIS,60,170,,,
DPG0635,MECÂNICA DOS MATERIAIS COMPÓSITOS,60,130,,,
DPG0648,MÉTODOS NUMERICOS EM GEOTECNIA,30,170,,,( DPG0647 )
DPG0704,FILOSOFIA E LITERATURA,60,170,,,
DPG0712,TÓPICOS ESPECIAIS EM PSICOLOGIA SOCIAL 2,30,170,,,
DPG0713,INFERÊNCIA ESTATÍSTICA,60,170,,,
DPG0723,ESTATÍSTICA,60,170,,,( DPG0936 )
DPG0765,ENGENHARIA DE SOFTWARE 1,60,170,,,
DPG0782,ENERGIA E AMBIENTE,60,170,,,
DPG0786,PROCESSOS ESTOCÁSTICOS,60,170,,,
DPG0789,TERMINOLOGIA E TRADUÇÃO,60,170,,,
DPG0796,GEOLOGIA DE ISOTOPOS RADIOGENICOS,60,170,,,( DPG0347 )
DPG0805,DINAMICA DOS FLUÍDOS NÃO-NEWTONIANOS,60,130,,,
DPG0849,FADIGA MULTIAXIAL,60,170,,,
DPG0870,"ESTUDOS ESPECIAIS EM TEORIA, HISTÓRIA E CRÍTICA 2",60,170,,,( DPG0288 ) OU ( DPG1091 )
DPG0878,MÉTODOS ESTATÍSTICOS EM GEOTECNIA,30,170,,,
DPG0934,MODELAGEM EM TRANSPORTES,30,170,,,
DPG1063,COMUNICAÇÕES MÓVEIS,60,170,,,
DPG1120,INSTRUMENTAÇÃO BIOMÉDICA,60,170,,,
DPG1126,POÉTICAS DA ORALIDADE,60,170,,,
DPG1128,MECÂNICA DO CONTATO COMPUTACIONAL,60,170,,,
DPG1147,PROJETO AMBIENTAL INTEGRADO,60,170,,,
DPG1148,ESTUDOS INTERLABORATORIAIS 1,60,170,,,
DPG1169,URBANISMO SUSTENTÁVEL,60,170,,,
DPG1236,HIDRODINÂMICA DE FLUÍDOS MAGNÉTICOS,60,170,,,
DPG1239,TÓPICOS ESPECIAIS EM PSICOLOGIA CLÍNICA E CULTURA A,60,170,,,
DPG1258,FUNDAMENTOS DE ELETROMAGNETISMO,60,170,,,
DPG1270,PATOLOGIA DAS ESTRUTURAS,60,170,,,
DPG1297,REDES DE COMUNICAÇÃO MÓVEL,60,170,,,
DPG1301,CONSERVAÇÃO DO PATRIMÔNIO MODERNO,60,170,,,
DPG1336,PEDAGOGIAS EM ARQUITETURA E URBANISMO,60,170,,,
DPG1346,TÓPICOS ESPECIAIS 2 EM CIÊNCIAS MECÂNICAS,60,170,,,
DPG1355,"BRASÍLIA: ARQUITETURA, HISTÓRIA E CRÍTICA",60,170,,,
DPG1356,ASSESSORIA SOCIOTÉCNICA EM COMUNIDADE,60,170,,,
DPG1392,ALGEBRAS DE LIE,75,170,,,
DPG1393,INTRODUÇÃO À GEOMETRIA DAS SUBVARIEDADES,75,170,,,
DPG1394,INTELIGÊNCIA CIBERNÉTICA,60,170,,,
DPG1395,LINGUAGEM INTERAÇÃO E PRÁTICAS SOCIOCULTURAIS,45,170,,,
DPG1396,INTRODUÇÃO A FÍSICA DE MUITOS CORPOS,90,170,,,
DPG1397,LITERATURA E GÊNESE,60,170,,,
DPG1398,MODELAGEM COMPUTACIONAL DE PROBLEMAS FLUIDO-ESTRUTURA,60,170,,,
DPG1399,ESPECTROSCOPIA ATÔMICA,60,170,,,
DPG1400,QUÍMICA DE PRODUTOS NATURAIS,90,170,,,
DPG1401,"SEMINÁRIO DE PESQUISA EM EDUCAÇÃO, TECNOLOGIAS E COMUNICAÇÃO I",60,170,,,
DPG1402,MATERIALISMO HISTÓRICO-DIALÉTICO E EDUCAÇÃO,60,170,,,
DPG1403,"SEMINÁRIO AVANÇADO DA LINHA 1: TEORIA, CRÍTICA E HISTÓRIA DA TRADUÇÃO",60,170,,,
DPG1404,TÓPICOS EM TELECOMUNICAÇÕES E REDES DE COMUNICAÇÃO,60,170,,,
DPG1405,REDES ELÉTRICAS INTELIGENTES,60,170,,,
DPG1406,TÓPICOS EM SEGURANÇA CIBERNÉTICA 3,60,170,,,
DPG1407,TÓPICOS ESPECIAIS EM EDUCAÇÃO FÍSICA E ESPORTE,60,170,,,
DPG1408,METALOGENIA DO OURO,60,170,,,
DPG1409,ANÁLISE TECTÔNICA DE BACIAS SEDIMENTARES,90,170,,,
DPG1410,SOCIOLOGIA DOS INTELECTUAIS,60,170,,,
DPG1411,FÍSICO-QUÍMICA ORGANICA,60,170,,,
DSC0003,SAÚDE INDÍGENA,60,420,,,
DSC0007,INTRODUCAO A BIOETICA,30,420,,,( ODT0021 )
DSC0010,INFORMAÇÃO E INFORMÁTICA EM SAÚDE,60,420,,,
DSC0016,EDUCAÇÃO EM SAÚDE,60,420,,,( ( DSC0012 ) OU ( DSC0013 ) OU ( DSC0014 ) OU ( DSC0015 ) )
DSC0020,EPIDEMIOLOGIA GERAL,60,420,( ( DSC0011 ) OU ( NUT0017 ) OU ( NUT0054 ) OU ( FMD0095 ) OU ( ENF0057 ) ),,( ( FCE0187 E FCE0206 ) OU ( FMD0398 ) OU ( DSC0019 ) )
DSC0025,AMBIENTE SAÚDE E TRABALHO,60,420,( ( DSC0020 ) OU ( FCE0187 ) ),,( DSC0021 ) OU ( DSC0022 ) OU ( DSC0023 ) OU ( DSC0024 )
DSC0037,PRATICAS DE SAUDE,60,420,,,( DSC0034 ) OU ( DSC0035 ) OU ( DSC0036 )
DSC0038,SAUDE FAMILIAR,60,420,,,( ( FCE0277 ) )
DSC0043,SAUDE MENTAL EM SAUDE COLETIVA,45,420,,,
DSC0049,LABORATÓRIO DA ANTROPOLOGIA DA SAÚDE E DA DOENÇA,60,420,( ( DSC0011 ) OU ( DAN0022 ) OU ( DSC0057 ) ),,( DSC0047 ) OU ( DSC0048 )
DSC0050,POLÍTICAS PÚBLICAS EM SAÚDE,60,420,,,
DSC0051,DEMOGRAFIA E BIOESTATÍSTICA,60,420,,,
DSC0052,FUNDAMENTOS BIOLÓGICOS EM SAÚDE COLETIVA,60,420,,,
DSC0055,SAÚDE MENTAL E BEM-ESTAR NO TRABALHO,60,420,,,( DSC0054 )
DSC0056,COMUNICAÇÃO EM SAÚDE,60,420,,,
DSC0057,CIÊNCIAS SOCIAIS EM SAÚDE,60,420,,,( ( FCE0188 ) )
DSC0058,FUNDAMENTOS BIOLÓGICOS EM SAÚDE COLETIVA 2,60,420,( ( DSC0052 ) ),,
DSC0060,SEMINÁRIOS INTEGRADOS EM SAÚDE COLETIVA 1,30,420,,,
DSC0061,FUNDAMENTOS BIOLÓGICOS EM SAÚDE COLETIVA 3,60,420,( ( DSC0052 E DSC0058 ) ),,
DSC0062,PRÁTICAS INTEGRADAS EM SAÚDE COLETIVA 1,60,420,( ( DSC0060 ) ),,
DSC0063,DIREITO SANITÁRIO E LEGISLAÇÃO,30,420,,,
DSC0065,GESTÃO ESTRATÉGICA PARTICIPAÇÃO E CONTROLE SOCIAL EM SAÚDE,60,420,( ( DSC0050 E DSC0063 E DSC0038 ) ),,
DSC0067,PRÁTICAS INTEGRADAS EM SAÚDE 2,60,420,( ( DSC0076 ) ),,
DSC0069,EPIDEMIOLOGIA PARA A GESTÃO 3 VIGILÂNCIA EM SAÚDE,60,420,( ( DSC0061 ) E ( DSC0095 OU FCE0206 ) ),,( ( FCE0325 ) )
DSC0070,MONITORAMENTO E AVALIAÇÃO EM SAÚDE,60,420,,,( FCE0332 )
DSC0072,GESTÃO DO TRABALHO E EDUCAÇÃO PERMANENTE NA SAÚDE,60,420,,,
DSC0073,TECNOLOGIAS PARA INFORMAÇÃO COMUNICAÇÃO EM SAÚDE,60,420,,,
DSC0075,GESTÃO E PROMOÇÃO DA SAÚDE,60,420,( ( DSC0050 ) ),,( ( FCE0236 ) )
DSC0076,SEMINÁRIO INTEGRADOR EM SAÚDE COLETIVA 2,30,420,( ( DSC0062 ) ),,
DSC0078,SEMINÁRIO INTEGRADOR EM SAÚDE COLETIVA 3,45,420,( ( DSC0067 ) ),,( DSC0077 )
DSC0079,GESTÃO DE SISTEMAS E SERVIÇOS DE SAÚDE,60,420,( ( ADM0023 E DSC0050 E DSC0063 ) ),,
DSC0086,SAÚDE INTERNACIONAL - TÓPICOS ESPECIAIS EM SAÚDE COLETIVA,60,420,,,
DSC0090,EXTENSÃO EM SAÚDE,60,420,,,
DSC0092,PLANEJAMENTO E PROGRAMAÇÃO EM SAÚDE,60,420,FCE0278 OU DSC0050,,FCE0326
DSC0093,EPIDEMIOLOGIA DESCRITIVA,60,420,,,FCE0187
DSC0094,TERAPIAS COMUNITÁRIAS E PRÁTICAS INTEGRATIVAS,30,420,,,
DSC0095,EPIDEMIOLOGIA ANALÍTICA,60,420,( DSC0093 ) OU ( FCE0187 ),,FCE0206
DSC0096,ECONOMIA DA SAÚDE,60,420,( FCE0206 OU DSC0095 ),,( FCE0323 )
DSC0099,TRABALHO DE CONCLUSÃO DE CURSO 1,60,420,( DSC0067 ),,
DSC0151,ANÁLISE DE POLÍTICAS DE SAÚDE I,45,420,( DSC0050 ),,
DSC0154,EXTENSÃO EM HUMANIDADES E SAÚDE,60,420,,,
DSC0156,EXTENSÃO EM PLANEJAMENTO E GESTÃO EM SAÚDE,60,420,,,
DSC0164,PRÁTICAS SUPERVISIONADAS EM SAÚDE COLETIVA II,60,420,( DSC0146 ),,
DSC0167,PRÁTICAS SUPERVISIONADAS EM SAÚDE COLETIVA III,60,420,( DSC0085 ),,
DSC0171,TRABALHO DE CONCLUSÃO DE CURSO EM SAÚDE COLETIVA 2,45,420,( DSC0099 E DSC0168 ),,
DSC0172,VIGILÂNCIA EPIDEMIOLÓGICA PARTICIPATIVA,30,420,,,
ECL0010,CONSERVAÇÃO DE RECURSOS NATURAIS,60,455,( ( EFL0083 E EFL0004 ) OU ( EFL0147 E EFL0004 ) ),,( ICB0119 )
ECL0013,LIMNOLOGIA,60,455,( ( ECL0002 ) OU ( ECL0042 ) OU ( EFL0004 ) OU ( ECL0033 ) ),,( ICB0125 ) OU ( ECL0012 )
ECL0014,CIENCIAS DO AMBIENTE,30,455,,,( ( FGA0161 ) OU ( ICB0126 ) )
ECL0017,METODOS EM BIOLOGIA 1,30,455,,,( ICB0129 ) OU ( ICB0130 ) OU ( ECL0016 )
ECL0033,ECOLOGIA 1,60,455,,,( ( ECL0030 E ECL0039 ) OU ( ECL0032 ) )
ECL0036,EDUCAÇÃO AMBIENTAL,60,455,,,( ECL0035 )
ECL0039,ECOLOGIA BÁSICA,30,455,,,
ECL0041,TÓPICOS EM ECOSSISTEMAS DO CERRADO,30,455,( ( ECL0043 ) OU ( ECL0033 ) OU ( EFL0004 ) ),,( ECL0040 )
ECL0042,MEIO AMBIENTE FÍSICO E ECOSSISTEMAS,60,455,,,
ECL0043,ECOLOGIA DE POPULAÇÕES E COMUNIDADES,60,455,( ( ECL0042 ) OU ( ECL0033 ) ),,
ECL0045,ECOLOGIA DO FOGO NO CERRADO,60,455,,,
ECL0049,BIOLOGIA E ECOLOGIA DE PEIXES,60,455,( ( ECL0002 ) OU ( ECL0033 ) OU ( ECL0039 ) OU ( ECL0014 ) OU ( ECL0043 ) OU ( ECL0013 ) OU ( ECL0042 ) OU ( ZOO0017 ) OU ( FUP0523 ) OU ( FUP0302 ) ),,
ECL0050,ECOLOGIA E TURISMO,60,455,,,
ECL0051,DELINEAMENTO EXPERIMENTAL E ANÁLISE DE DADOS,30,455,( ( ECL0017 ) ),,
ECL0055,ECOLOGIA DA PAISAGEM E CONSERVAÇÃO,60,455,( ( ZOO0048 ) OU ( ECL0017 ) OU ( GEA0019 ) OU ( ECL0042 ) ),,
ECL0058,MANEJO DE ECOSSISTEMAS,30,455,,,
ECL0115,ECOLOGIA DE INSETOS,60,455,,,
ECO0002,TÓPICOS ESPECIAIS EM ECONOMIA REGIONAL E URBANA,60,548,( ( ECO0019 ) ),,
ECO0006,LABORATÓRIO DE ECONOMETRIA,60,548,( ( ECO0054 ) ),,
ECO0010,ANÁLISE DE INSUMO-PRODUTO,60,548,( ( ECO0050 ) OU ( ECO0003 ) ),,( ECO0009 )
ECO0019,INTRODUÇÃO À ECONOMIA,60,548,,,( ECO0018 ) OU ( FDD0193 )
ECO0021,HISTÓRIA ECONÔMICA GERAL,60,548,( ( ECO0019 ) ),,( ECO0020 )
ECO0023,FORMAÇÃO ECONÔMICA DO BRASIL,60,548,( ( ECO0019 ) ),,( ECO0022 )
ECO0025,HISTORIA DO PENSAMENTO ECONOMICO,60,548,( ( ECO0185 E ECO0218 E ECO0189 ) ),,( ECO0024 )
ECO0036,TEORIA DO CRESCIMENTO,60,548,( ( ECO0126 ) OU ( ECO0099 ) ),,( ECO0035 )
ECO0040,ECONOMIA INTERNACIONAL,60,548,( ( ECO0189 ) ),,( ( ECO0191 ) OU ( ECO0037 ) OU ( ECO0038 ) OU ( ECO0039 ) )
ECO0050,CONTABILIDADE NACIONAL,60,548,( ( ECO0019 ) ),,( ECO0049 )
ECO0054,ECONOMETRIA,60,548,( ( ECO0128 ) ),,( ECO0053 )
ECO0056,ECONOMIA QUANTITATIVA 2,60,548,( ( ECO0187 ) ),,( ECO0055 )
ECO0072,ECONOMIA BRASILEIRA,60,548,( ( ECO0019 ) ),,( ECO0071 )
ECO0079,ANALISE DE PROJETOS,60,548,( ( ECO0126 ) ),,( ECO0078 )
ECO0099,MACROECONOMIA 1,60,548,( ( ECO0050 E ECO0126 ) ),,( ECO0098 )
ECO0114,TECNICAS DE PESQUISA ECONOMICA,60,548,( ( ECO0128 E ECO0189 ) ),,( ( ECO0130 ) OU ( ECO0113 ) )
ECO0124,ECONOMIA POLITICA 1,60,548,( ( ECO0218 ) ),,( ECO0123 )
ECO0126,MICROECONOMIA 1,60,548,( ( ECO0187 E ECO0218 ) ),,( ( ECO0027 ) OU ( ECO0125 ) )
ECO0128,INTRODUCAO A ECONOMETRIA,60,548,( ( ECO0197 ) OU ( EST0023 ) ),,( ( EST0063 ) OU ( ECO0127 ) )
ECO0134,ECONOMIA INDUSTRIAL,60,548,( ( ECO0185 ) ),,( ECO0133 )
ECO0141,ECONOMIA DO SETOR PUBLICO,60,548,( ( ECO0189 ) ),,( ECO0140 )
ECO0143,FORMACAO ECONOMICA DA AMERICA LATINA,60,548,( ( ECO0023 ) ),,( ECO0142 )
ECO0159,ECONOMIA DO BRASIL CONTEMPORANEO,60,548,( ( ECO0023 E ECO0189 ) ),,( ( ECO0157 ) OU ( ECO0158 ) )
ECO0185,MICROECONOMIA 2,60,548,( ( ECO0126 ) ),,( ECO0184 )
ECO0187,ECONOMIA QUANTITATIVA 1,60,548,( ( MAT0025 E ECO0019 ) ),,( ( MAT0027 E MAT0031 ) OU ( ECO0186 ) )
ECO0189,MACROECONOMIA 2,60,548,( ( ECO0099 E ECO0187 ) ),,( ECO0188 )
ECO0194,ECONOMIA MONETARIA,60,548,( ( ECO0189 ) ),,( ECO0192 ) OU ( ECO0193 )
ECO0199,TEORIA DO DESENVOLVIMENTO ECONOMICO,60,548,( ( ECO0099 ) ),,( ECO0198 )
ECO0216,TOPICOS ESPECIAIS EM ANALISE ECONOMICA,60,548,( ( ECO0185 ) ),,( ECO0212 ) OU ( ECO0213 ) OU ( ECO0214 ) OU ( ECO0215 )
ECO0218,EVOLUCAO DAS IDEIAS ECONOMICAS SOCIAIS,60,548,( ( ECO0019 ) ),,( ECO0217 )
ECO0232,TEORIA DO CRESCIMENTO ECONOMICO,60,548,( ( ECO0099 ) ),,( ECO0231 )
ECO0258,SEMINÁRIOS - VISÕES EM CIÊNCIAS AMBIENTAIS,30,548,,,( ECO0257 )
ECO0261,PLANEJAMENTO PÚBLICO E MEIO AMBIENTE,60,548,( ( ECO0272 ) OU ( ECO0126 ) ),,
ECO0262,ECONOMIA AMBIENTAL E ECOLÓGICA,60,548,( ( ECO0272 ) OU ( ECO0126 ) ),,
ECO0266,ECONOMIA DA POLÍTICA AMBIENTAL,60,548,( ( CDS0010 ) OU ( ECO0126 ) ),,
ECO0268,ANÁLISE CUSTO BENEFÍCIO AMBIENTAL DE PROJETOS,60,548,( ( ECO0272 ) OU ( ECO0126 ) ),,( ECO0267 )
ECO0272,MICROECONOMIA AMBIENTAL,60,548,( ( MAT0022 ) OU ( MAT0025 ) ),,( ECO0271 )
ECO0273,ECONOMIA DO SETOR EXTERNO E MEIO AMBIENTE,60,548,,,
ECO0275,INSTRUMENTO DE POLÍTICA AMBIENTAL,60,548,( ( ECO0262 ) OU ( ECO0126 ) ),,
ECO0279,ECONOMIA E DEMOCRACIA,60,548,( ECO0099 ),,
ECO0282,TÓPICOS ESPECIAIS EM MICROECONOMIA,60,548,( ECO0126 ),,
ECO0284,TÓPICOS ESPECIAIS EM MACROECONOMIA,60,548,( ECO0099 ),,
EFL0001,MANEJO DE VEGETAÇÃO NATIVA,60,433,( ( EFL0050 ) ),,
EFL0003,PLANEJAMENTO DE INVENTÁRIO FLORESTAL,60,433,( ( EFL0050 ) ),,
EFL0004,ECOLOGIA FLORESTAL,60,433,( ( ICB0098 E ECL0039 ) OU ( BOT0021 E ECL0039 ) OU ( BOT0044 E ECL0039 ) ),,( ICB0124 ) OU ( ECL0011 )
EFL0013,COLHEITA E TRANSPORTE FLORESTAL,60,433,( ( EFL0034 ) E ( FAV0152 ) E ( EFL0100 OU IGD0027 ) ),,( EFL0012 )
EFL0014,INCENDIOS FLORESTAIS,30,433,( EFL0013 E EFL0095 E EFL0050 ),,
EFL0020,ESTRUTURAS DE MADEIRAS,60,433,( ( EFL0026 ) ),,
EFL0021,SEMENTES E VIVEIROS FLORESTAIS,60,433,( ( BOT0008 ) ),,
EFL0025,MANEJO DE FAUNA,60,433,( ( EFL0010 E EFL0004 ) OU ( ZOO0017 ) ),,( EFL0024 )
EFL0026,SECAGEM E PRESERVACAO DE MADEIRAS,60,433,( ( EFL0049 ) ),,
EFL0029,DASONOMIA,60,433,( ( FAV0148 ) OU ( FAV0274 ) ),,( EFL0028 )
EFL0033,DENDROMETRIA,60,433,( EFL0051 OU EFL0150 ),,( EFL0032 )
EFL0034,ECONOMIA FLORESTAL,60,433,( ( EFL0010 OU EFL0160 ) E ( MAT0022 ) ),,
EFL0040,DENDROLOGIA,60,433,( BOT0021 E EFL0010 ) OU ( ICB0098 E EFL0010 ) OU ( ( EFL0010 OU EFL0160 ) E ( BOT0044 ) ),,( EFL0039 )
EFL0044,TECNOLOGIA DE PRODUTOS FLORESTAIS,60,433,( ( EFL0049 ) ),,
EFL0047,MANEJO E ADMINISTRACAO DE AREAS SILVESTRES,60,433,( ( EFL0004 ) ),,
EFL0049,TECNOLOGIA DA MADEIRA,60,433,( ( BOT0006 ) E ( EST0027 ) E ( EFL0010 OU EFL0160 ) ),,( EFL0048 )
EFL0050,INVENTARIO FLORESTAL,60,433,( ( EFL0033 E EFL0040 E GEA0030 ) OU ( EFL0033 E EFL0040 E EFL0100 ) ),,
EFL0055,MANEJO FLORESTAL,60,433,( EFL0050 E EFL0034 E EFL0095 ),,( EFL0052 ) OU ( EFL0053 ) OU ( EFL0054 )
EFL0063,PROJETO PARA TRABALHO FINAL,60,433,( ( EFL0051 OU EFL0150 ) E ( EFL0034 ) ) OU ( ( EFL0051 OU EFL0150 ) E ( EFL0049 ) ) OU ( ( EFL0051 OU EFL0150 ) E ( EFL0033 ) ),,( EFL0060 ) OU ( EFL0061 ) OU ( EFL0062 )
EFL0065,COMERCIALIZAÇÃO DE PRODUTOS FLORESTAIS,60,433,( ( EFL0044 E EFL0034 ) ),,( EFL0064 )
EFL0070,PROCESSAMENTO MECÂNICO DA MADEIRA,30,433,( ( EFL0044 ) ),,( EFL0069 )
EFL0078,DISPERSAO E GERMINACAO DE SEMENTES FLORESTAIS,60,433,( ( BOT0008 E EFL0021 ) ),,
EFL0089,FERTILIDADE DO SOLO E NUTRIÇÃO DE PLANTAS,60,433,( ( EFL0083 OU EFL0147 ) OU ( FAV0148 ) ),,( EFL0086 ) OU ( EFL0087 ) OU ( EFL0088 )
EFL0090,"MÓVEIS, DESIGN E EQUIPAMENTOS",30,433,( ( EFL0049 ) ),,
EFL0095,SISTEMAS E PRÁTICAS SILVICULTURAIS,60,433,( FAV0152 E EFL0021 E EFL0089 E GEA0011 ),,( EFL0094 )
EFL0099,SILVICULTURA CLONAL,60,433,( ( EFL0011 ) OU ( EFL0144 ) ),,
EFL0100,SISTEMA DE INFORMAÇÃO GEOGRÁFICA APLICADO À CIÊNCIA FLORESTAL,60,433,( ( IGD0043 ) OU ( IGD0207 E IGD0183 E ENC0053 ) ),,
EFL0137,MANEJO DE BACIAS HIDROGRÁFICAS,60,433,( ( GEA0011 ) E ( EFL0004 ) E ( EFL0051 OU EFL0150 ) ),,( EFL0023 )
EFL0139,RECUPERAÇÃO DE ECOSSISTEMAS FLORESTAIS DEGRADADOS,60,433,( EFL0095 E EFL0004 ),,( EFL0097 )
EFL0140,GESTÃO DE EMPREENDIMENTOS FLORESTAIS,60,433,( EFL0034 ),,( EFL0043 )
EFL0142,BIOMASSA COMO FONTE DE ENERGIA,60,433,( EFL0044 ),,( EFL0068 )
EFL0143,SISTEMAS AGROFLORESTAIS,30,433,( EFL0095 ),,( EFL0002 )
EFL0144,GENÉTICA E MELHORAMENTOS FLORESTAL,60,433,( ( BOT0008 ) E ( EFL0051 OU EFL0150 ) ),,( EFL0011 )
EFL0145,"LEGISLAÇÃO, PERÍCIA E AVALIAÇÃO DE IMPACTOS AMBIENTAIS",60,433,( EFL0050 ),,( EFL0036 )
EFL0147,FUNDAMENTOS DE CIÊNCIA DO SOLO,60,433,( IQD0118 ),,( EFL0083 )
EFL0150,MÉTODOS ESTATÍSTICOS APLICADOS A CIÊNCIA FLORESTAL,60,433,( EST0027 ),,( EFL0051 )
EFL0160,ENGENHARIA FLORESTAL - ATUAÇÃO E ÉTICA,15,433,,,( EFL0010 )
EFL0164,TÓPICOS EM MANEJO FLORESTAL,60,433,( EFL0050 ),,
EFL0165,TÓPICOS EM CONSERVAÇÃO DA NATUREZA,60,433,( EFL0004 ),,
EFL0166,TÓPICOS EM TECNOLOGIA DE PRODUTOS FLORESTAIS,60,433,( EFL0026 ),,
EFL0179,MANEJO E CONSERVAÇÃO DO SOLO E DA ÁGUA EM SISTEMAS FLORESTAIS,60,433,( ( EFL0147 ) ),,
EFL0187,COMPÓSITOS LIGNOCELULÓSICOS,30,433,( EFL0049 OU ENC0255 OU ENC0229 ),,
ELA0001,TÓPICOS ESPECIAIS DE METODOLOGIA QUALITATIVA 1,60,479,,,
ELA0013,INTRODUÇÃO À METODOLOGIA DAS CIÊNCIAS SOCIAIS,60,479,( ( SOL0042 ) ),,( SOL0036 )
ELA0014,CIÊNCIAS SOCIAIS LATINO-AMERICANAS 1,60,479,ELA0117,,
ELA0015,"SOCIEDADE, CULTURA E POLÍTICA",60,479,( ELA0117 ),,( ELA0012 )
ELA0016,CULTURA E IDENTIDADE,60,479,( ELA0117 ),,( ELA0003 )
ELA0020,GLOBALIZAÇÃO E REGIONALIZAÇÃO,60,479,( ELA0117 ),,
ELA0021,PENSAMENTO SOCIAL E POLÍTICO,60,479,( ELA0117 ),,( ELA0008 )
ELA0027,TÓPICOS ESPECIAIS EM CIÊNCIAS SOCIAIS LATINO-AMERICANAS 2,60,479,( ELA0117 ),,
ELA0031,CIÊNCIAS SOCIAIS LATINO-AMERICANAS 2,60,479,( ( ELA0014 ) ),,
ELA0032,CIÊNCIAS SOCIAIS LATINO-AMERICANAS CONTEMPORÂNEAS,60,479,( ( ELA0014 ) ),,
ELA0034,PROCESSOS DE DESENVOLVIMENTO E DEPENDÊNCIA,60,479,( ( ELA0031 ) ),,
ELA0117,INTRODUÇÃO ÀS CIÊNCIAS SOCIAIS LATINO-AMERICANAS,60,479,,,
ENC0001,"CINÉTICA, PROCESSOS E OPERAÇÕES UNITÁRIAS",60,437,( ( ENM0080 E IQD0125 ) OU ( ENC0037 E IQD0125 ) OU ( ENC0289 E IQD0125 ) ),,
ENC0002,ASPECTOS ECONÔMICOS DA ENGENHARIA AMBIENTAL,30,437,( SOL0042 OU MAT0025 ),,
ENC0004,"SANEAMENTO, MEIO AMBIENTE E PLANEJAMENTO URBANO",60,437,( ( ECL0030 E ENC0251 E ENC0166 ) OU ( ECL0033 E ENC0251 E ENC0166 ) OU ( ECL0014 E ENC0251 E ENC0166 ) ),,
ENC0007,TRATAMENTO DE ÁGUAS RESIDUÁRIAS URBANAS,60,437,( ( ENC0251 E ENC0001 ) OU ( ENC0251 E ENC0168 ) ),,( ENC0005 ) OU ( ENC0006 )
ENC0010,TRATAMENTO DE ÁGUA PARA CONSUMO HUMANO,60,437,( ( ENC0251 E ENC0001 ) OU ( ENC0251 E ENC0168 ) ),,( ENC0008 ) OU ( ENC0009 )
ENC0012,ESTUDOS DOS ECOSSISTEMAS AQUÁTICOS CONTINENTAIS,30,437,( ENC0269 ),,
ENC0013,INTRODUÇÃO À ANÁLISE DE SISTEMAS AMBIENTAIS,30,437,( ( ENC0275 ) OU ( MAT0053 E CIC0007 ) ),,
ENC0015,AVALIAÇÃO E CONTROLE DE POLUIÇÃO DA ÁGUA,60,437,( ( ENC0166 E ENC0001 ) ),,
ENC0016,AVALIAÇÃO E CONTROLE DE POLUIÇÃO DO SOLO,60,437,( ( ENC0183 E ENM0080 ) OU ( ENC0183 E ENC0037 ) OU ( ENC0121 E ENC0037 ) OU ( ENC0183 E ENC0289 ) ),,
ENC0025,ESTÁGIO CURRICULAR EM ENGENHARIA AMBIENTAL,30,437,( ( EPR0059 ) ),,( ENC0024 )
ENC0026,AVALIAÇÃO DE IMPACTOS E RISCOS AMBIENTAIS,60,437,( ( FDD0282 E EPR0059 ) ),,
ENC0028,PROJETO FINAL EM ENGENHARIA AMBIENTAL 1,15,437,,,( ENC0027 OU ENC0298 )
ENC0030,PROJETO FINAL EM ENGENHARIA AMBIENTAL 2,30,437,( ( ENC0028 ) ),,( ENC0029 OU ENC0299 )
ENC0031,PLANEJAMENTO E GESTÃO AMBIENTAL,60,437,( ( FDD0282 E ENC0014 E ENC0016 ) OU ( FDD0282 E ENC0014 E ENC0015 ) OU ( FDD0282 E ENC0016 E ENC0015 ) ),,
ENC0033,RECUPERAÇÃO E REABILITAÇÃO DE ÁREAS DEGRADADAS POR MINERAÇÃO,30,437,( ( ENC0183 ) ),,
ENC0034,INTRODUÇÃO Á ENGENHARIA TERRITORIAL,60,437,,,
ENC0035,INTRODUÇÃO À MECÂNICA DOS SÓLIDOS,60,437,( ( IFD0171 E MAT0026 E MAT0031 ) OU ( IFD0171 E MAT0025 E MAT0039 ) ),,
ENC0037,TRANSFERÊNCIA DE ENERGIA E MASSA,75,437,( ( MAT0026 E MAT0027 E ENC0132 ) OU ( MAT0026 E MAT0027 E ENC0035 ) ),,
ENC0038,PROJETO DE INSTALAÇÃO PREDIAL 1,60,437,( ( ENC0140 E ENC0251 E ENC0252 E ENE0001 E ENE0002 ) ),,
ENC0042,PLANEJAMENTO DE REDES LOGÍSTICAS NA CONSTRUÇÃO,60,437,( ( EST0023 ) ),,
ENC0044,SISTEMAS DE INFORMAÇÃO GEOGRÁFICA APLICADA AOS TRANSPORTES,60,437,,,
ENC0045,BIM APLICADO À ENGENHARIA I - ARQUITETURA E ESTRUTURAS DE EDIFICAÇÕES,60,437,,,
ENC0049,MANUTENÇÃO DE RODOVIAS COM GERÊNCIA DE PAVIMENTOS,60,437,,,
ENC0053,DESENHO TECNICO,60,437,,,( ( ENM0131 ) )
ENC0066,TOPICOS ESPECIAIS EM ESTRUTURAS,60,437,( ( ENC0135 ) OU ( ENM0112 ) ),,( ENC0065 )
ENC0121,GEOTECNIA 3,60,437,( ( ENC0235 ) OU ( ENC0249 ) ),,( ( ENC0197 ) )
ENC0128,PROJETO ARQUITETÔNICO DE EDIFICAÇÕES,60,437,( ( ENC0053 ) ),,( ENC0126 ) OU ( ENC0127 )
ENC0132,MECANICA DOS SOLIDOS 1,60,437,( ( IFD0171 E MAT0026 E MAT0031 ) OU ( IFD0171 E MAT0026 E MAT0039 ) ),,( ( ENC0113 ) OU ( ENM0120 E ENM0121 ) OU ( ENC0130 ) OU ( ENC0131 ) )
ENC0133,MECANICA DOS SOLIDOS 2,60,437,( ( ENC0132 E MAT0027 ) ),,
ENC0134,MECANICA DOS SOLIDOS 3,60,437,( ( ENC0133 E MAT0048 ) ),,
ENC0135,TEORIA DAS ESTRUTURAS 1,60,437,( ( MAT0053 E ENC0134 ) ),,
ENC0136,TEORIA DAS ESTRUTURAS 2,60,437,( ( ENC0135 ) ),,
ENC0137,ISOSTATICA,60,437,( ( ENC0132 ) ),,
ENC0139,CALCULO PLASTICO DAS ESTRUTURAS,60,437,( ( ENC0135 ) ),,
ENC0140,TECNOLOGIA DAS CONSTRUCOES 1,60,437,( ( IGD0043 E ENC0254 E ENC0255 E ENC0053 ) OU ( IGD0043 E ENC0254 E ENC0255 E ENC0053 ) OU ( IGD0043 E ENC0254 E ENC0255 E ENC0128 ) OU ( IGD0183 E ENC0254 E ENC0255 E ENC0128 ) ),,
ENC0145,PLANEJAMENTO E CONTROLE DE CONSTRUCOES,60,437,( ( ENC0140 ) ),,
ENC0146,ESTRUTURA DE CONCRETO ARMADO 1,60,437,( ( ENC0134 E ENC0135 E ENC0143 ) OU ( ENC0134 E ENC0135 E ENC0254 E ENC0255 ) ),,
ENC0148,ESTRUTURAS METALICAS E DE MADEIRA,60,437,( ( ENC0134 E ENC0135 E ENC0143 ) OU ( ENC0134 E ENC0135 E ENC0254 E ENC0255 ) ),,
ENC0150,ESTRUTURA DE CONCRETO PROTENDIDO,60,437,( ( ENC0146 ) ),,
ENC0152,PROJETO DE EDIFICIOS,60,437,( ( ENC0148 E ENC0146 ) ),,
ENC0154,PROJETO DE PONTES,60,437,( ( ENC0148 E ENC0146 ) ),,
ENC0155,PROJETO DE ESTRUTURAS DE ACO,60,437,( ( ENC0148 ) ),,
ENC0166,HIDROLOGIA APLICADA,60,437,( ( ENM0080 E EST0023 E IGD0043 ) OU ( ENM0080 E EST0023 E IGD0183 ) OU ( ENM0080 E ENC0267 E ENC0274 ) OU ( ENM0080 E ENC0267 E EST0023 ) OU ( ENC0037 E EST0023 E IGD0043 ) OU ( ENC0037 E EST0023 E IGD0183 ) OU ( ENC0037 E ENC0267 E ENC0274 ) OU ( ENC0037 E ENC0267 E EST0023 ) OU ( ENC0289 E ENC0274 E ENC0290 ) ),,
ENC0168,SANEAMENTO AMBIENTAL,60,437,( ( ENC0167 ) OU ( ENC0251 E ENC0252 ) ),,
ENC0169,SISTEMAS HIDRAULICOS DE SANEAMENTO,60,437,( ( ENC0166 E ENC0167 ) OU ( ENC0251 E ENC0252 E ENC0166 ) OU ( ENC0251 E ENC0291 E ENC0166 ) ),,
ENC0183,GEOTECNIA AMBIENTAL,60,437,( ( ENC0197 ) OU ( ENC0235 ) ),,
ENC0191,TOPICOS ESPECIAIS EM GEOTECNIA,60,437,( ( ENC0133 ) OU ( ENC0121 ) ),,( ENC0189 ) OU ( ENC0190 )
ENC0199,PROJETO DE ESTRADAS,60,437,( ( IGD0043 E ENC0195 E ENC0203 ) OU ( IGD0043 E ENC0249 E ENC0250 E ENC0203 ) OU ( IGD0043 E ENC0249 E ENC0240 E ENC0203 ) OU ( IGD0183 E ENC0241 E ENC0240 E ENC0203 ) ),,( ENC0198 )
ENC0200,PROJETO DE ESTRADAS 2,60,437,( ( ENC0199 ) ),,
ENC0202,ENGENHARIA DE TRAFEGO,60,437,,,( ENC0201 )
ENC0203,PLANEJAMENTO DE TRANSPORTES,60,437,( ( CIC0007 E EST0023 ) ),,
ENC0206,PAVIMENTACAO,60,437,( ( ENC0195 E ENC0199 ) OU ( ENC0249 E ENC0250 E ENC0199 ) OU ( ENC0235 E ENC0199 ) OU ( ENC0249 E ENC0240 E ENC0199 ) ),,( ENC0204 ) OU ( ENC0205 )
ENC0207,PROJETO DE AEROPORTOS,60,437,( ( ENC0203 ) ),,
ENC0211,ASPECTOS GEOTÉCNICOS DE FUNDAÇÕES,60,437,( ( ENC0197 ) OU ( ENC0121 ) ),,( ENC0209 ) OU ( ENC0210 )
ENC0217,TOPICOS ESPECIAIS EM TRANSPORTE 2,60,437,,,
ENC0218,TOPICOS ESPECIAIS EM TRANSPOTES 3,60,437,,,
ENC0229,MATERIAIS DE CONSTRUÇÃO - TEORIA,60,437,( ( TEC0018 ) OU ( TEC0038 E TEC0039 ) ),( ENC0230 ),( ( ENC0271 E ENC0276 E ENC0277 ) )
ENC0230,MATERIAIS DE CONSTRUÇÃO - EXPERIMENTAL,30,437,( ( TEC0018 ) OU ( TEC0038 E TEC0039 ) ),( ENC0229 ),( ( ENC0271 E ENC0276 E ENC0277 ) )
ENC0235,GEOTECNIA 2,60,437,( ( ENC0241 E ENC0240 E MAT0026 E MAT0027 ) ),,( ( ENC0197 ) )
ENC0238,LABORATÓRIO DE GEOTECNIA 2,30,437,( ( ENC0240 E ENC0241 ) ),,
ENC0239,MÉTODOS COMPUTACIONAIS EM GEOTECNIA,60,437,( ( ENC0197 ) OU ( ENC0235 ) OU ( ENC0121 ) ),,
ENC0240,LABORATÓRIO DE GEOTECNIA 1,30,437,( ( IGD0173 ) OU ( IGD0021 ) ),( ENC0241 ),( ( ENC0250 ) )
ENC0241,GEOTECNIA 1,60,437,( ( IFD0171 E MAT0025 E IGD0173 ) OU ( IFD0171 E MAT0025 E IGD0021 ) ),( ENC0240 ),( ( ENC0195 ) OU ( ENC0249 ) )
ENC0243,PROJETO FINAL EM ENGENHARIA CIVIL 2,90,437,( ( ENC0242 ) ),,
ENC0244,SENSORIAMENTO REMOTO APLICADO A ENGENHARIA CIVIL,60,437,( ( IGD0043 ) OU ( IGD0183 ) ),,
ENC0246,INTRODUCAO A ENGENHARIA CIVIL,30,437,,,
ENC0248,MECANICA DAS ROCHAS,60,437,( ( ENC0197 E ENC0121 ) ),,
ENC0251,HIDRAULICA - TEORIA,60,437,( ( IGD0043 E ENM0080 ) OU ( IGD0183 E ENM0080 ) OU ( ENC0267 E ENM0080 ) OU ( IGD0043 E ENC0037 ) OU ( IGD0183 E ENC0037 ) OU ( ENC0267 E ENC0037 ) OU ( ENC0289 E ENC0290 ) ),( ( ENC0252 ) OU ( ENC0291 ) ),
ENC0252,HIDRAULICA EXPERIMENTAL,30,437,( ( IGD0043 E ENM0080 ) OU ( IGD0183 E ENM0080 ) OU ( ENC0267 E ENM0080 ) OU ( IGD0043 E ENC0037 ) OU ( IGD0183 E ENC0037 ) OU ( ENC0267 E ENC0037 ) ),( ENC0251 ),
ENC0254,MATERIAIS DE CONSTRUCAO CIVIL 1 - TEORIA,60,437,( ( IQD0051 E IGD0021 ) OU ( IQD0051 E IGD0173 ) OU ( IQD0125 E IQD0126 E IGD0021 ) OU ( IQD0125 E IQD0126 E IGD0173 ) ),( ENC0255 ),
ENC0255,MATERIAIS DE CONSTRUCAO CIVIL 1 - EXPERIMENTAL,30,437,( ( IQD0051 E IGD0021 ) OU ( IQD0051 E IGD0173 ) OU ( IQD0125 E IQD0126 E IGD0021 ) OU ( IQD0125 E IQD0126 E IGD0173 ) ),( ENC0254 ),
ENC0256,INTRODUÇÃO À REALIDADE VIRTUAL E A TÉCNICAS INTERATIVAS,60,437,,,
ENC0263,INTRODUÇÃO À ENGENHARIA AMBIENTAL,30,437,,,
ENC0264,TRANSPORTE E MEIO AMBIENTE,60,437,( ( ENC0227 ) OU ( ENC0267 ) OU ( ENC0290 ) ),,
ENC0265,INTRODUÇÃO À ENGENHARIA URBANA,60,437,,,
ENC0266,CLIMATOLOGIA APLICADA,60,437,( ( IFD0175 ) ),,
ENC0267,CARTOGRAFIA E GEOPROCESSAMENTO APLICADO,60,437,( ( IGD0173 E ENC0053 ) OU ( IGD0021 E ENC0053 ) ),,( ENC0290 )
ENC0268,CIÊNCIA DOS MATERIAIS,60,437,( ( IQD0125 ) ),,
ENC0269,MICROBIOLOGIA AMBIENTAL,30,437,( CEL0088 ),( ENC0270 ),
ENC0271,MATERIAIS PARA CONSTRUÇÃO 1,30,437,( ( TEC0026 ) OU ( ENC0268 ) ),,( ( ENC0229 E ENC0230 ) )
ENC0272,ASPECTOS QUÍMICOS DE QUALIDADE DA ÁGUA,30,437,( IQD0125 ),( ENC0273 ),
ENC0273,ASPECTOS QUÍMICOS DE QUALIDADE DE ÁGUA-EXPERIMENTAL,30,437,( IQD0125 ),( ENC0272 ),
ENC0274,ESTATÍSTICA APLICADA À ENGENHARIA AMBIENTAL,60,437,( ( MAT0026 E MAT0027 ) ),,
ENC0275,MÉTODOS COMPUTACIONAIS EM ENGENHARIA AMBIENTAL,90,437,( ( MAT0026 E MAT0027 ) ),,
ENC0276,MATERIAIS PARA CONSTRUÇÃO EXPERIMENTAL,30,437,( ( ENC0271 ) ),,( ( ENC0229 E ENC0230 ) )
ENC0277,MATERIAIS PARA CONSTRUÇÃO 2,30,437,( ( ENC0271 ) ),,( ( ENC0229 E ENC0230 ) )
ENC0278,OBRAS SUBTERRÂNEAS,60,437,ENC0235,,
ENC0281,ANÁLISE DE CICLO DE VIDA,30,437,( ENC0302 OU ENC0268 ) OU ( ENC0268 OU ENC0052 ),,
ENC0282,PLANEJAMENTO E GESTÃO DE SISTEMAS HÍDRICOS,30,437,( ENC0166 ),,
ENC0285,INTRODUÇÃO À EXTENSÃO EM ENGENHARIA AMBIENTAL E SANITÁRIA,30,437,( ENC0263 ),,
ENC0301,MICROBIOLOGIA AMBIENTAL E EXPERIMENTAL,30,437,( CEL0088 ),( ENC0269 ),( ENC0270 )
ENC0302,RESÍDUOS SÓLIDOS URBANOS,60,437,( ( ENC0168 E ENC0121 ) OU ( ENC0183 E ENC0001 ) ),,( ENC0052 )
ENE0001,ELETRICIDADE BÁSICA,60,443,( ( MAT0027 E MAT0031 ) ),,( ( ENE0243 ) )
ENE0002,LABORATÓRIO DE ELETRICIDADE BÁSICA,30,443,( ( MAT0027 E MAT0031 ) ),,( ( ENE0243 ) )
ENE0004,CONTROLE DE PROCESSOS,60,443,( ( IQD0005 E IQD0048 ) OU ( ENE0085 ) ),,
ENE0005,INSTRUMENTAÇÃO DE CONTROLE DE PROCESSOS,60,443,( ( ENE0004 ) OU ( ENE0084 ) OU ( ENE0077 ) ),,
ENE0006,LABORATÓRIO DE CONTROLE DE PROCESSOS,30,443,( ( ENE0004 E IQD0014 E ENE0005 ) OU ( ENE0084 E ENE0005 ) ),,
ENE0011,LABORATÓRIO DE REDES,30,443,( ( ENE0015 E ENE0091 ) OU ( CIC0236 E CIC0108 ) ),,( ( ENE0237 ) OU ( ENE0010 ) )
ENE0013,ALGORITMOS E ESTRUTURA DE DADOS,60,443,( ( ENE0334 ) ),,( ENE0012 )
ENE0015,FUNDAMENTOS DE REDES 2,60,443,( ( ENE0274 ) OU ( CIC0236 ) ),,
ENE0016,GERÊNCIA DE REDES E SISTEMAS,60,443,( ( ENE0352 E ENE0017 ) ),,
ENE0017,AVALIAÇÃO DE DESEMPENHO DE REDES E SISTEMAS,60,443,( ( ENE0009 E ENE0011 ) OU ( ENE0025 E ENE0011 ) ),,
ENE0021,TÓPICOS EM REDES DE COMUNICAÇÃO 3,30,443,( ( ENE0015 ) ),,( ENE0020 )
ENE0022,PROJETO TRANSVERSAL EM REDES DE COMUNICAÇÃO 1,60,443,( ( ENE0013 ) OU ( CIC0090 ) ),,
ENE0024,PROJETO TRANSVERSAL EM REDES DE COMUNICAÇÃO 2,60,443,( ( ENE0022 E ENE0091 E ENE0274 ) OU ( ENE0022 E CIC0108 E CIC0236 ) ),,( ENE0023 )
ENE0025,PROTOCOLOS DE TRANSPORTE E ROTEAMENTO,60,443,( ( ENE0015 ) OU ( CIC0236 ) ),,
ENE0039,SISTEMAS DIGITAIS,60,443,( CIC0007 OU CIC0004 OU ENE0334 ),,( ENE0277 )
ENE0040,LABORATÓRIO DE SISTEMAS DIGITAIS,30,443,( ( CIC0007 ) OU ( CIC0004 ) OU ( ENE0334 ) ),( ENE0039 ),( ( ENE0277 ) )
ENE0045,ELETRÔNICA,60,443,( ( ENE0304 E ENE0282 E ENE0177 ) OU ( ENE0037 E ENE0038 E ENE0177 ) OU ( ENE0037 E ENE0038 E IFD0179 ) OU ( ENE0304 E ENE0282 E IFD0179 ) ),,( ENE0027 OU ENE0181 )
ENE0046,LABORATÓRIO DE ELETRÔNICA,30,443,( ( ENE0304 E ENE0282 E ENE0177 ) OU ( ENE0037 E ENE0038 E ENE0177 ) OU ( ENE0037 E ENE0038 E IFD0179 ) OU ( ENE0304 E ENE0282 E IFD0179 ) ),( ENE0045 ),( ( ENE0028 ) OU ( ENE0181 ) )
ENE0048,LABORATÓRIO DE CONVERSÃO ELETROMECÂNICA DE ENERGIA,30,443,( ( ENE0047 ) OU ( ENE0469 ) ),,( ENE0130 )
ENE0049,MATERIAIS ELÉTRICOS E MAGNÉTICOS,60,443,( ( ENE0177 ) ),,( ( ENE0184 ) )
ENE0050,LABORATÓRIO DE MATERIAIS ELÉTRICOS E MAGNÉTICOS,30,443,( ENE0177 ),( ENE0049 ),( ENE0184 )
ENE0053,ELETROMAGNETISMO 2,60,443,( ( ENE0177 ) ),,( ( ENE0179 ) )
ENE0054,LABORATÓRIO DE ELETROMAGNETISMO 2,30,443,( ( ENE0177 ) ),( ENE0053 ),( ( ENE0179 ) )
ENE0056,SISTEMAS MICROPROCESSADOS,60,443,( ENE0039 E ENE0040 ),,( ENE0245 OU ENE0055 )
ENE0064,REDES SEM FIO,60,443,( ( ENE0237 ) OU ( ENE0009 E ENE0011 ) OU ( ENE0025 E ENE0011 ) ),,
ENE0066,INTRODUÇÃO AOS CIRCUITOS ELÉTRICOS,30,443,( ( MAT0026 E MAT0031 ) ),,( ( ENE0042 ) )
ENE0067,SINAIS E SISTEMAS EM TEMPO CONTÍNUO,60,443,( ( MAT0026 E MAT0031 ) ),,
ENE0068,SINAIS E SISTEMAS EM TEMPO DISCRETO,60,443,( ENE0067 OU ENE0037 OU CIC0242 ),,( ENE0163 )
ENE0071,INSTALAÇÕES ELÉTRICAS,60,443,( ( ENE0289 ) ),,
ENE0073,LABORATÓRIO DE SISTEMAS ELÉTRICOS DE POTÊNCIA,30,443,( ( ENE0186 E ENE0289 ) OU ( ENE0185 E ENE0289 ) OU ( ENE0469 E ENE0289 ) ),,
ENE0074,LABORATÓRIO DE CONVERSÃO DE ENERGIA,30,443,( ( ENE0073 ) ),,
ENE0077,CONTROLE DE SISTEMAS DINÂMICOS,60,443,( ( ENE0304 E ENE0282 ) OU ( ENE0037 E ENE0038 ) ),,( ( ENE0035 E ENE0051 ) )
ENE0078,LABORATÓRIO DE CONTROLE DE SISTEMAS DINÂMICOS,30,443,( ( ENE0077 ) OU ( ENE0051 ) ),,( ( ENE0036 E ENE0052 ) )
ENE0079,CONTROLE NO ESPAÇO DE ESTADOS,60,443,( ( ENE0077 ) OU ( ENE0051 ) OU ( ENE0004 ) ),,
ENE0088,SISTEMAS DE INFORMAÇÃO DISTRIBUÍDOS,60,443,( ( ENE0025 ) OU ( CIC0236 ) ),,
ENE0090,SEGURANÇA DE REDES,60,443,( ( ENE0352 ) ),,
ENE0091,SISTEMAS OPERACIONAIS DE REDES,60,443,( ( ENE0056 E ENE0058 E ENE0274 ) OU ( ENE0056 E ENE0440 E ENE0274 ) ),,
ENE0154,INTELIGÊNCIA COMPUTACIONAL,60,443,( ( ENE0077 E ENE0078 ) OU ( ENE0306 E ENE0295 ) ),,( ENE0153 )
ENE0167,CONTROLE DIGITAL,60,443,( ( ENE0084 ) OU ( FGA0012 ) OU ( FGA0197 ) OU ( ENE0004 ) OU ( ENE0051 ) OU ( ENE0079 E ENE0068 ) OU ( ENE0079 E ENE0037 ) ),,
ENE0177,ELETROMAGNETISMO 1,60,443,( ( MAT0027 ) E ( MAT0026 ) ),,( ( FGA0143 ) OU ( ENE0175 ) OU ( ENE0176 ) )
ENE0202,SISTEMAS DE COMUNICACOES 1,60,443,( ( ENE0306 ) OU ( ENE0191 ) ),,
ENE0211,TEORIA DA INFORMACAO,60,443,( MAT0026 E MAT0031 E EST0023 ),,
ENE0228,ANALISE DE SISTEMAS DE POTENCIA,60,443,( ( ENE0289 ) ),,( ENE0227 )
ENE0230,GERACAO DE ENERGIA ELETRICA,60,443,( ( ENE0289 ) E ( ENE0186 OU ENE0469 ) ),,
ENE0235,PROTECAO DE SISTEMAS ELETRICOS,60,443,( ( ENE0289 ) ),,( ENE0234 )
ENE0251,TRANSMISSAO DE ENERGIA ELETRICA,60,443,( ( ENE0289 ) ),,( ENE0249 ) OU ( ENE0250 )
ENE0270,TOPICOS ESPECIAIS EM SISTEMA DIGITAIS,60,443,( ( ENE0056 E ENE0440 ) OU ( ENE0056 E ENE0058 ) OU ( CIC0099 ) ),,( ENE0268 ) OU ( ENE0269 )
ENE0274,FUNDAMENTOS DE REDES,60,443,( ( ENE0013 ) E ( EST0023 OU EST0070 ) ),,
ENE0276,METODOLOGIA E DESENVOLVIMENTO DE SOFTWARE,60,443,( ( ENE0335 ) OU ( ENE0013 ) ),,
ENE0282,LABORATÓRIO DE CIRCUITOS ELÉTRICOS,30,443,( ( ENE0066 E ENE0067 ) OU ( ENE0066 E CIC0242 ) ),( ENE0304 ),( ( ENE0038 E ENE0044 ) )
ENE0289,CIRCUITOS POLIFASICOS,60,443,( ( ENE0304 ) OU ( ENE0041 ) OU ( ENE0042 ) OU ( ENE0172 ) ),,
ENE0295,LABORATÓRIO DE PRINCÍPIOS DE COMUNICAÇÃO,30,443,( ( ENE0068 E EST0023 ) OU ( ENE0174 E EST0023 ) OU ( ENE0313 E EST0023 ) OU ( ENE0068 E EST0069 E EST0070 ) ),,( ( ENE0191 ) OU ( ENE0292 ) OU ( ENE0293 ) OU ( ENE0294 ) )
ENE0304,CIRCUITOS ELÉTRICOS,60,443,( ( ENE0066 E ENE0067 ) OU ( ENE0066 E CIC0242 ) ),,( ( ENE0037 E ENE0042 ) )
ENE0306,PRINCÍPIOS DE COMUNICAÇÃO,60,443,( ( ENE0068 E EST0023 ) OU ( ENE0174 E EST0023 ) OU ( ENE0313 E EST0023 ) OU ( ENE0068 E EST0069 E EST0070 ) ),,( ( ENE0191 ) OU ( FGA0199 ) OU ( ENE0305 ) )
ENE0326,ELETRÔNICA DE POTÊNCIA,60,443,( ( ENE0045 E ENE0046 ) E ( ENE0186 OU ENE0047 OU ENE0469 ) ),,( ENE0324 ) OU ( ENE0325 )
ENE0328,TOPICOS EM CONTROLE E AUTOMACAO,60,443,( ( ENE0077 ) OU ( ENE0084 ) ),,( ENE0327 )
ENE0332,TOPICOS EM ENGENHARIA,60,443,,,
ENE0334,COMPUTACAO PARA ENGENHARIA,60,443,,,
ENE0344,COMUNICAÇÕES MÓVEIS,60,443,( ( ENE0306 E ENE0295 ) ),,
ENE0345,PRINCÍPIOS DE CONTROLE DE ROBÔS,60,443,( ( ENE0084 ) OU ( ENE0077 ) ),,
ENE0352,REDES LOCAIS,60,443,( ( ENE0237 ) OU ( ENE0009 E ENE0011 ) OU ( ENE0025 E ENE0011 ) ),,
ENE0355,INSTRUMENTAÇÃO ELETRÔNICA E SENSORES,60,443,( ( ENE0045 E ENE0046 ) OU ( ENE0027 ) OU ( ENE0340 ) OU ( ENE0302 ) ),,
ENE0438,PROJETO INTEGRADOR DE TECNOLOGIAS,60,443,( ENE0045 ),,
ENE0439,INTRODUÇÃO À ENGENHARIA ELÉTRICA,30,443,,,
ENE0440,LABORATÓRIO DE SISTEMAS MICROPROCESSADOS,30,443,( ENE0039 E ENE0040 ),( ENE0056 ),
ENE0442,LABORATÓRIO DE INSTALAÇÕES ELÉTRICAS,30,443,( ENE0071 ),,
ENE0450,PROJETO INTEGRADOR DE FUNDAMENTOS,60,443,( CIC0004 OU ENE0013 ),,
ENE0454,INTRODUÇÃO À ENGENHARIA DE REDES DE COMUNICAÇÃO,30,443,,,
ENE0469,CONVERSÃO DE ENERGIA E MÁQUINAS ELÉTRICAS,60,443,( ( ENE0304 E ENE0177 ) OU ( ENE0304 E IFD0179 ) OU ( ENE0172 E ENE0177 ) OU ( ENE0172 E IFD0179 ) OU ( ENE0042 E ENE0177 ) OU ( ENE0042 E IFD0179 ) ),,
ENF0001,CUIDADO EM SITUAÇÕES CIRÚRGICAS,30,422,( ( ENF0062 E ENF0063 E ENF0034 E ENF0081 ) ),,
ENF0005,ESTÁGIO SUPERVISIONADO 1,420,422,( ( ENF0084 E ENF0068 E ENF0069 E PPB0014 E ENF0066 E ENF0001 ) ),,
ENF0006,ESTÁGIO SUPERVISIONADO 2,390,422,( ( ENF0005 ) ),,
ENF0007,ESTUDOS ORIENTADOS EM PESQUISA EM SAÚDE E ENFERMAGEM 1,30,422,( ( ENF0054 E ENF0067 E ENF0066 ) ),,
ENF0009,ESTUDOS ORIENTADOS EM PESQUISA EM SAÚDE E ENFERMAGEM 2,15,422,( ENF0069 E ENF0084 E ENF0068 ),,( ENF0008 )
ENF0010,ESTUDOS ORIENTADOS EM PESQUISA EM SAÚDE E ENFERMAGEM 3,30,422,( ENF0005 ),,
ENF0034,"BIOÉTICA, LEGISLAÇÃO E ENFERMAGEM",60,422,( ( ENF0043 E ENF0036 ) OU ( NUT0017 ) OU ( FMD0095 ) OU ( ENF0087 E ENF0036 E ENF0061 ) OU ( ENF0043 E ENF0036 ) OU ( NUT0017 ) OU ( FMD0095 ) OU ( ENF0087 E ENF0085 E ENF0061 ) ),,( ENF0033 )
ENF0047,CONTEXTUALIZAÇÃO DA ENFERMAGEM NA SAÚDE,30,422,,,( ENF0046 )
ENF0051,SISTEMATIZACAO DA ASSISTENCIA EM ENFERMAGEM,30,422,( ( ENF0086 E ENF0059 E CEL0025 E CFS0037 E CEL0050 E FAR0031 ) OU ( ENF0095 E CEL0025 E CFS0037 E CEL0050 E FAR0031 ) ),,( ( FCE0397 ) )
ENF0054,METODOLOGIA DA PESQUISA EM SAÚDE,30,422,,( ENF0058 ),( ENF0053 )
ENF0057,GESTÃO EM POLITICAS DE SAÚDE,60,422,,,
ENF0058,VIVÊNCIAS INTEGRADORAS 1,30,422,( ENF0047 ),( ENF0054 E ENF0057 ),
ENF0059,VIVÊNCIAS INTEGRADORAS 2,30,422,( ENF0058 ),( ENF0060 E ENF0086 ),
ENF0060,TECNOLOGIA DA EDUCAÇÃO EM SAÚDE,30,422,,,( ( ENF0032 ) )
ENF0061,VIVÊNCIAS INTEGRADORAS 3,30,422,( ENF0059 ),( ENF0051 E ENF0085 E ENF0087 ),
ENF0062,CUIDADO DO ADULTO E IDOSO,90,422,( ( ENF0087 E FMD0095 E ENF0035 E FMD0071 E CFS0039 ) OU ( ENF0087 E FMD0095 E ENF0085 E FMD0071 E CFS0039 ) ),,
ENF0063,VIVÊNCIAS INTEGRADORAS 4,120,422,( ENF0061 ),( ENF0034 E ENF0062 E ENF0081 ),
ENF0064,CUIDADO EM SITUAÇÕES CRÍTICAS E DE RISCO,30,422,( ( ENF0062 E NUT0054 ) ),,
ENF0065,VIVÊNCIAS INTEGRADORAS 5,120,422,( ENF0063 E ENF0062 E NUT0054 ),( ENF0001 E ENF0064 E ENF0082 ),
ENF0066,"CUIDADO DA MULHER, DA CRIANÇA E DO ADOLESCENTE",120,422,( ( ENF0082 E ENF0064 ) ),,
ENF0067,VIVÊNCIAS INTEGRADORAS 6,150,422,( ENF0065 ),( ENF0066 ),
ENF0068,VIVÊNCIAS INTEGRADORAS 7,90,422,( ENF0067 ),( ENF0084 ),
ENF0069,TRABALHO DE CONCLUSÃO DE CURSO 1,30,422,( ENF0054 E ENF0066 E ENF0060 ),,
ENF0073,TRABALHO DE CONCLUSÃO DE CURSO 2,15,422,( ( ENF0069 ) ),,( ENF0072 )
ENF0081,PROCESSO DE TRABALHO,30,422,( ( ENF0057 ) ),,
ENF0082,CUIDADO PSICOSSOCIAL EM SAÚDE,60,422,( ( ENF0062 E ENF0063 ) ),,
ENF0084,GERENCIAMENTO DOS SERVIÇOS DE SAÚDE,30,422,( ( ENF0066 E ENF0067 ) ),,( ENF0083 )
ENF0085,RELACIONAMENTO INTERPESSOAL,30,422,( ( ENF0059 E FCE0247 ) OU ( ENF0059 E ENF0086 ) ),,
ENF0086,SEMIOLOGIA E SEMIOTÉCNICA APLICADA À ENFERMAGEM,60,422,( ENF0058 E CEL0067 ),,( ENF0095 E ENF0098 )
ENF0087,FUNDAMENTOS DE ENFERMAGEM,60,422,( ( FCE0247 E ENF0059 E CEL0025 E CFS0037 E CEL0050 E FAR0031 ) OU ( ENF0086 E ENF0059 E CEL0025 E CFS0037 E CEL0050 E FAR0031 ) ),,( ENF0096 E ENF0097 )
ENF0102,HISTÓRIA DA ENFERMAGEM,30,422,,,
ENF0103,DEMÊNCIAS: UM OLHAR NECESSÁRIO,45,422,,,
ENF0182,ENFERMAGEM NA ÁREA DA ESTÉTICA,30,422,( FMD0510 E CFS0039 E FAR0031 E CEL0050 E ENF0086 E ENF0087 E ENF0051 ),,
ENF0184,CUIDADO UROLÓGICO INFANTIL DIRECIONADO A ESTUDANTES DE ENFERMAGEM,60,422,,,
ENM0027,TECNOLOGIAS DE COMANDO NUMERICO,60,449,( ( ENM0146 ) OU ( ENM0127 ) ),,
ENM0056,TOPICOS ESPECIAIS EM SISTEMAS MECANICOS,60,449,,,
ENM0068,TERMODINAMICA 1,60,449,( ( IFD0175 ) OU ( IFD0013 ) OU ( ENM0080 ) ),,
ENM0070,MAQUINAS TERMICAS,75,449,( ( ENM0068 ) OU ( ENM0128 ) ),,
ENM0071,TRANSFERENCIA DE CALOR,90,449,( ( ENM0068 E ENM0233 ) OU ( ENM0128 E ENM0233 ) OU ( ENM0068 E ENM0082 ) OU ( ENM0128 E ENM0082 ) OU ( ENM0068 E FGA0204 ) OU ( ENM0068 E IQD0005 ) ),,
ENM0072,INSTALACOES TERMOMECANICAS 1,60,449,( ( ENM0071 ) ),,
ENM0073,INSTALACOES TERMOMECANICAS 2,60,449,( ( ENM0071 ) ),,
ENM0074,MOTORES DE COMBUSTAO INTERNA,60,449,( ENM0070 OU ENM0232 ),,
ENM0076,TOPICOS ESPECIAIS EM SISTEMAS TERMICOS,60,449,,,
ENM0080,FENOMENOS DE TRANSPORTE,75,449,( ( MAT0027 E ENC0132 ) OU ( MAT0027 E ENM0120 ) OU ( MAT0027 E FGA0154 ) OU ( MAT0027 E ENC0035 ) ),,
ENM0082,MECANICA DOS FLUIDOS 2,75,449,( ( ENM0140 ) ),,( ENM0081 )
ENM0083,SISTEMAS FLUIDO-MECANICOS 1,60,449,( ( ENM0082 ) ),,( ( ENM0238 ) )
ENM0084,SISTEMAS HIDRAULICOS E PNEUMATICOS,60,449,( ( ENM0128 ) OU ( ENM0140 ) ),,
ENM0090,MATERIAIS DE CONSTRUCAO MECANICA 1,90,449,( ( IQD0051 ) OU ( IQD0125 E IQD0126 ) ),,
ENM0091,MATERIAIS DE CONSTRUCAO MECANICA 2,60,449,( ( ENM0090 ) ),,( ( ENM0325 ) )
ENM0093,TECNOLOGIA MECANICA 2,60,449,( ( ENM0091 ) ),,( ( ENM0235 ) )
ENM0109,VIBRACOES 1,90,449,( ( MAT0048 E ENM0112 ) OU ( ENM0121 ) ),,( ENM0108 )
ENM0113,INTRODUCAO A MECANICA EXPERIMENTAL,60,449,( ENM0164 ),,
ENM0120,MECANICA 1,60,449,( ( IFD0171 E MAT0026 E MAT0031 ) ),,( ENM0203 )
ENM0121,MECANICA 2,60,449,( ( IFD0171 E MAT0027 E MAT0031 ) ),,( ENM0217 )
ENM0122,PROJETO DE MAQUINAS 1,60,449,( ( ENM0121 E ENM0165 E ENM0132 ) ),,( ( ENM0236 ) )
ENM0123,PROJETO DE MAQUINAS 2,60,449,( ( ENM0165 E ENM0132 ) ),,( ( ENM0237 ) )
ENM0124,PROJETO DE SISTEMAS MECANICOS,60,449,( ( ENM0122 E ENM0123 ) ),,
ENM0125,PROJETO DE MECANISMOS,60,449,( ( ENM0131 OU ENM0230 ) E ( ENM0121 OU ENM0217 ) ),,
ENM0126,INTRODUÇÃO À CIÊNCIA DOS MATERIAIS,45,449,( ( IQD0051 ) OU ( IQD0058 E IQD0126 ) OU ( IQD0125 E IQD0126 ) ),,( ( FGA0075 E FGA0078 ) OU ( ENM0090 E ENM0091 ) )
ENM0127,TECNOLOGIA DE FABRICACAO 1,45,449,( ( ENM0164 ) ),,
ENM0128,TRANSPORTE DE CALOR E MASSA,60,449,( ( IFD0175 E IFD0177 E MAT0027 ) ),,( ( ENM0071 ) OU ( ENM0080 ) )
ENM0129,PROJETO DE GRADUACAO 1,30,449,,,
ENM0130,PROJETO DE GRADUACAO 2,90,449,( ( ENM0129 ) ),,
ENM0132,DESENHO MECANICO ASSISTIDO POR COMPUTADOR 2,60,449,( ( ENM0131 ) OU ( ENC0053 E ENC0054 ) OU ( ENM0230 ) ),,
ENM0134,SISTEMAS INTEGRADOS DE MANUFATURA,60,449,( ( ENM0027 ) OU ( ENM0171 ) ),,
ENM0140,MECANICA DOS FLUIDOS 1,75,449,( ( MAT0027 E ENC0132 ) OU ( MAT0027 E ENM0163 ) OU ( MAT0027 E ENM0120 ) ),,
ENM0143,INTRODUCAO A ENGENHARIA MECANICA,30,449,,,
ENM0145,METROLOGIA,60,449,( ( EST0023 ) ),,
ENM0146,TECNOLOGIA MECANICA 1,60,449,( ( ENM0090 E ENM0145 ) ),,( ( ENM0234 ) )
ENM0157,ESCOAMENTO COMPRESSIVEL,60,449,( ( ENM0082 OU ENM0233 ) E ( ENM0068 ) ),,
ENM0164,MECANICA DOS MATERIAIS 1,60,449,( ENM0163 OU ENM0120 OU ENM0203 ),,
ENM0165,MECANICA DOS MATERIAIS 2,60,449,( ( ENM0164 ) ),,
ENM0168,ROBOTICA INDUSTRIAL 1,60,449,( ENM0121 OU ENM0217 ),,
ENM0171,PROCESSOS DE FABRICACAO,60,449,( ( ENM0172 ) OU ( ENM0126 ) ),,
ENM0172,MATERIAIS INDUSTRIAIS,90,449,,,
ENM0173,SISTEMAS MECANICOS,60,449,( ( IFD0304 ) ),,
ENM0183,VIBRAÇÕES : APLICAÇÕES INDUSTRIAIS E TECNOLÓGICAS,60,449,( ( ENM0109 OU ENM0229 ) ),,
ENM0190,DESENHO MECÂNICO PARA ENGENHARIA,60,449,,,
ENM0192,TECNOLOGIAS HABILITADORAS DA INDÚSTRIA 4.0,60,449,( ENM0027 OU ENM0122 OU ENM0171 OU FGA0195 ),,
ENM0195,MODELAGEM E IMPLEMENTAÇÃO DE SISTEMAS A EVENTOS DISCRETOS,90,449,( ( CIC0103 E ENE0078 ) OU ( CIC0124 E ENE0078 ) OU ( ENE0001 E ENE0002 ) ),,
ENM0203,ESTÁTICA APLICADA,60,449,( IFD0171 E MAT0031 E MAT0025 ),,( ENM0120 )
ENM0227,CÁLCULO NUMÉRICO APLICADO,60,449,( MAT0027 E CIC0007 ),,( MAT0053 )
ENM0232,TERMODINÂMICA APLICADA,60,449,( ENM0068 ),,( ENM0070 )
ENM0280,DINÂMICA DOS FLUIDOS COMPUTACIONAL,60,449,( ENM0140 OU ENM0231 ),,
ENM0289,PROJETO DE MÁQUINAS CONTROLADAS POR COMPUTADOR,60,449,( ( ENE0077 E ENM0164 E ENM0217 ) OU ( ENE0077 E ENM0164 E ENM0121 ) ),,
ENM0323,PRINCÍPIOS DE INTERNET DAS COISAS,60,449,( ( ENM0177 ) OU ( CIC0099 ) OU ( ENE0056 ) OU ( FGA0096 ) ),,
EPR0001,PROJETO DE SISTEMAS DE PRODUÇÃO 4,30,760,( ( EPR0073 ) ),( EPR0002 ),
EPR0002,PLANEJAMENTO E CONTROLE DA PRODUÇÃO,60,760,( ( EPR0072 ) ),( EPR0001 ),
EPR0004,SIMULAÇÃO DE SISTEMAS,60,760,( ( EPR0066 ) OU ( EPR0169 ) ),,
EPR0006,SEGURANÇA E SAÚDE NO TRABALHO,60,760,( ( EPR0068 ) OU ( EPR0057 ) OU ( EPR0073 ) OU ( EPR0126 ) ),,
EPR0007,PROJETO DE SISTEMAS DE PRODUÇÃO 5,30,760,( ( EPR0073 E EPR0066 E EPR0064 ) ),( EPR0030 ),
EPR0008,PROJETO DE SISTEMAS DE PRODUÇÃO 6,30,760,( ( EPR0073 E EPR0066 E EPR0064 ) OU ( ENM0134 ) OU ( ENM0124 ) ),( EPR0013 ),
EPR0009,PROJETO DE SISTEMAS DE PRODUÇÃO 7,30,760,( ( EPR0073 E EPR0066 E EPR0064 ) ),( EPR0065 ),
EPR0012,LOGÍSTICA,60,760,( ( EPR0066 ) OU ( EPR0169 ) ),,( EPR0011 )
EPR0013,ENGENHARIA DO PRODUTO,60,760,( ( EPR0002 ) OU ( ENM0134 ) OU ( ENM0124 ) ),( EPR0008 ),
EPR0021,SEMINÁRIO EM ENGENHARIA DE PRODUÇÃO,60,760,,,
EPR0022,SISTEMAS DE SUPORTE À DECISÃO,60,760,( ( EPR0072 ) ),,
EPR0028,TÓPICOS ESPECIAIS EM PESQUISA ORGANIZACIONAL,60,760,,,
EPR0030,GESTÃO DA QUALIDADE NA PRODUÇÃO,60,760,( ( EST0023 ) ),( EPR0007 ),
EPR0035,INOVAÇÃO EM SISTEMAS DE PRODUÇÃO,60,760,( ( EPR0069 ) OU ( ENM0134 ) OU ( ADM0092 ) OU ( FGA0195 ) ),,
EPR0036,FINANÇAS COMPORTAMENTAIS E PESSOAIS,30,760,,,
EPR0048,INTRODUÇÃO A METODOLOGIA DE PESQUISA PARA ENGENHARIA DE PRODUÇÃO,30,760,,,
EPR0049,PROJETO DE FABRICA E LAYOUT,30,760,( ( EPR0002 ) ),,
EPR0050,PROJETO DE SISTEMAS DE PRODUÇÃO 8,30,760,( ( EPR0073 E EPR0066 E EPR0064 ) ),,
EPR0059,HIGIENE E SEGURANÇA DO TRABALHO,30,760,( ( EPR0068 ) ),,( ( FGA0148 ) OU ( ENM0135 ) )
EPR0061,FORMAÇÃO DE VALOR EM SISTEMAS DE PRODUÇÃO,30,760,,,
EPR0064,ENGENHARIA ECONÔMICA,60,760,( ( EST0023 ) ),,
EPR0065,GESTÃO ESTRATÉGICA,60,760,,( EPR0009 ),
EPR0066,PESQUISA OPERACIONAL EM ENGENHARIA 1,90,760,( ( EST0023 ) OU ( EST0023 E MAT0031 ) ),,
EPR0067,TÓPICOS ESPECIAIS EM ENGENHARIA ECONÔMICA,30,760,,,( ( FGA0265 ) )
EPR0068,ORGANIZAÇÃO INDUSTRIAL,60,760,( ( EST0023 OU EST0022 ) OU ( ENC0274 ) ),,( ( EPR0057 ) OU ( ADM0093 ) )
EPR0069,METODOLOGIA DE PROJETO DE SISTEMAS DE PRODUÇÃO,30,760,( ( EPR0056 ) OU ( EPR0122 ) ),,
EPR0071,PROJETO DE SISTEMAS DE PRODUÇÃO 1,30,760,( ( EPR0061 E EPR0069 ) E ( EPR0063 OU EPR0076 ) ),,
EPR0072,SISTEMAS DE INFORMAÇÃO EM ENGENHARIA DE PRODUÇÃO,60,760,( ( CIC0007 ) OU ( ENE0334 ) ),( EPR0073 ),
EPR0073,PROJETO DE SISTEMAS DE PRODUÇÃO 2,30,760,( ( EPR0071 ) ),( EPR0072 ),
EPR0074,PROJETO DE SISTEMAS DE PRODUÇÃO 3,30,760,( ( EPR0073 ) OU ( EPR0126 ) ),,
EPR0076,ENGENHARIA DO TRABALHO,30,760,,,( EPR0063 )
EPR0077,ERGONOMIA DE SISTEMAS PRODUTIVOS,60,760,,,
EPR0122,INTRODUÇÃO À ENGENHARIA DE PRODUÇÃO,30,760,,,
EST0001,COMPUTAÇÃO EM ESTATÍSTICA 1,30,514,,,
EST0004,ESTATÍSTICA COMPUTACIONAL,60,514,( ( CIC0007 OU CIC0004 ) E ( MAT0053 OU EST0161 ) E ( EST0035 OU EST0162 ) ),,
EST0005,INFERÊNCIA BAYESIANA,60,514,EST0035,,
EST0007,ESTATÍSTICA ESPACIAL,60,514,( ( EST0038 ) ),,
EST0011,MODELOS LINEARES GENERALIZADOS,60,514,( ( EST0038 E EST0042 ) ),,
EST0017,MÉTODOS ESTATÍSTICOS 2,60,514,( ( EST0070 ) ),,
EST0019,ESTATÍSTICA APLICADA,90,514,,,( ( EST0023 OU EST0022 ) OU ( EST0028 ) OU ( EST0061 E ECO0197 ) )
EST0023,PROBABILIDADE E ESTATÍSTICA,60,514,( ( MAT0025 ) OU ( MAT0022 ) ),,( ( EST0022 ) OU ( EST0069 E EST0070 ) OU ( FGA0157 ) )
EST0027,BIOESTATÍSTICA,60,514,( ( MAT0022 ) OU ( MAT0025 ) ),,( ( EST0033 E EST0069 E EST0070 ) OU ( EST0026 ) OU ( FUP0288 ) )
EST0033,ESTATÍSTICA EXPLORATÓRIA,60,514,,,( EST0031 ) OU ( EST0032 )
EST0035,INFERENCIA ESTATISTICA,90,514,( ( MAT0031 E MAT0075 E MAT0027 E EST0070 ) ),,
EST0036,TECNICAS DE AMOSTRAGEM,90,514,( ( MAT0075 E EST0070 ) ),,
EST0038,ANÁLISE DE REGRESSÃO LINEAR,90,514,( ( EST0035 OU EST0162 ) ),,( EST0037 )
EST0040,ANÁLISE MULTIVARIADA 1,60,514,( ( EST0035 ) ),,( EST0039 )
EST0042,DELINEAMENTO E ANÁLISE DE EXPERIMENTOS,90,514,( ( EST0035 ) ),,( EST0041 )
EST0045,CONTROLE ESTATISTICO DE QUALIDADE,60,514,( ( EST0070 ) OU ( EST0023 ) ),,
EST0048,PROCESSOS ESTOCASTICOS,60,514,( ( MAT0076 ) ),,
EST0069,INTRODUCAO A PROBABILIDADE,60,514,,,( ( EST0023 OU EST0022 ) OU ( EST0023 E EST0034 ) )
EST0070,METODOS ESTATISTICOS 1,60,514,( ( EST0033 E EST0069 ) OU ( EST0033 E EST0023 ) OU ( EST0033 E FGA0157 ) ),,( ( EST0023 E EST0034 ) )
EST0077,TÓPICOS EM ESTATÍSTICA 2,60,514,( ( EST0036 E EST0038 E EST0042 ) ),,( EST0075 ) OU ( EST0076 )
EST0081,TRABALHO DE CONCLUSÃO DE CURSO 1,60,514,( ( EST0036 E EST0038 E EST0042 ) ),,( EST0079 ) OU ( EST0080 )
EST0087,PRÁTICAS DE EXTENSÃO EM ESTATÍSTICA 1,30,514,,,
EST0088,PRÁTICAS DE EXTENSÃO EM ESTATÍSTICA 2,60,514,,,
EST0091,COMPUTAÇÃO EM ESTATÍSTICA 2: R,60,514,( EST0001 ),,
EST0124,LABORATÓRIO DE ESTATÍSTICA 1,60,514,( EST0070 ),,
EST0161,FUNDAMENTOS DE APRENDIZADO DE MÁQUINA,60,514,( ( MAT0174 OU MAT0075 OU EST0023 ) E ( MAT0031 OU MAT0039 ) E ( CIC0004 OU CIC0007 ) ),,
FAR0001,PRÁTICAS EM VIROLOGIA MOLECULAR,90,678,( ( FAR0124 ) OU ( FAR0142 ) OU ( CEL0054 ) OU ( CEL0050 ) ),,( FCS0001 )
FAR0002,CONTROLE DE QUALIDADE FÍSICO-QUÍMICO,60,678,( ( FAR0136 ) OU ( FAR0176 ) OU ( FCE0369 E FAR0024 ) OU ( FAR0180 E FAR0185 ) ),,
FAR0003,CONTROLE DE QUALIDADE MICROBIOLÓGICO,60,678,( ( CEL0050 E FCE0309 ) OU ( FAR0176 ) ),,
FAR0004,FARMACOLOGIA 3,60,678,( FAR0177 ),,( FCE0246 E FCE0256 E FCE0370 )
FAR0006,ESTÁGIO SUPERVISIONADO 1,120,678,( ( FAR0173 E FAR0004 ) ),,
FAR0007,FÍSICA INDUSTRIAL FARMACÊUTICA,30,678,( ( FAR0176 ) OU ( IFD0189 E FAR0136 ) OU ( FCE0369 E FCE0225 ) ),,( ( FAR0140 ) )
FAR0009,FARMACOTÉCNICA COM ASPECTOS TECNOLÓGICOS,60,678,( ( FAR0176 ) OU ( FAR0136 ) OU ( FCE0369 ) ),,( ( FAR0139 ) )
FAR0010,TÉCNICA INSTRUMENTAL FARMACÊUTICA,30,678,( ( FAR0167 ) ),,
FAR0016,INTRODUÇÃO A CIÊNCIAS FARMACÊUTICAS,60,678,,,
FAR0017,ESTÁGIO SUPERVISIONADO 2,180,678,( ( FAR0173 E FAR0176 E FAR0134 ) ),,( FCS0005 )
FAR0018,ESTÁGIO SUPERVISIONADO 3,180,678,( ( FAR0023 E FAR0006 ) ),,( FCS0006 )
FAR0019,ESTÁGIO SUPERVISIONADO 4,420,678,( ( FCE0006 OU FAR0248 ) E ( FAR0251 OU FCE0367 ) E ( FAR0171 ) E ( FAR0009 ) E ( FAR0021 ) ),,
FAR0021,DIAGNÓSTICO LABORATORIAL EM IMUNOLOGIA CLÍNICA,60,678,( ( FAR0137 E FCE0367 ) OU ( CEL0110 E FCE0367 ) ),,
FAR0023,INTRODUÇÃO A FARMÁCIA HOSPITALAR,30,678,( ( FAR0119 ) ),,
FAR0026,QUÍMICA FARMACÊUTICA 2,60,678,( ( FAR0126 E FAR0004 ) OU ( FCE0259 E FCE0370 ) ),,
FAR0028,DIAGNÓSTICO LABORATORIAL EM MICROBIOLOGIA CLÍNICA,60,678,( ( CEL0050 E CEL0110 ) ),,
FAR0031,FARMACOLOGIA,60,678,( ( CEL0019 ) OU ( CEL0067 ) ),,( ( FCE0246 ) OU ( ICB0151 ) OU ( CFS0006 ) )
FAR0035,CIÊNCIA ALÉM DA CIÊNCIA,30,678,,,( FCS0012 ) OU ( FAR0034 )
FAR0037,RECONHECIMENTO MOLECULAR DE FÁRMACOS,60,678,( ( FAR0168 ) OU ( FAR0167 ) OU ( FAR0181 E FAR0186 ) ),,
FAR0042,TÓPICOS EM FARMACOLOGIA MOLECULAR,60,678,( ( CEL0054 ) OU ( CEL0062 ) OU ( CEL0082 ) OU ( CEL0094 ) ),,
FAR0047,PLANTAS MEDICINAIS,60,678,( ( FAR0030 ) OU ( FCE0220 ) ),,
FAR0048,BIOPROSPECÇÃO FARMACÊUTICA,120,678,,,
FAR0049,PRÁTICAS EM FARMÁCIA CLÍNICA,90,678,( ( FAR0128 ) OU ( FAR0177 ) ),,
FAR0050,BROMATOLOGIA,60,678,( ( CEL0054 ) OU ( FCE0238 ) OU ( CEL0082 ) ),,FCE0418 E FCE0419
FAR0119,ASSISTÊNCIA FARMACÊUTICA 1,30,678,,,( ( FCE0213 ) OU ( FCS0047 ) OU ( FCS0048 ) )
FAR0120,ESTÁGIO EM TOXICOLOGIA,60,678,( ( IQD0051 OU FCE0238 OU FCE0260 OU FAR0024 OU IQD0033 OU IQD0126 ) OU ( FAR0180 E FAR0185 ) ),,( FCS0049 )
FAR0121,ESTÁGIO EM PESQUISA E POLÍTICA DE MEDICAMENTOS,90,678,,,( FCS0050 ) OU ( FCS0051 )
FAR0122,ESTAGIO EM FISIOLOGIA MOLECULAR,90,678,,,( FCS0052 )
FAR0123,ESTAGIO EM GENETICA MOLECULAR,90,678,,,( FCS0055 )
FAR0124,GENÉTICA BÁSICA E MOLECULAR,60,678,,,( ( FCE0192 E FCE0204 E FCE0224 ) OU ( FAR0142 ) OU ( FCS0056 ) )
FAR0126,QUIMICA FARMACEUTICA,60,678,( ( FAR0167 ) ),,( ( FCE0259 ) )
FAR0127,FARMACOGNOSIA,90,678,( ( FAR0030 E FAR0172 E IQD0072 ) OU ( FAR0030 E FAR0125 E IQD0072 ) OU ( FCE0220 E FAR0167 ) OU ( FCE0220 E FAR0172 E IQD0072 ) ),,( ( FCE0258 E FCE0352 ) OU ( FCS0058 ) )
FAR0129,ESTÁGIO EM METABOLISMO MOLECULAR,90,678,,,( FCS0059 ) OU ( FCS0060 )
FAR0130,ESTAGIO EM BIOTECNOLOGIA,90,678,,,( FCS0061 )
FAR0134,ECONOMIA E GESTÃO DE EMPRESAS FARMACÊUTICAS,30,678,,,( ( FCE0399 ) OU ( FCS0062 ) OU ( FCS0063 ) )
FAR0135,EPIDEMIOLOGIA DO MEDICAMENTO,30,678,( ( FAR0172 ) OU ( FAR0125 ) ),,
FAR0138,ESTÁGIO EM FARMACOGNOSIA,90,678,,,( FCS0064 )
FAR0141,ENZIMOLOGIA E TECNOLOGIA DE FERMENTAÇÃO,60,678,( ( CEL0054 ) OU ( FCE0225 ) OU ( IQD0296 ) ),,
FAR0143,TOXICOLOGIA,60,678,( ( IQD0072 E FAR0125 ) OU ( FAR0167 E FAR0172 ) OU ( FAR0172 E IQD0072 ) OU ( CFS0001 E IQD0245 ) ),,( ( FCE0372 ) )
FAR0147,ESTÁGIO EM ASSISTÊNCIA FARMACÊUTICA 1 - FARMÁCIA HOSPITALAR,225,678,( ( FAR0131 ) OU ( FAR0177 ) ),,( FCS0066 ) OU ( FCS0067 )
FAR0149,ESTÁGIO EM FARMACOLOGIA,60,678,,,( FCS0069 )
FAR0153,ESTÁGIO EM ANÁLISE DE MEDICAMENTOS,90,678,,,
FAR0154,ESTÁGIO EM FARMACOTÉCNICA E COSMETOLOGIA,90,678,,,
FAR0155,ESTÁGIO EM TECNOLOGIA FARMACÊUTICA,90,678,,,
FAR0158,MEDICAMENTOS FITOTERÁPICOS,60,678,,,
FAR0162,ATENÇÃO FARMACÊUTICA,30,678,( ( FAR0177 E FAR0173 ) OU ( FAR0131 ) ),,
FAR0163,TOXICOLOGIA ANALÍTICA E DE ALIMENTOS,120,678,( ( IQD0063 OU IQD0243 OU FAR0168 OU FCE0238 OU FCE0260 OU FAR0024 OU IQD0033 OU FAR0161 ) OU ( FAR0180 E FAR0185 ) OU ( FAR0181 E FAR0186 ) ),,
FAR0166,MÉTODOS DE PESQUISA EM CIÊNCIAS FARMACÊUTICAS,30,678,,,
FAR0167,ANÁLISE ORGÂNICA DOS FÁRMACOS,60,678,( IQD0126 ),,( ( FCE0209 E FCE0239 ) OU ( FCS0077 ) OU ( IQD0280 ) )
FAR0168,ANÁLISE QUALITATIVA E QUANTITATIVA DOS FÁRMACOS,90,678,( IQD0126 ),,( ( FAR0181 E FAR0186 ) OU ( IQD0281 ) OU ( FCS0078 ) )
FAR0169,VIGILÂNCIA SANITÁRIA APLICADA À FARMÁCIA,30,678,( ( FAR0119 ) ),,
FAR0171,TECNOLOGIA DE ALIMENTOS,60,678,( ( FAR0050 E FAR0141 ) ),,
FAR0172,FARMACOLOGIA 1,60,678,( ( CFS0037 E FAR0124 ) OU ( CFS0041 E FAR0124 ) OU ( CFS0041 E GEM0014 E FAR0142 ) ),,( FCE0246 E FCE0256 E FCE0370 )
FAR0173,ASSISTÊNCIA FARMACÊUTICA 2,30,678,( ( FAR0119 ) ),,
FAR0174,PATOLOGIA CLÍNICA,60,678,( ( CFS0037 E FAR0124 ) OU ( CFS0041 E GEM0014 ) ),,
FAR0176,FARMACOTÉCNICA,90,678,( ( FAR0126 E IQD0296 ) ),,( ( FAR0136 ) OU ( FCE0308 E FCE0369 ) )
FAR0177,FARMACOLOGIA 2,60,678,( FAR0172 ),,( FCE0246 E FCE0256 E FCE0370 )
FAR0178,SEMINÁRIOS EM QUÍMICA FARMACÊUTICA E MEDICINAL,30,678,( FAR0126 ),,
FAR0179,INTRODUÇÃO À VIROLOGIA HUMANA E ANIMAL,30,678,( ( CEL0095 ) OU ( FAR0124 ) ),,
FAR0182,FUNDAMENTOS DE PARASITOLOGIA,30,678,( ( FAR0137 E FMD0095 ) OU ( CEL0110 E FAR0174 ) ),,( ( FCS0007 ) OU ( ICB0299 ) OU ( FMD0003 ) )
FAR0183,URINÁLISE E FLUIDOS CORPORAIS,60,678,( ( FAR0174 ) OU ( FAR0028 ) OU ( FCE0367 ) ),,
FAR0248,HEMATOLOGIA CLÍNICA,60,678,( ( FCE0307 ) OU ( CFS0039 E FAR0174 ) ),,( ( FCE0006 ) OU ( FCE0426 E FCE0427 ) )
FAR0249,FARMACOBOTÂNICA,60,678,( FCE0192 OU IQD0125 OU FCE0201 OU CEL0054 ),,( ( FCE0220 ) OU ( FCE0420 E FCE0421 ) OU ( BOT0043 ) OU ( FAR0030 ) )
FAR0250,DEONTOLOGIA E LEGISLAÇÃO FARMACÊUTICA,30,678,( ( FCE0188 E FCE0213 ) OU ( FAR0119 ) ),,( FCE0255 OU FAR0133 )
FAR0251,BIOQUÍMICA CLÍNICA,60,678,( FCE0307 OU FAR0174 ),,( ( FCE0367 ) OU ( FCE0416 E FCE0417 ) )
FAR0253,NEUROBIOLOGIA MOLECULAR,90,678,( CFS0037 ),,
FAV0003,CLÍNICA MÉDICA DE ANIMAIS DE COMPANHIA 1,90,363,( ( FAV0303 E FAV0066 ) E ( FAV0166 OU FAV0365 ) E ( FAV0207 OU FAV0356 ) ),,( ( FAV0368 E FAV0369 ) )
FAV0004,CLÍNICA MÉDICA DE ANIMAIS DE COMPANHIA 2,90,363,( ( FAV0368 OU FAV0003 ) ),,
FAV0005,CLÍNICA E CIRURGIA DE RUMINANTES E EQUINOS 1,150,363,( ( FAV0297 E FAV0158 ) E ( FAV0015 OU FAV0359 ) E ( FAV0207 OU FAV0356 ) E ( FAV0166 OU FAV0365 ) E ( FAV0165 OU FAV0357 ) ),,
FAV0006,SEMIOLOGIA VETERINÁRIA,60,363,( ( FAV0158 ) ),,( ( FAV0363 E FAV0367 ) )
FAV0007,CLÍNICA E CIRURGIA DE RUMINANTES E EQUINOS 2,150,363,( ( FAV0005 ) ),,
FAV0009,GESTÃO DO TRABALHO NO CONTEXTO RURAL E AGROINDUSTRIAL,60,363,,,
FAV0011,ESTÁGIO SUPERVISIONADO 1,60,363,,,( FAV0579 )
FAV0012,ESTÁGIO SUPERVISIONADO 2,60,363,( FAV0011 OU FAV0579 ),,
FAV0013,TRABALHO DE CONCLUSÃO DE CURSO 1,60,363,,,( FAV0581 )
FAV0014,TRABALHO DE CONCLUSÃO DE CURSO 2,60,363,( ( FAV0013 OU FAV0581 ) ),,( FAV0590 )
FAV0015,DOENÇAS PARASITÁRIAS DOS ANIMAIS DOMÉSTICOS,90,363,( ( FAV0018 OU FAV0362 ) E ( FAV0158 E FAV0179 E FAV0160 ) ),,( FAV0359 E FAV0361 )
FAV0016,MÉTODOS QUANTITATIVOS EM MEDICINA VETERINÁRIA,60,363,,,
FAV0017,PRODUÇÃO E MANEJO DE ANIMAIS SILVESTRES E EXÓTICOS,60,363,( FAV0113 OU FAV0178 OU ZOO0017 OU ECL0039 OU GEM0049 OU ECL0033 ),,
FAV0018,PARASITOLOGIA VETERINÁRIA,60,363,( ( FAV0066 E GEM0042 ) ),,( ( FAV0362 E FAV0364 ) )
FAV0025,EMPREENDEDORISMO E MARKETING RURAL,60,363,( ( ECO0019 ) ),,
FAV0027,IRRIGAÇÃO E DRENAGEM,60,363,( ( FAV0032 OU FAV0290 ) ),,
FAV0028,"INTRODUÇÃO A AGRONOMIA, ÉTICA E LEGISLAÇÃO PROFISSIONAL",30,363,,,
FAV0029,PRODUÇÃO DE AVES E SUÍNOS,60,363,( ( FAV0276 ) OU ( FAV0180 ) ),,
FAV0030,HORTICULTURA GERAL,60,363,( ( FAV0069 E FAV0266 E BOT0008 E FIT0030 ) ),,
FAV0031,PRODUÇÃO DE BOVINOS,60,363,( ( FAV0276 ) OU ( FAV0180 ) ),,( FAV0182 E FAV0181 )
FAV0032,HIDRÁULICA E HIDROLOGIA APLICADAS,60,363,( MAT0023 E IFD0005 E IGD0183 E FAV0274 ),,( FAV0290 )
FAV0034,SISTEMAS DE PRODUÇÃO DE CULTURAS ENERGÉTICAS E FIBROSAS,60,363,( FAV0100 OU FAV0101 ),,( FAV0033 )
FAV0037,SISTEMAS DE PRODUÇÃO DE CULTURAS GRANÍFERAS,60,363,( FAV0100 OU FAV0101 ),,( FAV0036 )
FAV0038,ESTATÍSTICA EXPERIMENTAL,60,363,( ( EST0027 ) ),,
FAV0040,CONSTRUÇÕES RURAIS E AMBIÊNCIA,60,363,( FAV0041 E FAV0266 ),,
FAV0041,DESENHO TÉCNICO,30,363,,,
FAV0042,TECNOLOGIA E CONTROLE DE QUALIDADE DOS PRODUTOS AGROPECUÁRIOS,60,363,,,
FAV0043,BIOTECNOLOGIA AGRÍCOLA,30,363,( FAV0101 ),,
FAV0044,AVALIAÇÃO E PERÍCIA DE IMÓVEIS RURAIS,30,363,( ( FAV0037 E FAV0173 ) ),,
FAV0045,AGRICULTURA DE PRECISÃO,60,363,( ( FAV0284 ) ),,
FAV0046,AGROECOLOGIA E AGRICULTURA ORGÂNICA,60,363,( ( FAV0030 E FAV0069 E FAV0037 ) ),,
FAV0052,FISIOLOGIA VETERINARIA 1,90,363,( ( CEL0077 OU CEL0054 ) E ( CEL0089 ) ),,( CFS0040 )
FAV0053,MANEJO INTEGRADO DE ARTRÓPODES-PRAGA 2,60,363,( ZOO0018 OU FAV0069 ),,
FAV0054,PRÁTICAS LABORATORIAIS EM FERTILIDADE DO SOLO,60,363,( ( FAV0069 ) ),,
FAV0066,ANATOMIA DOS ANIMAIS DOMESTICOS 2,120,363,( ( FAV0236 ) ),,( FAV0065 )
FAV0069,FERTILIDADE DO SOLO E ADUBAÇÃO,60,363,( ( FAV0273 ) ),,( FAV0068 )
FAV0084,POLÍTICAS PÚBLICAS DE SAÚDE ANIMAL,60,363,( ( FAV0297 ) ),,( FAV0081 ) OU ( FAV0082 ) OU ( FAV0083 )
FAV0088,EXTENSAO RURAL,60,363,( ( FAV0248 E FAV0249 ) OU ( ECO0019 E SOL0087 ) ),,( FAV0087 )
FAV0095,PRODUÇÃO E TECNOLOGIA DE SEMENTES,60,363,( ( FAV0101 E BOT0008 E FAV0310 ) OU ( FAV0311 ) OU ( FAV0137 ) ),,( FAV0093 ) OU ( FAV0094 )
FAV0101,MELHORAMENTO DE PLANTAS,60,363,( ( GEM0014 E EST0027 ) OU ( GEM0014 E FAV0038 ) ),,( FAV0098 ) OU ( FAV0099 ) OU ( FAV0100 )
FAV0105,PLANTAS FORRAGEIRAS E PASTAGENS,60,363,( ( FAV0069 E BOT0008 ) ),,( FAV0103 ) OU ( FAV0104 )
FAV0109,ALIMENTOS E ALIMENTAÇÃO ANIMAL,60,363,( ( FAV0178 ) OU ( FAV0113 ) ),,( ( FAV0106 ) OU ( FAV0107 ) OU ( FAV0108 ) )
FAV0113,ANATOMIA E FISIOLOGIA DOS ANIMAIS DE PRODUÇÃO,60,363,( ( CEL0054 ) OU ( CEL0019 ) ),,( FAV0111 ) OU ( FAV0112 )
FAV0137,OLERICULTURA 1,60,363,( ( BOT0008 E FIT0008 E ZOO0020 E FAV0069 ) OU ( FIT0030 E BOT0008 E ZOO0020 E FAV0069 ) OU ( FAV0030 ) ),,( FAV0136 )
FAV0152,MECANICA DOS MOTORES E MAQUINAS AGRICOLAS 1,60,363,( ( IFD0192 ) OU ( IFD0067 ) OU ( IFD0005 ) ),,( FAV0151 )
FAV0158,PATOLOGIA VETERINÁRIA,120,363,( ( FAV0303 ) ),,( FAV0157 )
FAV0160,EPIDEMIOLOGIA VETERINARIA,60,363,( ( EST0027 OU FAV0016 ) E ( FAV0206 ) E ( FAV0158 ) E ( FAV0018 OU FAV0362 ) ),,
FAV0161,FISIOPATOLOGIA DA REPRODUCAO DA FEMEA,90,363,( ( FAV0158 ) ),,
FAV0165,TECNICA CIRURGICA VETERINARIA,120,363,( ( FAV0158 ) ),( FAV0207 ),( FAV0357 E FAV0360 )
FAV0166,PATOLOGIA CLÍNICA VETERINÁRIA,60,363,( ( FAV0158 ) E ( FAV0178 ) E ( FAV0206 ) E ( ( FAV0018 ) OU ( FAV0362 ) ) ),,( ( FAV0365 E FAV0366 ) )
FAV0167,FISIOPATOLOGIA DA REPRODUCAO DO MACHO,60,363,( ( FAV0158 ) ),,
FAV0168,TECNOLOGIA DE CARNES E DERIVADOS,60,363,( ( FAV0206 E FAV0297 ) E ( FAV0015 OU FAV0359 ) ),,
FAV0169,TECNOLOGIA DE LEITE E DERIVADOS,60,363,( ( FAV0182 E FAV0161 ) ),,
FAV0173,ARMAZENAMENTO E PRE-PROCESSAMENTO DE PRODUTOS AGRICOLAS,60,363,( ( GEA0011 E MAT0023 ) OU ( FAV0266 E MAT0023 ) ),,( FAV0172 )
FAV0178,FISIOLOGIA VETERINARIA 2,90,363,( FAV0052 E FAV0236 ),,
FAV0179,FARMACOLOGIA VETERINARIA,60,363,( ( FAV0178 ) ),,
FAV0180,NUTRICAO ANIMAL,90,363,( ( FAV0178 ) OU ( FAV0113 ) ),,
FAV0181,BOVINOCULTURA DE CORTE,60,363,( ( FAV0180 ) OU ( FAV0150 E FAV0113 ) OU ( FAV0276 ) ),,
FAV0182,BOVINOCULTURA DE LEITE,60,363,( ( FAV0180 ) OU ( FAV0150 E FAV0113 ) OU ( FAV0276 ) ),,
FAV0186,INSPECAO DE LEITE E DERIVADOS,60,363,( ( FAV0169 ) ),,
FAV0199,CLINICA CIRURGICA DE PEQUENOS ANIMAIS,60,363,( ( FAV0165 ) OU ( FAV0357 ) ),,
FAV0206,MICROBIOLOGIA VETERINARIA,120,363,,,
FAV0207,ANESTESIOLOGIA VETERINARIA,60,363,( ( FAV0178 E FAV0179 ) ),( FAV0165 ),( FAV0356 E FAV0358 )
FAV0208,INSPECAO DE CARNES E DERIVADOS,60,363,( ( FAV0168 ) E ( FAV0166 OU FAV0365 ) ),,
FAV0211,"PAISAGISMO, PARQUES E JARDINS",60,363,( FAV0041 OU FAV0277 OU ENC0053 OU PRO0016 OU BOT0008 OU BOT0009 OU GEA0010 OU ECO0274 ),,( FAV0209 OU FAV0210 )
FAV0222,MANEJO DE PLANTAS DANINHAS,60,363,( ( FAV0030 E FAV0037 ) OU ( BOT0008 ) ),,( FAV0219 ) OU ( FAV0220 ) OU ( FAV0221 )
FAV0232,USO SUSTENTÁVEL DE SOLOS TROPICAIS,60,363,( ( FAV0279 E FAV0290 E FAV0310 ) OU ( FAV0279 E FAV0032 E FAV0037 ) ),,
FAV0234,INTRODUCAO A MEDICINA VETERINARIA,30,363,,,( FAV0233 )
FAV0236,ANATOMIA DOS ANIMAIS DOMESTICOS 1,120,363,,,( FAV0235 )
FAV0237,EQUINOCULTURA,60,363,( ( FAV0180 ) OU ( FAV0150 E FAV0113 ) OU ( FAV0276 ) ),,
FAV0239,CAPRINOCULTURA E OVINOCULTURA,60,363,( FAV0178 OU FAV0113 ),,( FAV0238 )
FAV0243,DIAGNOSTICO POR IMAGEM,60,363,( ( FAV0166 ) OU ( FAV0365 ) ),,
FAV0245,BEM-ESTAR ANIMAL,60,363,( ( FAV0178 ) OU ( FAV0113 ) OU ( CFS0049 ) ),,( FAV0244 )
FAV0246,NUTRIÇÃO DE RUMINANTES,60,363,( ( FAV0178 ) OU ( FAV0113 ) ),,
FAV0248,AVICULTURA,60,363,( ( FAV0180 E FAV0066 E FAV0178 ) OU ( FAV0150 E FAV0113 ) OU ( FAV0276 ) ),,
FAV0249,SUINOCULTURA,60,363,( ( FAV0180 E FAV0066 E FAV0178 ) OU ( FAV0150 E FAV0113 ) OU ( FAV0276 ) ),,
FAV0253,NUTRICAO MINERAL DE PLANTAS,60,363,( ( BOT0008 ) ),,( FAV0252 )
FAV0263,MELHORAMENTO GENETICO ANIMAL,60,363,( ( EST0027 E GEM0014 ) OU ( FAV0016 E GEM0014 ) ),,( FAV0262 )
FAV0266,AGROMETEOROLOGIA E CLIMATOLOGIA,60,363,( ( IFD0192 ) OU ( IFD0005 E IFD0006 ) ),,( ( FAV0264 ) OU ( FAV0265 ) )
FAV0273,BIOLOGIA DO SOLO,60,363,( ( FAV0274 ) ),,
FAV0274,FUNDAMENTOS DE CIÊNCIA DO SOLO,90,363,( ( IQD0209 ) OU ( IQD0125 ) OU ( IQD0252 E IQD0126 ) ),,
FAV0275,ADMINISTRAÇÃO RURAL E COMERCIALIZAÇÃO AGRÍCOLA,60,363,( ECO0019 OU SOL0087 ),,
FAV0276,ZOOTECNIA GERAL,60,363,( ( GEM0014 ) E ( FAV0113 OU FAV0112 ) ),,
FAV0279,MANEJO E CONSERVAÇÃO DO SOLO E DA ÁGUA,60,363,( ( IGD0043 E FAV0069 ) OU ( FAV0069 E IGD0183 E IGD0207 ) ),,( FAV0278 )
FAV0284,MÁQUINAS E MECANIZAÇÃO AGRÍCOLA,60,363,( ( IFD0005 E IFD0006 E MAT0022 ) OU ( IFD0192 E MAT0022 ) ),,( FAV0283 )
FAV0285,INOCULANTES E BIOFERTILIZANTES,60,363,( ( FAV0273 ) ),,
FAV0295,AGRONEGÓCIO E SISTEMAS AGROINDUSTRIAIS,60,363,( ( ECO0019 ) ),,
FAV0297,DOENÇAS INFECCIOSAS DOS ANIMAIS DOMÉSTICOS,60,363,( ( FAV0160 E FAV0158 ) ),,
FAV0299,UTILIZAÇÃO DE PLANTAS FORRAGEIRAS,60,363,( ( FAV0234 E FAV0180 ) ),,
FAV0303,PATOLOGIA GERAL VETERINÁRIA,90,363,( ( GEM0042 E FAV0066 E FAV0234 ) ),,
FAV0309,AGRICULTURA FAMILIAR E DESENVOLVIMENTO RURAL NO BRASIL,60,363,,,
FAV0312,GEOPROCESSAMENTO APLICADO ÀS CIÊNCIAS AGRÁRIAS,60,363,( ( IGD0043 ) ),,
FAV0315,SAÚDE E CLÍNICA DE ANIMAIS SILVESTRES,60,363,( ( FAV0166 E FAV0179 ) ),,
FAV0316,FRUTICULTURA SUBTROPICAL,60,363,( ( FAV0292 OU FAV0030 ) ),,
FAV0319,FRUTICULTURA TROPICAL,60,363,( ( FAV0292 OU FAV0030 ) ),,
FAV0320,CULTIVOS CONSORCIADOS,60,363,( ( FAV0310 ) OU ( FAV0311 ) OU ( FAV0292 ) OU ( FAV0037 ) ),,
FAV0328,SAÚDE PÚBLICA VETERINÁRIA,60,363,( ( FAV0015 E FAV0297 E FAV0160 ) OU ( FAV0359 E FAV0297 E FAV0160 ) ),,( FAV0327 )
FAV0329,AQUICULTURA,60,363,( FAV0113 OU FAV0178 OU ZOO0017 OU FUP0309 OU GEM0049 OU ECL0033 ),,
FAV0330,AVALIAÇÃO DE CARCAÇAS E QUALIDADE DA CARNE,60,363,( FAV0178 OU FAV0113 ),,
FAV0334,CULTURA DE ESPECIARIAS E CONDIMENTOS,60,363,( FAV0030 ),,
FAV0337,BIOTERISMO,60,363,,,
FAV0339,FATORES DE PRODUÇÃO AGROPECUÁRIA,60,363,,,
FAV0346,DESENVOLVIMENTO E GESTÃO DE PROJETOS NO AGRONEGÓCIO,60,363,,,( FAV0531 )
FAV0347,PÓS-COLHEITA DE FRUTAS E HORTALIÇAS,60,363,( ( FAV0292 ) OU ( FAV0137 ) ),,
FAV0349,PESQUISA OPERACIONAL EM SISTEMAS AGROINDUSTRIAIS,60,363,( ( MAT0071 ) OU ( MAT0022 ) OU ( MAT0025 ) ),,
FAV0354,MÉTODOS QUALITATIVOS APLICADOS AO AGRONEGÓCIO,60,363,,,
FAV0512,NEUROLOGIA VETERINÁRIA,30,363,( FAV0006 ),,
FAV0514,COMERCIALIZAÇÃO DE PRODUTOS AGROPECUÁRIOS,60,363,( ECO0019 ),,
FAV0515,GESTÃO AMBIENTAL,60,363,,,( FUP0411 )
FAV0516,GOVERNANÇA E POLÍTICAS PÚBLICAS,60,363,,,( FUP0344 )
FAV0517,PRODUÇÃO VEGETAL,60,363,,,( FUP0292 )
FAV0518,AGRONEGÓCIOS,30,363,,,( FUP0277 )
FAV0519,AGRICULTURA FAMILIAR E SISTEMAS ALIMENTARES SUSTENTÁVEIS,60,363,,,( FUP0279 )
FAV0520,PRODUÇÃO ANIMAL,60,363,,,( FUP0309 )
FAV0521,AGRONEGÓCIOS E SISTEMAS AGROINDUSTRIAIS,60,363,( FAV0518 OU FUP0277 ),,( FUP0295 )
FAV0522,METODOLOGIA DO TRABALHO ACADÊMICO-CIENTÍFICO,60,363,,,( FUP0311 )
FAV0523,CUSTOS NOS AGRONEGÓCIOS,60,363,,,
FAV0524,TRABALHO E SAÚDE EM ORGANIZAÇÕES DOS AGRONEGÓCIOS,60,363,,,( FAV0008 )
FAV0525,GESTÃO DA QUALIDADE,60,363,,,( FUP0334 )
FAV0526,COMÉRCIO INTERNACIONAL,60,363,( ECO0019 ),,
FAV0527,AÇÃO COLETIVA NOS AGRONEGÓCIOS,60,363,,,( FUP0160 )
FAV0528,INTRODUÇÃO À MÉTODOS QUANTITATIVOS EM GESTÃO,60,363,( EST0019 ),,( FAV0345 )
FAV0533,CANAIS DE MARKETING E COMPORTAMENTO DO CONSUMIDOR,60,363,,,( FAV0010 E FUP0239 )
FAV0535,GESTÃO DA INOVAÇÃO NOS AGRONEGÓCIOS,60,363,,,
FAV0536,INTRODUÇÃO À EXTENSÃO UNIVERSITÁRIA,60,363,,,
FAV0537,GESTÃO E MERCADO NA AQUICULTURA,60,363,,,
FAV0548,EXTENSÃO UNIVERSITÁRIA 1,60,363,( FAV0536 ),,
FAV0575,TÓPICOS ESPECIAIS EM GESTÃO DE AGRONEGÓCIOS 1,30,363,,,
FAV0577,TÓPICOS ESPECIAIS EM GESTÃO DE AGRONEGÓCIOS 2,60,363,,,
FCE0006,HEMATOLOGIA CLÍNICA,60,672,( ( FCE0307 ) OU ( CFS0039 E FAR0174 ) ),,( ( FAR0248 ) OU ( FCE0426 E FCE0427 ) OU ( FCE0943 E FCE0945 E FCE0946 ) )
FCE0009,PRÁTICA DA FISIOTERAPIA BASEADA EM PROBLEMAS,30,672,,,
FCE0022,JOGOS VIRTUAIS NA PRÁTICA TERAPÊUTICA: BASES E EVIDÊNCIAS,30,672,( ( FCE0279 ) OU ( FCE0244 ) ),,
FCE0024,RECURSOS TECNOLÓGICOS AVANÇADOS EM FISIOTERAPIA DERMATO-FUNCIONAL,30,672,( ( FCE0290 E FCE0291 ) ),,
FCE0026,TEORIAS DO DESENVOLVIMENTO MOTOR: REPERCUSSÕES NA INTERVENÇÃO PRECOCE,30,672,( ( FCE0279 ) OU ( FCE0244 ) OU ( FCE0376 ) ),,
FCE0028,FUNDAMENTOS DE CANCEROLOGIA,30,672,( ( FCE0231 ) ),,
FCE0034,ESTÁGIO OBRIGATÓRIO EM FISIOTERAPIA 1,300,672,( ( FCE0292 E FCE0293 E FCE0294 E FCE0295 E FCE0300 ) ),,( FCE0442 )
FCE0035,ESTÁGIO OBRIGATÓRIO EM FISIOTERAPIA 2,300,672,( ( FCE0034 OU FCE0442 ) ),,( FCE0447 )
FCE0036,ESTÁGIO OBRIGATÓRIO EM FISIOTERAPIA 3,300,672,( ( FCE0035 OU FCE0447 ) ),,( FCE0448 )
FCE0038,INTRODUÇÃO A FONOAUDIOLOGIA,30,672,,,
FCE0040,ESTUDOS LINGUISTICOS 1,30,672,,,( ( LIP0045 ) )
FCE0042,ESTUDOS LINGUISTICOS 2,60,672,( ( FCE0040 ) ),,
FCE0043,FÍSICA ACÚSTICA,30,672,,,
FCE0060,FISIOTERAPIA NO TRATAMENTO DA DOR CRÔNICA VERTEBRAL,30,672,( ( FCE0290 ) ),,
FCE0065,TECNOLOGIAS ASSISTIVAS EM AUDIOLOGIA,60,672,( ( FCE0126 OU FCE0978 ) E ( FCE0128 E FCE0123 E FCE0132 ) ),,
FCE0069,FONOAUDIOLOGIA NA ATENÇÃO PRIMARIA À SAÚDE,30,672,( ( FCE0038 ) E ( FCE0234 OU FCE0849 ) ),,
FCE0072,TÓPICOS AVANÇADOS EM TERAPIA MANUAL 1,30,672,( ( FCE0290 ) ),,
FCE0078,INTERPRETAÇÃO DE EXAMES NO PROCESSO DE CUIDAR EM ENFERMAGEM,30,672,( ( FCE0248 ) OU ( FCE0170 ) ),,
FCE0080,"SURDEZ: CULTURA, LÍNGUA E SOCIEDADE",60,672,( ( FCE0126 OU FCE0978 ) E ( FCE0128 E FCE0123 E FCE0132 ) ),,
FCE0092,FONOAUDIOLOGIA EDUCACIONAL,30,672,( ( FCE0124 E FCE0113 E FCE0114 ) ),,
FCE0097,PESQUISA APLICADA EM FISIOTERAPIA 1,60,672,,,
FCE0098,PESQUISA APLICADA EM FISIOTERAPIA 2,60,672,( ( FCE0097 ) ),,
FCE0103,TÓPICOS AVANÇADOS EM AUDIOLOGIA 3,30,672,( ( FCE0126 ) OU ( FCE0978 ) ),,
FCE0105,TRABALHO DE CONCLUSÃO DE CURSO EM FONOAUDIOLOGIA 1,30,672,( ( FCE0194 E FCE0121 E FCE0120 ) ),,
FCE0110,"ARTETERAPIA: CRIATIVIDADE, ARTE E SAÚDE",30,672,,,
FCE0113,AVALIAÇÃO E DIAGNÓSTICO FONOAUDIOLÓGICO NO PRIMEIRO CICLO DE VIDA,60,672,( ( FCE0122 ) ),,
FCE0114,AVALIAÇÃO E DIAGNÓSTICO FONOAUDIOLÓGICO NO SEGUNDO CICLO DE VIDA,90,672,( ( FCE0124 ) ),,
FCE0115,AVALIAÇÃO E DIAGNÓSTICO FONOAUDIOLÓGICO NO TERCEIRO CICLO DE VIDA,120,672,( ( FCE0119 ) ),,
FCE0116,FUNDAMENTOS EM PSICOLOGIA APLICADOS AO DESENVOLVIMENTO 1,30,672,,,
FCE0117,FUNDAMENTOS EM PSICOLOGIA APLICADOS AO DESENVOLVIMENTO 2,30,672,( FCE0116 ),,
FCE0119,FONOAUDIOLOGIA NO TERCEIRO CICLO DE VIDA,60,672,( ( FCE0042 ) E ( FCE0117 ) E ( FCE0118 OU FCE0979 ) ),,
FCE0120,EXERCÍCIO PROFISSIONAL E DEONTOLOGIA EM FONOAUDIOLOGIA,30,672,( ( FCE0038 E FCE0069 E FCE0194 ) ),,
FCE0121,VIVÊNCIAS EM SAÚDE FONOAUDIOLÓGICA,60,672,( ( FCE0069 E FCE0113 E FCE0114 E FCE0115 ) E ( FCE0126 OU FCE0978 ) ),,
FCE0122,FONOAUDIOLOGIA NO PRIMEIRO CICLO DE VIDA,60,672,( ( FCE0042 ) E ( FCE0116 ) E ( FCE0118 OU FCE0979 ) ),,
FCE0123,RECURSOS TERAPÊUTICOS EM FONOAUDIOLOGIA NO SEGUNDO CICLO DE VIDA,60,672,( ( FCE0114 ) E ( FCE0126 OU FCE0978 ) ),,
FCE0124,FONOAUDIOLOGIA NO SEGUNDO CICLO DE VIDA,60,672,( ( FCE0042 ) E ( FCE0116 ) E ( FCE0117 ) E ( FCE0118 OU FCE0979 ) ),,
FCE0127,SEMINÁRIOS INTEGRATIVOS EM FONOAUDIOLOGIA,30,672,( ( FCE0121 E FCE0120 ) ),,
FCE0128,RECURSOS TERAPÊUTICOS EM FONOAUDIOLOGIA NO PRIMEIRO CICLO DE VIDA,60,672,( ( FCE0113 ) E ( FCE0126 OU FCE0978 ) ),,
FCE0129,ESTÁGIO CURRICULAR SUPERVISIONADO EM FONOAUDIOLOGIA 2,270,672,( FCE0130 E FCE0080 E FCE0065 ),,
FCE0130,ESTÁGIO CURRICULAR SUPERVISIONADO EM FONOAUDIOLOGIA 1,210,672,( ( FCE0126 OU FCE0978 ) E ( FCE0121 E FCE0128 E FCE0123 E FCE0132 E FCE0264 ) ),,
FCE0131,ESTÁGIO CURRICULAR SUPERVISIONADO EM FONOAUDIOLOGIA 3,240,672,( ( FCE0129 OU FCE0982 ) ),,
FCE0132,RECURSOS TERAPÊUTICOS EM FONOAUDIOLOGIA NO TERCEIRO CICLO DE VIDA,120,672,( ( FCE0115 ) E ( FCE0126 OU FCE0978 ) ),,
FCE0141,"PESQUISA EM EXERCÍCIO FÍSICO, REABILITAÇÃO E DESEMPENHO HUMANO",60,672,( ( FCE0279 ) ),,
FCE0142,GESTÃO DE SERVIÇOS E RECURSOS HUMANOS EM FONOAUDIOLOGIA,30,672,( ( FCE0120 ) ),,
FCE0144,TÓPICOS AVANÇADOS PARA O GERENCIAMENTO APLICADO À ENFERMAGEM,30,672,( FCE0365 ),,( FCE0143 )
FCE0145,SUPORTE E MOVIMENTO,30,672,,,
FCE0146,DA CÉLULA AOS SISTEMAS,60,672,( ( FCE0988 ) OU ( FCE0192 ) ),,
FCE0147,PROCESSOS PATOLÓGICOS,30,672,( ( FCE0230 OU FCE0231 ) ),,( ( FMD0095 ) )
FCE0149,PRÁTICA EM BIOQUÍMICA E BIOLOGIA CELULAR,30,672,( ( FCE0204 ) ),,( FCE0148 )
FCE0152,PESQUISA EM TERAPIA OCUPACIONAL,30,672,( ( FCE0194 E FCE0229 ) ),,
FCE0154,TERAPIA OCUPACIONAL NO CONTEXTO ESCOLAR INFANTIL,30,672,( ( FCE0227 E FCE0232 ) ),,
FCE0159,PESQUISA EM TERAPIA OCUPACIONAL 2,30,672,( ( FCE0152 ) ),,
FCE0165,TÓPICOS AVANÇADOS EM VOZ 1,30,672,( ( FCE0118 OU FCE0979 ) ),,
FCE0166,TERAPIA OCUPACIONAL NO CAMPO DO TRABALHO,60,672,( FCE0232 ),,( FCE0970 )
FCE0168,PESQUISA EM ENFERMAGEM GERONTOLÓGICA,60,672,( ( FCE0194 ) ),,
FCE0169,PRÁTICAS SUPERVISIONADAS EM ENFERMAGEM 1,30,672,( ( FCE0235 E FCE0224 E FCE0204 ) ),,
FCE0170,SEMIOLOGIA E SEMIOTÉCNICA 2,120,672,( ( FCE0247 ) E ( FCE0147 ) E ( FCE0254 ) E ( FCE0397 ) E ( FCE0169 OU FCE0249 ) ),,
FCE0171,PRÁTICAS SUPERVISIONADAS EM ENFERMAGEM 2,60,672,( ( FCE0247 ) E ( FCE0147 ) E ( FCE0254 ) E ( FCE0397 ) E ( FCE0169 OU FCE0249 ) ),,( ( FCE0433 E FCE0434 ) )
FCE0172,PRÁTICAS SUPERVISIONADAS EM ENFERMAGEM 3,60,672,( ( FCE0171 OU FCE0250 ) E ( FCE0170 OU FCE0248 ) E ( FCE0282 ) E ( FCE0246 ) E ( FCE0206 ) ),,
FCE0173,PRÁTICAS SUPERVISIONADAS EM ENFERMAGEM 4,30,672,( ( FCE0172 ) E ( FCE0362 ) ),,
FCE0175,PRÁTICAS SUPERVISIONADAS EM ENFERMAGEM 6,30,672,( ( FCE0376 E FCE0174 ) OU ( FCE0443 E FCE0446 E FCE0444 E FCE0445 ) ),,
FCE0176,CUIDADO INTEGRAL À SAÚDE DO ADULTO E IDOSO NO CONTEXTO CIRÚRGICO,30,672,( ( FCE0170 OU FCE0248 ) E ( FCE0282 ) E ( FCE0246 ) E ( FCE0206 ) E ( FCE0171 OU FCE0250 ) ),,
FCE0178,CONTEXTO HISTÓRICO E SOCIAL DA ENFERMAGEM,30,672,,,
FCE0179,PROCESSO DE CUIDAR DE ENFERMAGEM NA COMUNIDADE,30,672,( ( FCE0362 ) E ( FCE0172 OU FCE0364 ) ),,
FCE0180,CUIDADO DE ENFERMAGEM EM SITUAÇÕES CRÍTICAS E DE RISCO,90,672,( ( FCE0376 E FCE0174 ) OU ( FCE0443 E FCE0446 E FCE0444 E FCE0445 ) ),,
FCE0183,ESTÁGIO CURRICULAR SUPERVISIONADO EM ENFERMAGEM 1,450,672,( ( FCE0388 ) E ( FCE0377 OU FCE0175 ) E ( FCE0180 OU FCE0378 ) ),,
FCE0184,ESTÁGIO CURRICULAR SUPERVISIONADO EM ENFERMAGEM 2,420,672,( FCE0183 ),,
FCE0188,SAÚDE E SOCIEDADE 1: INTRODUÇÃO ÀS CIÊNCIAS SOCIAIS EM SÁUDE,60,672,,,( ( DSC0011 ) OU ( DSC0057 ) )
FCE0189,SEMINÁRIO INTEGRATIVO 1,30,672,,,
FCE0192,DO ÁTOMO À CÉLULA,60,672,,,( FCE0190 OU FCE0191 OU FCE0988 )
FCE0193,FUNDAMENTOS DE FISIOTERAPIA,30,672,,,
FCE0194,INTRODUÇÃO A PESQUISA CIENTÍFICA,30,672,,,( ( ODT0026 ) )
FCE0198,BIOFÍSICA,60,672,,,
FCE0199,PESQUISA SOCIAL EM SAÚDE,60,672,( FCE0273 OU FCE0864 ),,( FCE0872 )
FCE0201,ORGANIZAÇÃO MORFOFUNCIONAL E DESENVOLVIMENTO HUMANO,60,672,,,( ( GEM0062 E FMD0510 ) OU ( FCE0200 ) )
FCE0204,DO GENE À VIDA,30,672,FCE0192,,( GEM0055 OU FCE0202 OU FCE0203 OU GEM0024 )
FCE0205,SEMINÁRIO INTEGRATIVO 2,30,672,( ( FCE0189 ) ),,
FCE0206,EPIDEMIOLOGIA ANALÍTICA,60,672,( ( FCE0187 OU FCE0845 ) ),,( DSC0095 )
FCE0207,FUNCIONALIDADE E SAÚDE,60,672,( ( FCE0208 E FCE0193 ) ),,
FCE0210,PESQUISA EM NOVOS COMPOSTOS APLICADOS A SAÚDE,90,672,( ( FCE0192 ) OU ( IQD0125 ) ),,
FCE0211,PESQUISA EM BIONANOTECNOLOGIA APLICADO A SAÚDE,90,672,( ( FCE0192 ) ),,
FCE0218,FUNDAMENTOS DE FISIOTERAPIA: AGENTES FÍSICOS,90,672,( ( FCE0193 ) ),,
FCE0222,INTEGRAÇÃO DOS PROCESSOS VITAIS,60,672,( ( FCE0201 ) ),,( FCE0221 )
FCE0224,INTEGRAÇÃO METABÓLICA,30,672,( ( FCE0192 ) ),,( FCE0223 )
FCE0226,FUNDAMENTOS DE FISIOTERAPIA TROFISMO E PLASTICIDADE TECIDUAL,60,672,( ( FCE0218 ) ),,
FCE0229,LEITURA E PRODUÇÃO DE TEXTOS ACADÊMICOS,30,672,,,( ( LIP0153 ) )
FCE0231,SISTEMA IMUNITÁRIO,60,672,( ( FCE0192 ) OU ( FCE0988 ) ),,( ( CEL0025 ) OU ( FCE0230 ) )
FCE0235,PROCESSO DE TRABALHO E RELACIONAMENTO INTERPESSOAL,30,672,( ( FCE0145 E FCE0198 E FCE0178 ) OU ( FCE0216 ) ),,
FCE0241,SEMINÁRIO INTEGRATIVO 3,30,672,( ( FCE0205 ) ),,
FCE0242,ENFERMAGEM NAS PRÁTICAS COMPLEMENTARES DE SAÚDE,30,672,( ( FCE0178 ) OU ( FCE0216 ) ),,
FCE0243,PRÁTICAS DE SAÚDE BASEADAS EM EVIDÊNCIAS,60,672,,,
FCE0246,FARMACOLOGIA BÁSICA,60,672,( FCE0264 ),,( ( FCTS0004 ) OU ( FAR0172 E FAR0177 ) )
FCE0247,SEMIOLOGIA E SEMIOTÉCNICA 1,60,672,( ( FCE0224 E FCE0235 E FCE0204 ) ),,
FCE0254,AGENTES INFECCIOSOS,60,672,( ( FCE0231 ) ),,( ( CEL0111 ) OU ( FCE0253 ) )
FCE0259,QUÍMICA FARMACÊUTICA,60,672,( FCE0239 OU FCE0910 ),,( ( FAR0126 ) )
FCE0264,SISTEMAS DE MANUTENÇÃO DA VIDA,60,672,( ( FCE0222 ) ),,( FCE0261 ) OU ( FCE0262 ) OU ( FCE0263 )
FCE0272,SEMINÁRIO INTEGRATIVO 4,30,672,( ( FCE0241 ) ),,
FCE0277,MODELOS E PRÁTICAS DE ATENÇÃO À SAÚDE,60,672,( ( FCE0188 E FCE0213 ) OU ( FCE0188 E FCE0187 ) OU ( FCE0845 ) ),,( ( DSC0038 ) )
FCE0278,TEORIAS E MODELOS DE ADMINISTRAÇÃO,60,672,( ( FCE0234 OU FCE0849 ) ),,
FCE0279,FUNDAMENTOS DE FISIOTERAPIA - MOVIMENTO,90,672,( ( FCE0226 E FCE0224 ) ),,
FCE0280,SEMINÁRIO INTEGRATIVO 5,30,672,( ( FCE0272 ) ),,
FCE0282,INTERAÇÃO PARASITO-HOSPEDEIRO,30,672,( ( FCE0231 ) ),,( FCE0281 )
FCE0283,FISIOTERAPIA BASEADA EM EVIDÊNCIAS 1,30,672,( ( FCE0229 E FCE0279 ) ),,
FCE0284,FISIOTERAPIA NA ATENÇÃO BÁSICA AVALIAÇÃO,30,672,( ( FCE0279 E FCE0207 ) ),,
FCE0285,FISIOTERAPIA NA ATENÇÃO DE MÉDIA COMPLEXIDADE: AVALIAÇÃO,60,672,( ( FCE0279 E FCE0207 ) ),,
FCE0286,FISIOTERAPIA NA ATENÇÃO DE ALTA COMPLEXIDADE: AVALIAÇÃO,60,672,( ( FCE0279 E FCE0207 ) ),,
FCE0288,FISIOTERAPIA BASEADA EM EVIDÊNCIAS 2,30,672,( ( FCE0283 E FCE0206 ) ),,( FCE0287 )
FCE0289,FISIOTERAPIA NA ATENÇÃO BÁSICA RECURSOS TERAPÊUTICOS,60,672,( ( FCE0284 ) ),,
FCE0290,FISIOTERAPIA NA ATENÇÃO DE MÉDIA COMPLEXIDADE: RECURSOS TERAPÊUTICOS,60,672,( ( FCE0285 ) ),,
FCE0291,FISIOTERAPIA NA ATENÇÃO DE ALTA COMPLEXIDADE: RECURSOS TERAPÊUTICOS,60,672,( ( FCE0286 E FCE0282 ) ),,
FCE0292,FISIOTERAPIA BASEADA EM EVIDÊNCIAS 3,30,672,( ( FCE0288 ) ),,
FCE0293,FISIOTERAPIA NA ATENÇÃO BÁSICA INTERVENÇÃO,60,672,( ( FCE0289 ) ),,
FCE0294,FISIOTERAPIA NA ATENÇÃO DE MÉDIA COMPLEXIDADE: INTERVENÇÃO,60,672,( ( FCE0290 ) ),,
FCE0295,FISIOTERAPIA NA ATENÇÃO DE ALTA COMPLEXIDADE: INTERVENÇÃO,60,672,( ( FCE0291 ) ),,
FCE0296,EXERCÍCIO PROFISSIONAL E DEONTOLOGIA EM FISIOTERAPIA,30,672,( ( FCE0207 E FCE0193 E FCE0288 ) ),,
FCE0297,GESTÃO DE SERVIÇOS E RECURSOS HUMANOS EM FISIOTERAPIA,30,672,( ( FCE0207 E FCE0193 ) ),,FCE0990
FCE0298,FISIOTERAPIA NO PROCESSO DE REABILITAÇÃO: AVALIAÇÃO,30,672,( ( FCE0279 E FCE0207 ) ),,
FCE0299,FISIOTERAPIA NO PROCESSO DE REABILITAÇÃO: RECURSOS TERAPÊUTICOS,60,672,( ( FCE0298 ) ),,
FCE0300,FISIOTERAPIA NO PROCESSO DE REABILITAÇÃO: INTERVENÇÃO,60,672,( ( FCE0299 ) ),,
FCE0301,TRABALHO DE CONCLUSÃO DE CURSO EM FISIOTERAPIA 1,30,672,( ( FCE0292 E FCE0293 E FCE0294 E FCE0295 E FCE0300 ) ),,
FCE0316,PALPAÇÃO OSTEOMIOARTICULAR,30,672,,,
FCE0317,LEITURA E ANÁLISE CRÍTICA DE ARTIGOS CIENTÍFICOS EM FISIOTERAPIA,30,672,,,
FCE0324,DIREITO SANITÁRIO,60,672,( ( FCE0234 OU FCE0849 ) ),,
FCE0325,EPIDEMIOLOGIA PARA A GESTÃO EM SAÚDE,60,672,( ( FCE0187 OU FCE0845 ) E ( FCE0234 OU FCE0849 ) ),,( ( DSC0069 ) )
FCE0326,PLANEJAMENTO E PROGRAMAÇÃO EM SAÚDE,60,672,( FCE0278 OU DSC0050 ),,( DSC0092 OU FCE0867 )
FCE0329,MECANISMOS DE AGRESSÃO E DEFESA 3 - PRÁTICA,30,672,( FCE0254 ),,( FCE0938 )
FCE0331,SEMINÁRIO INTEGRATIVO 6,30,672,( ( FCE0280 ) ),,
FCE0332,MONITORAMENTO E AVALIAÇÃO DE POLÍTICAS PÚBLICAS DE SAÚDE,60,672,( ( FCE0234 OU FCE0849 ) E ( FCE0277 ) E ( FCE0867 OU FCE0326 ) ),,( DSC0070 )
FCE0334,ESTÁGIO SUPERVISIONADO EM SAÚDE COLETIVA 1,150,672,( ( FCE0187 E FCE0188 E FCE0189 E FCE0192 E FCE0229 E FCE0204 E FCE0201 E FCE0205 E FCE0206 E FCE0208 E FCE0236 E FCE0231 E FCE0234 E FCE0240 E FCE0241 E FCE0276 E FCE0277 E FCE0254 E FCE0272 E FCE0273 E FCE0278 E FCE0194 E FCE0199 E FCE0280 E FCE0324 E FCE0325 E FCE0326 E FCE0336 ) OU ( FCE0187 E FCE0188 E FCE0189 E FCE0192 E FCE0229 E FCE0204 E FCE0146 E FCE0205 E FCE0206 E FCE0208 E FCE0236 E FCE0231 E FCE0234 E FCE0240 E FCE0241 E FCE0276 E FCE0277 E FCE0254 E FCE0272 E FCE0273 E FCE0278 E FCE0282 E FCE0194 E FCE0199 E FCE0280 E FCE0324 E FCE0325 E FCE0326 E FCE0336 ) ),,( FCE0333 )
FCE0336,ECONOMIA E FINANCIAMENTO EM SAÚDE,60,672,( FCE0323 OU ECO0019 ),,( FCE0869 )
FCE0338,TECNOLOGIAS DE GERENCIAMENTO E GESTÃO EM SAÚDE,60,672,( ( FCE0326 OU FCE0867 ) E ( FCE0336 OU FCE0869 ) ),,
FCE0340,TRABALHO DE CONCLUSÃO DE CURSO EM SAÚDE COLETIVA 1,90,672,( ( FCE0187 E FCE0188 E FCE0189 E FCE0192 E FCE0229 E FCE0204 E FCE0201 E FCE0205 E FCE0206 E FCE0208 E FCE0236 E FCE0231 E FCE0234 E FCE0240 E FCE0241 E FCE0276 E FCE0277 E FCE0254 E FCE0272 E FCE0273 E FCE0278 E FCE0194 E FCE0199 E FCE0280 E FCE0324 E FCE0325 E FCE0326 E FCE0336 ) OU ( FCE0187 E FCE0188 E FCE0189 E FCE0192 E FCE0229 E FCE0204 E FCE0146 E FCE0205 E FCE0206 E FCE0208 E FCE0236 E FCE0231 E FCE0234 E FCE0240 E FCE0241 E FCE0276 E FCE0277 E FCE0254 E FCE0272 E FCE0273 E FCE0278 E FCE0282 E FCE0194 E FCE0199 E FCE0280 E FCE0324 E FCE0325 E FCE0326 E FCE0336 ) ),,
FCE0342,ESTÁGIO SUPERVISIONADO EM SAÚDE COLETIVA 2,150,672,( FCE0334 ),,( FCE0341 )
FCE0346,TRABALHO DE CONCLUSÃO DE CURSO EM SAÚDE COLETIVA 2,90,672,( ( FCE0340 ) ),,
FCE0348,ESTÁGIO SUPERVISIONADO EM SAÚDE COLETIVA 3,150,672,( ( FCE0342 ) ),,( FCE0347 )
FCE0354,TERAPIA OCUPACIONAL BASEADA EM EVIDÊNCIAS 3,30,672,( FCE0318 ),,( FCE0838 )
FCE0356,TERAPIA OCUPACIONAL NA ATENÇÃO BÁSICA: INTERVENÇÃO,60,672,( FCE0319 ),,( FCE0839 )
FCE0357,TERAPIA OCUPACIONAL NA ATENÇÃO DE MÉDIA COMPLEXIDADE: INTERVENÇÃO,60,672,( FCE0320 ),,( FCE0828 )
FCE0358,TERAPIA OCUPACIONAL NA ATENÇÃO DE ALTA COMPLEXIDADE: INTERVENÇÃO,30,672,( ( FCE0321 ) ),,( FCE0837 )
FCE0359,TERAPIA OCUPACIONAL NO PROCESSO DE REABILITAÇÃO: INTERVENÇÃO,60,672,( FCE0322 ),,( FCE0832 )
FCE0361,TERAPIA OCUPACIONAL NA GESTÃO DE SAÚDE,30,672,( FCE0319 E FCE0320 E FCE0321 E FCE0322 ),,( FCE0971 OU FCE0360 )
FCE0362,CUIDADO INTEGRAL A SAÚDE DO ADULTO E IDOSO,90,672,( ( FCE0170 OU FCE0248 ) E ( FCE0171 OU FCE0250 ) E ( FCE0282 ) E ( FCE0246 ) E ( FCE0206 ) ),,
FCE0363,CUIDADO DE ENFERMAGEM PSICOSSOCIAL EM SAÚDE MENTAL,60,672,( ( FCE0362 ) E ( FCE0250 OU FCE0172 ) ),,
FCE0365,"ÉTICA, BIOÉTICA E LEGISLAÇÃO",30,672,( ( FCE0170 E FCE0208 ) OU ( FCE0248 ) ),,
FCE0366,INTERPRETAÇÃO DOS SINAS E SINTOMAS NA PRÁTICA CLÍNICA,30,672,( ( FCE0247 E FCE0248 ) OU ( FCE0170 ) ),,
FCE0367,BIOQUÍMICA CLÍNICA,60,672,( FCE0307 OU FAR0174 ),,( ( FAR0251 ) OU ( FCE0416 E FCE0417 ) OU ( FCE0943 E FCE0945 E FCE0946 ) )
FCE0368,FARMÁCIA HOSPITALAR,60,672,( FCE0213 E FCE0256 ),,( FCE0941 )
FCE0369,FARMACOTÉCNICA 2,60,672,( FCE0308 OU FCE0927 ),,( FCE0437 E FCE0438 ) OU ( FCE0929 )
FCE0370,FARMACOLOGIA CLÍNICA,60,672,( FCE0246 E FCE0932 ),,( ( FCE0936 ) OU ( FAR0172 E FAR0177 E FAR0004 ) )
FCE0372,TOXICOLOGIA APLICADA A FARMÁCIA,60,672,( FCE0256 ),,( FCE0939 OU FAR0143 )
FCE0373,CONTROLE DA QUALIDADE MICROBIOLÓGICO,60,672,( ( FCE0254 E FCE0309 ) OU ( CEL0050 E FAR0002 ) ),,( FCE0947 )
FCE0381,FARMÁCIA CLÍNICA E ATENÇÃO FARMACÊUTICA,30,672,( FCE0307 E FCE0370 ),,( FCE0942 )
FCE0382,PESQUISA EM GERONTOLOGIA,30,672,,,
FCE0383,TÓPICOS AVANÇADOS EM FISIOTERAPIA NA SAÚDE DA MULHER: BASES CIENTÍFICA,30,672,( ( FCE0290 ) ),,
FCE0388,GERENCIAMENTO DO CUIDADO EM SAÚDE,60,672,( ( FCE0278 E FCE0376 ) OU ( FCE0446 E FCE0443 ) ),,
FCE0397,PROCESSO DE CUIDAR EM ENFERMAGEM,30,672,( ( FCE0235 E FCE0224 E FCE0204 ) ),,( ( ENF0051 ) )
FCE0398,MICROBIOLOGIA CLÍNICA,60,672,( FCE0307 E FCE0367 ),,( ( FCE0439 E FCE0440 ) OU ( FCE0943 E FCE0945 E FCE0946 ) )
FCE0399,ECONOMIA E GESTÃO FARMACÊUTICA,30,672,( FCE0255 OU FCE0917 ),,( FAR0134 OU FCE0924 )
FCE0402,TECNOLOGIA APLICADA À FARMÁCIA,60,672,( FCE0369 ),,( FCE0949 )
FCE0409,ESTÁGIO SUPERVISIONADO 1,435,672,( FCE0189 E FCE0206 E FCE0225 E FCE0266 E FCE0259 E FCE0329 E FCE0282 E FCE0277 E FCE0372 E FCE0367 E FCE0373 E FCE0368 E FAR0050 E FCE0399 E FCE0381 E FCE0398 E FCE0402 ),,( FCE0408 )
FCE0412,ESTÁGIO SUPERVISIONADO 2,450,672,( FCE0409 ),,( FCE0411 )
FCE0432,TUTORIA 1,30,672,,,
FCE0443,CUIDADO INTEGRAL À SAÚDE DA MULHER,60,672,( ( FCE0363 ) E ( FCE0364 OU FCE0173 ) ),,
FCE0444,PRÁTICAS SUPERVISIONADAS EM ENFERMAGEM 5 NA SAÚDE DA MULHER,30,672,( ( FCE0363 ) E ( FCE0364 OU FCE0173 ) ),,
FCE0445,PRÁTICAS SUPERVISIONADAS EM ENFERMAGEM 5 NA SAÚDE DA CRIANÇA E ADOLESCENTE,30,672,( ( FCE0363 ) E ( FCE0364 OU FCE0173 ) ),,
FCE0446,CUIDADO DE ENFERMAGEM À CRIANÇA E ADOLESCENTE,60,672,( ( FCE0363 ) E ( FCE0364 OU FCE0173 ) ),,
FCE0454,PESQUISA EM MECANISMOS DE INTERAÇÃO PATÓGENO-HOSPEDEIRO,90,672,FCE0192,,
FCE0457,ANÁLISE BIOMECÂNICA DA MARCHA HUMANA,30,672,( ( FCE0279 ) OU ( FCE0244 ) OU ( FEF0275 ) ),,
FCE0458,"TECNOLOGIAS ECOINOVADORAS, GESTÃO AMBIENTAL E SAÚDE HUMANA",60,672,,,
FCE0741,PESQUISA EM MOTRICIDADE OROFACIAL E DISFAGIA,60,672,( FCE0194 ),,
FCE0745,PESQUISA EM DISTÚRBIOS DA COMUNICAÇÃO,60,672,( FCE0040 ),,( FCE0067 )
FCE0758,EXTENSÃO NO PROCESSO DE CUIDAR EM ENFERMAGEM,45,672,( FCE0178 E FCE0235 ),,
FCE0760,EXTENSÃO NO CUIDADO EM ENFERMAGEM AO ADULTO E IDOSO,30,672,( FCE0178 E FCE0235 ),,
FCE0770,EXTENSÃO NAS BASES BIOLÓGICAS E DA SAÚDE,30,672,,,
FCE0777,INTRODUÇÃO À TERAPIA OCUPACIONAL,30,672,,,( FCE0217 )
FCE0784,LABORATÓRIO DE ATIVIDADES 1: PRÁTICAS EXPRESSIVAS,60,672,,,( FCE0227 )
FCE0785,FUNDAMENTOS EM TERAPIA OCUPACIONAL 1: EPISTEMOLOGIA E PARADIGMAS,60,672,( FCE0777 ) OU ( FCE0217 ),,( ( FCE0267 ) E ( FCE0318 ) )
FCE0787,"LABORATÓRIO DE ATIVIDADES 2: APLICAÇÃO DA OCUPAÇÃO, ATIVIDADE E COTIDIANO",60,672,( FCE0784 ),,
FCE0791,LABORATÓRIO DE ATIVIDADES 3: MOVIMENTO HUMANO,60,672,( ( FCE0787 E FCE0145 E FCE0222 ) OU ( FCE0232 E FCE0145 E FCE0222 ) ),,
FCE0792,"FUNDAMENTOS EM TERAPIA OCUPACIONAL 2: OCUPAÇÃO, ATIVIDADE E COTIDIANO",30,672,( FCE0785 ),,( FCE0232 )
FCE0793,DESENVOLVIMENTO E CONSTRUÇÃO HUMANA 1,60,672,( FCE0787 E FCE0145 ) OU ( FCE0232 E FCE0244 E FCE0145 ),,
FCE0794,LABORATÓRIO DE ATIVIDADES 4: ABORDAGENS GRUPAIS,60,672,( ( FCE0791 ) OU ( FCE0271 ) ),,
FCE0802,DESENVOLVIMENTO E CONSTRUÇÃO HUMANA 2,60,672,( FCE0793 ) OU ( FCE0232 E FCE0244 ),,
FCE0810,CULTURA E DIVERSIDADE EM TERAPIA OCUPACIONAL,30,672,( FCE0792 E FCE0862 ) OU ( FCE0232 E FCE0208 ),,( FCE0268 )
FCE0811,TERAPIA OCUPACIONAL NA SAÚDE MENTAL,30,672,( ( FCE0792 E FCE0793 ) OU ( FCE0271 ) ),,
FCE0814,TERAPIA OCUPACIONAL NA SAÚDE FUNCIONAL,60,672,( FCE0792 E FCE0793 ),,
FCE0819,TERAPIA OCUPACIONAL EM CONTEXTOS HOSPITALARES E CUIDADOS PALIATIVOS,30,672,( ( FCE0793 E FCE0264 ) OU ( FCE0244 E FCE0232 ) ),,( FCE0270 )
FCE0820,ATIVIDADE DE EXTENSÃO EM TERAPIA OCUPACIONAL 1,30,672,,,
FCE0825,"LABORATÓRIO DE ATIVIDADES 5: TECNOLOGIA ASSISTIVA, ACESSIBILIDADE E INOVAÇÃO",60,672,( ( FCE0794 E FCE0802 ) OU ( FCE0269 ) ),,
FCE0827,"SOCIEDADE, SAÚDE, TRABALHO E DIREITOS",30,672,( FCE0810 ),,( FCE0319 )
FCE0828,CENÁRIOS E PRÁTICAS EM SAÚDE FUNCIONAL,60,672,( ( FCE0814 ) OU ( FCE0320 ) ),,( FCE0357 )
FCE0832,CENÁRIOS E PRÁTICAS NA SAÚDE MENTAL,60,672,( ( FCE0811 ) OU ( FCE0322 ) ),,( FCE0359 )
FCE0835,PROCESSOS DE ENVELHECIMENTO E TERAPIA OCUPACIONAL,60,672,( FCE0802 ),,
FCE0836,TERAPIA OCUPACIONAL NA ATENÇÃO PRIMÁRIA EM SAÚDE,30,672,( FCE0849 ),,( FCE0319 )
FCE0837,CENÁRIOS E PRÁTICAS EM TERAPIA OCUPACIONAL EM CONTEXTOS HOSPITALARES E CUIDADOS PALIATIVOS,60,672,( ( FCE0819 ) OU ( FCE0270 ) ),,( ( FCE0321 ) E ( FCE0358 ) )
FCE0844,PESQUISA EM BASES BIOLÓGICAS E DA SAÚDE,90,672,,,
FCE0845,EPIDEMIOLOGIA GERAL,60,672,,,
FCE0847,EDUCAÇÃO EM SAÚDE,60,672,,,
FCE0848,PROMOÇÃO DA SAÚDE,60,672,,,
FCE0849,SISTEMAS E POLÍTICAS DE SAÚDE,60,672,( FCE0188 ),,
FCE0850,ATENÇÃO PRIMÁRIA,60,672,( ( FCE0330 OU FCE0851 ) E ( FCE0849 OU FCE0234 ) ),,
FCE0851,FUNDAMENTOS DO BACHARELADO EM SAÚDE COLETIVA,60,672,,,
FCE0852,COMUNICAÇÃO E INFORMAÇÃO PARA EDUCAÇÃO EM SAÚDE,60,672,( FCE0847 OU FCE0276 ),,
FCE0853,INTRODUÇÃO À REGULAÇÃO EM SAÚDE E SAÚDE SUPLEMENTAR,30,672,( FCE0324 ),,
FCE0854,BIOESTATÍSTICA 1,30,672,( FCE0845 OU FCE0187 ),,
FCE0856,INFORMAÇÃO EM SAÚDE,30,672,( FCE0845 OU FCE0187 ),,
FCE0858,BIOESTATÍSTICA 2,30,672,( FCE0854 ),,
FCE0861,VIGILÂNCIA EM SAÚDE,60,672,( FCE0325 E FCE0858 ),,
FCE0862,SAÚDE E SOCIEDADE 2: O PROCESSO SAÚDE-DOENÇA COMO CONSTRUÇÃO SOCIAL,60,672,( FCE0188 ),,
FCE0864,SAÚDE E SOCIEDADE 3: SAÚDE E DIVERSIDADE NO CONTEXTO SOCIAL,60,672,( FCE0208 OU FCE0862 ),,
FCE0866,BIOÉTICA NA SAÚDE COLETIVA,60,672,( ( FCE0208 OU FCE0862 ) E ( FCE0206 OU FCE0868 OU FCE0323 OU ECO0019 ) ),,
FCE0868,ECONOMIA DA SAÚDE: FERRAMENTAS PARA GESTÃO,60,672,,,
FCE0871,"GESTÃO, AMBIENTE E SAÚDE",60,672,( FCE0325 ),,
FCE0874,SAÚDE DO TRABALHADOR E DA TRABALHADORA,60,672,( FCE0325 ),,
FCE0886,EXTENSÃO UNIVERSITÁRIA NA FCE,30,672,,,
FCE0909,QUÍMICA APLICADA A FARMÁCIA 1,90,672,( FCE0192 ),,( FCE0209 E FCE0212 E FCE0225 E FCE0239 )
FCE0910,QUÍMICA APLICADA A FARMÁCIA 2,90,672,( FCE0209 OU FCE0225 OU FCE0909 ),,
FCE0911,ANÁLISE INSTRUMENTAL FARMACÊUTICA E FORENSE,90,672,( ( FCE0209 OU FCE0225 ) E ( FCE0238 ) ) OU ( ( FCE0910 ) ),,
FCE0915,FARMÁCIA E SOCIEDADE,60,672,,,
FCE0917,LEGISLAÇÃO E DEONTOLOGIA FARMACÊUTICA,30,672,( FCE0188 E FCE0213 ) OU ( FCE0916 ),,( FCE0255 )
FCE0919,CUIDADO FARMACÊUTICO 1,45,672,( FCE0916 ),,
FCE0920,CUIDADO FARMACÊUTICO 2,30,672,( FCE0919 OU FCE0213 ),,( FCE0063 )
FCE0921,ESTÁGIO EM FARMÁCIA 1,60,672,( FCE0916 ),,
FCE0922,ESTÁGIO EM FARMÁCIA 2,60,672,( FCE0921 E FCE0926 E FCE0911 ),,
FCE0926,PLANTAS MEDICINAIS E FITOTERÁPICOS 1,60,672,( FCE0192 OU IQD0125 ) E ( FCE0201 ) E ( FCE0239 OU FCE0910 ),,( FCE0220 )
FCE0927,ASPECTOS TECNOLÓGICOS EM FARMACOTÉCNICA 1,60,672,( ( FCE0246 OU FCTS0004 ) E ( FCE0258 ) ) OU ( ( FCE0926 ) ),,( FCE0308 )
FCE0931,PLANTAS MEDICINAIS E FITOTERÁPICOS 2,90,672,( FCE0220 OU FCE0926 ),,
FCE0932,FARMACOLOGIA 1,60,672,( FCE0246 OU FCTS0004 ),,( FCE0256 )
FCE0935,TÉCNICAS E MÉTODOS NO LABORATÓRIO DE ANÁLISES CLÍNICAS,60,672,( FCE0204 ),,
FCE0937,EPIDEMIOLOGIA DOS MEDICAMENTOS,30,672,( FCE0845 ) OU ( FCE0187 E FCE0213 ),,( FCE0390 )
FCE0938,PRÁTICAS E INTERAÇÃO PARASITO-HOSPEDEIRO,30,672,( FCE0192 ),,( FCE0329 )
FCE0947,CONTROLE DA QUALIDADE FÍSICO-QUÍMICO E MICROBIOLÓGICO DE MEDICAMENTOS,90,672,( FCE0238 E FCE0254 E FCE0260 ) OU ( FCE0254 E FCE0911 ),,( FCE0309 E FCE0373 )
FCE0977,FUNDAMENTOS DE AUDIOLOGIA 1,60,672,( ( FCE0118 OU FCE0979 ) E ( FCE0043 ) ),,
FCE0978,FUNDAMENTOS DE AUDIOLOGIA 2,30,672,( ( FCE0977 ) ),,
FCE0979,MORFOFISIOLOGIA DOS ÓRGÃOS DA FALA E DA AUDIÇÃO,60,672,( FCE0201 ),,( FCE0118 )
FCE0984,TÓPICOS AVANÇADOS EM TERAPIA OCUPACIONAL 1,60,672,( FCE0319 E FCE0320 E FCE0321 E FCE0322 ),,
FCE0988,CÉLULA E HEREDITARIEDADE,60,672,,,( FCE0192 )
FCE0993,ATIVIDADE DE EXTENSÃO COLETIVA NO EIXO CENÁRIOS DE PRÁTICA EM FISIOTERAPIA 1,30,672,,,
FCE0995,PESQUISA EM FISIOTERAPIA,30,672,,,
FCI0001,TÓPICOS ESPECIAIS EM BIBLIOTECONOMIA E CIÊNCIA DA INFORMAÇÃO,60,674,,,( ( FCI0101 E FCI0104 ) )
FCI0007,SEMINÁRIO EM MUSEOLOGIA 1,60,674,( ( FCI0014 ) ),,( FCI0006 )
FCI0010,PROJETO DE MONOGRAFIA EM BIBLIOTECONOMIA E CIÊNCIA DA INFORMAÇÃO,60,674,,,
FCI0011,EDITORAÇÃO,60,674,,,( ( CID0001 ) OU ( CID0002 ) OU ( CID0003 ) OU ( FCI0100 E FCI0103 ) )
FCI0013,INTRODUÇÃO À MUSEOLOGIA,60,674,,,( CID0004 ) OU ( FCI0012 )
FCI0014,MUSEOLOGIA 1,60,674,( ( FCI0013 ) ),,( CID0005 )
FCI0015,MUSEOLOGIA 2,60,674,( ( FCI0014 ) ),,( CID0006 )
FCI0016,MUSEOLOGIA 3,60,674,( ( FCI0015 ) ),,( CID0007 )
FCI0017,MUSEOLOGIA E COMUNICAÇÃO 1,60,674,( ( FCI0013 ) ),,( CID0008 )
FCI0018,MUSEOLOGIA E COMUNICAÇÃO 2,60,674,( ( FCI0017 ) ),,( CID0009 )
FCI0019,MUSEOLOGIA E COMUNICAÇÃO 3,60,674,( ( FCI0018 ) ),,( CID0010 )
FCI0020,MUSEOLOGIA E COMUNICAÇÃO 4,60,674,( ( FCI0019 ) ),,( CID0011 )
FCI0022,MUSEOLOGIA E PRESERVAÇÃO 2,60,674,( ( FCI0042 ) ),,( CID0013 )
FCI0023,INTRODUCAO A BIBLIOTECONOMIA E CIENCIA DA INFORMACAO,60,674,,,( CID0014 )
FCI0024,HISTORIA DO LIVRO E DAS BIBLIOTECAS,60,674,,,( CID0015 ) OU ( CID0016 )
FCI0025,BIBLIOGRAFIA,60,674,( ( FCI0053 ) OU ( FCI0046 ) ),,( CID0017 ) OU ( CID0018 )
FCI0029,CATALOGACAO,60,674,( ( FCI0053 ) OU ( FCI0046 ) ),,( CID0022 ) OU ( CID0023 )
FCI0030,ORGANIZACAO E TRATAMENTO DE MATERIAIS ESPECIAIS,60,674,( ( FCI0029 ) ),,( CID0024 ) OU ( CID0025 )
FCI0031,CLASSIFICACAO,60,674,( ( FCI0053 ) OU ( FCI0046 ) ),,( CID0026 ) OU ( CID0027 )
FCI0034,GERÊNCIA DE SISTEMAS DE INFORMAÇÃO,60,674,( ( FCI0051 ) ),,( CID0033 ) OU ( CID0034 )
FCI0035,INFORMAÇÃO E DOCUMENTAÇÃO MUSEOLÓGICA,60,674,( ( FCI0046 E FCI0016 ) ),,( CID0037 )
FCI0036,GESTÃO DE MUSEUS E POLÍTICAS DE ACERVOS MUSEOLÓGICOS,60,674,( ( FCI0016 ) ),,( CID0038 )
FCI0037,ESTÁGIO SUPERVISIONADO 1,60,674,( ( FCI0016 E FCI0019 E FCI0071 E FCI0035 ) ),,( CID0039 )
FCI0038,ESTÁGIO SUPERVISIONADO 2,60,674,( ( FCI0037 ) ),,( CID0040 )
FCI0039,INTRODUÇÃO AO TRABALHO DE CONCLUSÃO DE CURSO,60,674,( FCI0035 E FCI0016 E FCI0020 ),,( CID0041 )
FCI0040,TRABALHO DE CONCLUSÃO DE CURSO,60,674,( ( FCI0039 ) ),,( CID0042 )
FCI0041,MUSEOLOGIA PATRIMONIO MEMÓRIA,60,674,,,( CID0043 )
FCI0042,MUSEOLOGIA E PRESERVAÇÃO 1,60,674,( ( FCI0071 ) ),,( CID0044 )
FCI0046,ANALISE DA INFORMACAO,60,674,( ( FCI0053 ) OU ( FCI0023 ) OU ( FCI0014 ) OU ( FCI0064 ) ),,( CID0057 ) OU ( CID0058 ) OU ( CID0059 )
FCI0049,BIBLIOTECONOMIA E SOCIEDADE BRASILEIRA,60,674,,,( CID0068 ) OU ( CID0069 )
FCI0050,INFORMATICA DOCUMENTARIA,60,674,( ( FCI0080 ) OU ( FCI0063 ) ),,( CID0070 )
FCI0051,PLANEJAMENTO DE SISTEMAS DE INFORMAÇÃO,60,674,( ( ADM0023 ) ),,( CID0072 ) OU ( CID0073 )
FCI0052,ESTUDO DE USUARIOS,60,674,( ( EST0019 ) OU ( EST0033 E EST0068 ) OU ( ELA0013 ) ),,( CID0074 ) OU ( CID0075 )
FCI0054,LINGUAGENS DOCUMENTARIAS,60,674,( ( FCI0059 ) ),,( CID0079 )
FCI0055,SERVICOS DE INFORMACAO,60,674,( ( FCI0025 ) ),,( ( FCI0033 ) OU ( CID0081 ) OU ( CID0082 ) OU ( CID0083 ) )
FCI0056,FORMACAO E DESENVOLVIMENTO DE ACERVOS,60,674,( ( FCI0053 ) OU ( FCI0046 ) ),,( CID0084 ) OU ( CID0085 )
FCI0059,INDEXACAO,60,674,( ( FCI0053 ) OU ( FCI0046 ) ),,( CID0090 ) OU ( CID0091 )
FCI0062,INTRODUCAO A ARQUIVOLOGIA,60,674,,,( CID0100 )
FCI0066,DIPLOMATICA E TIPOLOGIA DOCUMENTAL,60,674,( ( FCI0063 ) OU ( FCI0120 ) ),,( CID0105 )
FCI0071,CONSERVACAO E RESTAURACAO DE DOCUMENTOS,60,674,,,( CID0110 )
FCI0073,SEMINARIO EM ARQUIVISTICA 1,60,674,( ( FCI0062 ) ),,( CID0112 )
FCI0074,SEMINARIO EM ARQUIVISTICA 2,60,674,( ( FCI0062 ) ),,( CID0113 )
FCI0079,REDES DE INFORMACAO E TRANSFERENCIA DE DADOS,60,674,( ( FCI0080 ) ),,( CID0120 )
FCI0080,PLANEJAMENTO E ELABORACAO DE BASES DE DADOS,60,674,( ( FCI0029 E CIC0152 ) OU ( FCI0029 E CIC0007 ) OU ( FCI0029 E CIC0069 ) ),,( ( CID0121 ) OU ( FCI0094 E FCI0102 ) )
FCI0084,POLÍTICAS E PRÁTICAS DO PATRIMONIO CULTURAL NO BRASIL,60,674,,,
FCI0092,MUSEOLOGIA APLICADA A ACERVOS: INDUMENTÁRIA,60,674,,,
FCI0108,ARQUIVOLOGIA E EXTENSÃO 2,60,674,( FCI0062 ),,
FCI0110,ARQUIVOS E DIREITOS HUMANOS,60,674,,,
FCI0111,ARQUIVOS E MEMÓRIA,60,674,,,
FCI0113,HISTÓRIA DA ARQUIVOLOGIA,60,674,FCI0062,,
FCI0118,ACESSO E DIFUSÃO DAS INFORMAÇÕES ARQUIVÍSTICAS,60,674,,,
FCI0119,AVALIAÇÃO ARQUIVÍSTICA,60,674,FCI0062,,
FCI0120,CLASSIFICAÇÃO ARQUIVÍSTICA,60,674,FCI0062,,
FCI0121,DESCRIÇÃO ARQUIVÍSTICA,60,674,FCI0129,,
FCI0122,ESTÁGIO SUPERVISIONADO EM ARQUIVOS,120,674,( ( FCI0121 ) E ( FCI0123 ) ),,
FCI0123,GESTÃO DE DOCUMENTOS ARQUIVÍSTICOS DIGITAIS,60,674,( FCI0125 OU FCI0050 ),,
FCI0124,GESTÃO INTEGRADA DE DOCUMENTOS,60,674,FCI0119,,
FCI0125,"INFORMAÇÃO, TECNOLOGIAS E DOCUMENTOS ARQUIVÍSTICOS",60,674,FCI0124,,
FCI0126,PLANEJAMENTO E GESTÃO DE INSTITUIÇÕES ARQUIVÍSTICAS,60,674,FCI0124,,
FCI0127,INTRODUÇÃO AO TRABALHO DE CONCLUSÃO DE CURSO,60,674,FCI0121,,
FCI0128,"PATRIMÔNIO, PRESERVAÇÃO E MEMÓRIA",60,674,,,
FCI0129,REPRESENTAÇÃO DA INFORMAÇÃO ARQUIVÍSTICA,60,674,FCI0120,,
FCI0130,TRABALHO DE CONCLUSÃO DE CURSO,60,674,FCI0127,,
FCS0004,TÉCNICAS INTRUMENTAIS DE ANÁLISE,30,410,( ( FAR0167 ) ),,
FCS0054,ESTAGIO EM IMUNOLOGIA MOLECULAR,90,678,,,( FCS0053 )
FCTE0005,ALGORITMOS EM GRAFOS,60,673,,,
FCTE0009,ESTIMAÇÃO ÓTIMA DE SISTEMAS DINÂMICOS AEROESPACIAIS,60,673,( FGA0045 ),,
FCTE0014,DINÂMICA DOS FLUIDOS COMPUTACIONAL APLICADA,60,673,( FGA0204 ),,
FCTE0017,TECNOLOGIAS DE FABRICAÇÃO 1,60,673,( FGA0078 E FGA0075 ),,
FCTE0018,TECNOLOGIAS DE FABRICAÇÃO 2,60,673,( FGA0078 E FGA0075 ),,
FCTS0004,FARMACOLOGIA BÁSICA,60,672,( FCE0264 ),,( ( FAR0172 E FAR0177 ) OU ( FCE0246 ) )
FCTS0029,EXTENSÃO EM ASSISTÊNCIA FARMACÊUTICA,15,672,( FCE0845 ),,
FDD0004,INSTITUIÇÕES DE DIREITO PÚBLICO E PRIVADO,60,370,,,( ( FDD0006 ) OU ( FDD0003 ) )
FDD0006,INTRODUÇÃO AO DIREITO 1,60,370,,,( ( FDD0004 ) OU ( FDD0155 ) OU ( FDD0195 ) OU ( FDD0005 ) )
FDD0011,FILOSOFIA DO DIREITO,60,370,( ( FDD0242 E FDD0272 E FDD0013 E FDD0248 ) OU ( FDD0242 E FDD0272 E FDD0013 E FDD0248 E FDD0167 ) ),,( FDD0010 )
FDD0013,SOCIOLOGIA JURÍDICA,60,370,( ( SOL0042 E FDD0006 ) OU ( FDD0271 E FDD0006 ) ),,( ( FDD0201 ) OU ( FDD0012 ) )
FDD0015,LEGISLAÇÃO SOCIAL,60,370,,,( ( FDD0058 E FDD0060 ) OU ( FDD0267 ) OU ( FDD0014 ) )
FDD0017,TEORIA GERAL DO PROCESSO 1,60,370,( ( FDD0167 ) ),,( ( FDD0226 ) OU ( FDD0016 ) )
FDD0019,TEORIA GERAL DO DIREITO PÚBLICO,60,370,( ( FDD0006 ) ),,( ( FDD0218 ) OU ( FDD0018 ) )
FDD0021,DIREITO CONSTITUCIONAL 1,60,370,( ( FDD0019 ) OU ( FDD0218 ) ),,( FDD0020 )
FDD0023,DIREITO CONSTITUCIONAL 2,60,370,( ( FDD0021 ) ),,( FDD0022 )
FDD0025,DIREITO ADMINISTRATIVO 1,60,370,( ( FDD0019 ) OU ( FDD0218 ) ),,( FDD0024 )
FDD0027,DIREITO ADMINISTRATIVO 2,60,370,( ( FDD0025 ) ),,( FDD0026 )
FDD0029,DIREITO ADMINISTRATIVO 3,60,370,( ( FDD0027 ) OU ( FDD0019 ) ),,( FDD0028 )
FDD0031,DIREITO FINANCEIRO,60,370,( ( FDD0025 E FDD0021 ) ),,( FDD0030 )
FDD0033,DIREITO TRIBUTÁRIO,60,370,( ( FDD0031 ) OU ( FDD0224 ) ),,( FDD0032 )
FDD0035,DIREITO INTERNACIONAL PÚBLICO,60,370,( ( FDD0019 ) ),,( FDD0034 )
FDD0037,DIREITO INTERNACIONAL PRIVADO,60,370,,,( FDD0036 )
FDD0039,DIREITO PENAL 1,60,370,( ( FDD0165 ) ),,( FDD0038 )
FDD0041,DIREITO PENAL 2,60,370,( ( FDD0039 ) ),,( FDD0040 )
FDD0043,MEDICINA LEGAL,60,370,( ( FDD0041 E FDD0167 ) ),,( ( FMD0111 ) OU ( FDD0042 ) )
FDD0045,DIREITO PROCESSUAL CIVIL 1,60,370,( ( FDD0169 ) OU ( FDD0226 ) OU ( FDD0017 ) ),,( ( FDD0226 ) OU ( FDD0044 ) )
FDD0047,DIREITO PROCESSUAL CIVIL 2,60,370,( ( FDD0045 ) ),,( FDD0046 )
FDD0049,DIREITO PROCESSUAL PENAL 1,60,370,( ( FDD0041 E FDD0047 ) OU ( FDD0039 ) ),,( FDD0048 )
FDD0051,DIREITO PROCESSUAL PENAL 2,60,370,( ( FDD0049 ) ),,( FDD0050 )
FDD0053,DIREITO PROCESSUAL DO TRABALHO,60,370,( ( FDD0055 E FDD0045 ) OU ( FDD0267 E FDD0045 ) ),,( FDD0052 )
FDD0060,DIREITO PREVIDENCIÁRIO,60,370,( ( FDD0167 ) ),,( FDD0059 )
FDD0062,TEORIA GERAL DO DIREITO PRIVADO,60,370,( ( FDD0006 ) ),,( ( FDD0222 ) OU ( FDD0061 ) )
FDD0065,DIREITO DAS COISAS,60,370,( ( FDD0097 E FDD0167 ) ),,( FDD0063 ) OU ( FDD0064 )
FDD0068,DIREITO DE FAMÍLIA,60,370,( ( FDD0065 ) OU ( FDD0006 ) ),,( FDD0066 ) OU ( FDD0067 )
FDD0072,DIREITO COMERCIAL 1,60,370,( ( FDD0097 ) OU ( FDD0062 ) ),,( FDD0071 )
FDD0074,DIREITO COMERCIAL 2,60,370,( ( FDD0072 ) ),,( FDD0073 )
FDD0081,JURISPRUDÊNCIA DO DIREITO PENAL,30,370,( ( FDD0041 ) ),,( FDD0080 )
FDD0088,CRIMINOLOGIA,60,370,( ( FDD0167 ) OU ( SOL0042 E FIL0069 ) ),,( FDD0086 ) OU ( FDD0087 )
FDD0092,DIREITO DAS OBRIGAÇÕES,60,370,( ( FDD0062 ) ),,( FDD0091 )
FDD0097,DIREITO DOS CONTRATOS,60,370,( ( FDD0092 ) ),,( ( FDD0070 ) OU ( FDD0096 ) )
FDD0117,DIREITO INDUSTRIAL,30,370,,,( FDD0114 ) OU ( FDD0115 ) OU ( FDD0116 )
FDD0141,LEGISLAÇÃO TRIBUTÁRIA,60,370,,,( ( FDD0033 ) OU ( FDD0140 ) )
FDD0145,DIREITO PROCESSUAL CIVIL 3,60,370,( ( FDD0047 ) ),,( FDD0144 )
FDD0153,PESQUISA JURÍDICA,60,370,,,( FDD0152 )
FDD0155,NOÇÕES DE DIREITO,60,370,,,( ( FDD0006 ) OU ( FDD0154 ) )
FDD0165,TEORIA GERAL DO DIREITO PENAL,90,370,( ( FDD0006 ) ),,( FDD0163 ) OU ( FDD0164 )
FDD0167,INTRODUÇÃO AO DIREITO 2,60,370,( ( SOL0042 ) OU ( FDD0271 E FDD0270 ) ),,( ( FDD0205 ) OU ( FDD0166 ) )
FDD0169,TEORIA GERAL DO PROCESSO 2,60,370,( ( FDD0017 ) OU ( FDD0226 ) OU ( FDD0045 ) ),,( FDD0168 )
FDD0172,LEGISLAÇÃO ADMINISTRATIVA,60,370,,,( ( FDD0025 ) OU ( FDD0170 ) OU ( FDD0171 ) )
FDD0174,DIREITO COMERCIAL 3,60,370,( ( FDD0072 ) ),,( FDD0173 )
FDD0176,DIREITO DAS SUCESSÕES,60,370,( ( FDD0068 ) OU ( FDD0065 ) ),,( FDD0175 )
FDD0210,TEORIA GERAL DO ESTADO 2,60,370,,,( FDD0208 ) OU ( FDD0209 )
FDD0239,PROJETO DE MONOGRAFIA,30,370,( ( FDD0254 ) OU ( FDD0153 ) ),,( FDD0237 ) OU ( FDD0238 )
FDD0241,DIREITO ECONÔMICO,60,370,( ( FDD0031 ) ),,
FDD0242,HISTÓRIA DO DIREITO,60,370,,,
FDD0244,ATUALIZAÇÃO E PRÁTICA DO DIREITO 3,60,370,,,( FDD0243 )
FDD0245,RESPONSABILIDADE CIVIL,30,370,( ( FDD0068 E FDD0092 ) ),,
FDD0248,MODELOS E PARADIGMAS DA EXPERIÊNCIA JURÍDICA,60,370,,,
FDD0249,TEORIA GERAL DO ESTADO,60,370,( ( FDD0006 ) OU ( FDD0153 ) ),,( ( FDD0203 ) )
FDD0252,ATUALIZAÇÃO E PRÁTICA DO DIREITO 1,60,370,,,( FDD0251 )
FDD0254,ATUALIZAÇÃO E PRÁTICA DO DIREITO 2,60,370,,,( FDD0253 )
FDD0256,ATUALIZAÇÃO E PRÁTICA DO DIREITO 4,60,370,,,( FDD0255 )
FDD0258,ATUALIZAÇÃO E PRÁTICA DO DIREITO 5,60,370,,,( FDD0257 )
FDD0259,ESTÁGIO 1,60,370,( ( FDD0047 ) ),,
FDD0261,ESTÁGIO 2,60,370,( ( FDD0259 E FDD0169 E FDD0047 ) ),,( FDD0260 )
FDD0262,ESTÁGIO 3,60,370,( ( FDD0259 ) ),,
FDD0263,ESTÁGIO 4,60,370,( ( FDD0259 ) ),,
FDD0264,ESTÁGIO 5,60,370,,,
FDD0267,DIREITO DO TRABALHO,60,370,( ( FDD0097 ) ),,
FDD0268,DIREITO COLETIVO DO TRABALHO,60,370,( ( FDD0267 ) ),,( ( FDD0058 ) )
FDD0269,REDAÇÃO DE MONOGRAFIA,60,370,( ( FDD0252 ) OU ( FDD0254 ) OU ( FDD0244 ) OU ( FDD0256 ) OU ( FDD0258 ) ),,
FDD0272,ÉTICA E DIREITO,60,370,,,( ( FIL0064 ) )
FDD0278,EXAME DE PROFICIÊNCIA 1,15,370,,,
FDD0279,EXAME DE PROFICIÊNCIA 2,15,370,,,
FDD0282,FUNDAMENTOS DO DIREITO AMBIENTAL,60,370,( ( ECO0262 ) OU ( ECO0261 ) OU ( ENC0002 ) ),,
FED0039,INTRODUÇÃO À PEDAGOGIA,60,381,,,
FED0043,ESTÁGIO SUPERVISIONADO I: EDUCAÇÃO INFANTIL,120,381,( ( MTC0012 E MTC0039 ) ),,
FED0044,"PROJETOS DE ENSINO, PESQUISA E EXTENSÃO - PEPEX",60,381,,,
FED0045,ESTÁGIO SUPERVISIONADO II: ANOS INICIAIS,120,381,( ( MTC0012 ) E ( FED0043 ) ),,
FED0046,EDUCAÇÃO EM GEOGRAFIA II,60,381,( ( MTC0061 ) ),,
FED0047,ESTÁGIO SUPERVISIONADO III: GESTÃO ESCOLAR,120,381,( ( PAD0080 OU PAD0038 ) E ( FED0043 E FED0045 ) ),,
FED0050,ESTÁGIO SUPERVISIONADO IV: ESPAÇOS EDUCATIVOS NÃO-ESCOLARES,90,381,( ( FED0043 E FED0045 E FED0047 ) ),,
FED0123,EDUCAÇÃO E TRABALHO,60,381,,,( ( TEF0092 ) )
FED0173,POLÍTICAS PÚBLICAS DE EDUCAÇÃO,60,381,,,( ( PAD0031 ) )
FED0183,EDUCAÇÃO DAS RELAÇÕES ÉTNICO-RACIAIS,60,381,,,( ( TEF0147 ) )
FED0226,"PSICOLOGIA, CULTURA E EDUCAÇÃO",60,381,,,
FED0238,ESTÁGIO SUPERVISIONADO III: GESTÃO ESCOLAR,120,381,,,
FEF0004,EDUCAÇÃO FÍSICA NO ENSINO FUNDAMENTAL,60,393,,,( FEF0497 )
FEF0006,FUNDAMENTOS DO DESENVOLVIMENTO E APRENDIZAGEM APLICADOS A EDF INFANTIL,60,393,,,( FEF0471 )
FEF0009,"JOGO, LÚDICO E EDUCAÇÃO FÍSICA",60,393,,,
FEF0010,FUNDAMENTOS DO DESENVOLVIMENTO APRENDIZAGEM APLICADOS A EDF EM E EJA,30,393,,,
FEF0012,EDUCAÇÃO FÍSICA NO ENS MÉDIO E EDUCAÇÃO DE JOVENS E ADULTOS,60,393,,,
FEF0014,ASPECTOS PSICOLÓGICOS DA APRENDIZAGEM A EDF,30,393,,,
FEF0015,ANATOMIA DOS SISTEMAS,60,393,,,
FEF0053,PROJETO DE TRABALHO DE CONCLUSÃO DE CURSO - BACHARELADO,60,393,( ( FEF0300 ) ),,
FEF0104,PRÁTICA DESPORTIVA 1,30,393,,,( FEF0103 ) OU ( FEF0105 ) OU ( FEF0505 )
FEF0105,PRÁTICA DESPORTIVA,30,393,,,( FEF0103 OU FEF0104 OU FEF0505 )
FEF0107,PRATICA DESPORTIVA 2,30,393,,,( FEF0106 )
FEF0143,FISIOLOGIA DO EXERCICIO 1,60,393,,,( FEF0140 ) OU ( FEF0141 ) OU ( FEF0142 )
FEF0145,FISIOLOGIA DO EXERCICIO 2,60,393,,,( FEF0144 )
FEF0151,CINESIOLOGIA APLICADA À EDUCAÇÃO FÍSICA,60,393,( ( FMD0091 ) OU ( FEF0409 ) ),,( FEF0149 ) OU ( FEF0150 )
FEF0154,ATIVIDADE FÍSICA PARA GRUPOS ESPECIAIS,60,393,,,( FEF0152 OU FEF0153 OU FEF0490 )
FEF0250,ESTÁGIO SUPERVISIONADO BACHARELADO EM EDF 1,120,393,,,( ( FEF0246 ) OU ( FEF0247 ) OU ( FEF0248 ) OU ( FEF0249 ) )
FEF0263,FISIOLOGIA DO EXERCICIO 3,60,393,( ( FEF0145 ) ),,( FEF0262 )
FEF0271,PROGRAMAS PREVENTIVOS,60,393,,,( FEF0270 )
FEF0288,"POLÍTICAS PÚBLICAS EM EDUCAÇÃO FÍSICA, ESPORTE, SAUDE E LAZER",60,393,,,( FEF0286 OU FEF0287 OU FEF0476 )
FEF0304,"GESTÃO DE EVENTOS EM ESPORTE, SAÚDE E LAZER",60,393,,,( FEF0301 ) OU ( FEF0302 ) OU ( FEF0303 )
FEF0315,ESTÁGIO SUPERVISIONADO BACHARELADO EM EDF 2,120,393,( ( FEF0250 ) ),,( FEF0310 ) OU ( FEF0311 ) OU ( FEF0312 ) OU ( FEF0313 ) OU ( FEF0314 )
FEF0352,ESTÁGIO SUPERVISIONADO LICENCIATURA EM EDUCAÇÃO FÍSICA 1,120,393,( ( FEF0297 E FEF0321 E FEF0295 E FEF0133 E FEF0167 E FEF0229 ) OU ( FEF0005 E FEF0004 E FEF0012 ) ),,( FEF0349 ) OU ( FEF0350 ) OU ( FEF0351 )
FEF0356,ESTÁGIO SUPERVISIONADO LICENCIATURA EM EDUCAÇÃO FÍSICA 2,120,393,( ( FEF0352 ) ),,( FEF0353 ) OU ( FEF0354 ) OU ( FEF0355 )
FEF0409,ANATOMIA APLICADA À EDUCAÇÃO FÍSICA,60,393,,,( ( FMD0091 ) )
FEF0415,SAÚDE COLETIVA E EDUCAÇÃO FÍSICA,60,393,,,( FEF0414 OU FEF0491 )
FEF0457,PREVENÇÃO ACIDENTES E PRIMEIROS SOCORROS,60,393,,,( FEF0172 )
FEF0458,FUNDAMENTOS HISTÓRICO FILOSÓFICO DA EDUCAÇÃO FÍSICA,60,393,,,( FEF0232 )
FEF0459,EDUCAÇÃO FÍSICA E ATIVIDADE MOTORA ADAPTADA,60,393,,,( FEF0331 )
FEF0460,METODOLOGIA DO ATLETISMO,60,393,,,
FEF0461,METODOLOGIA DO JOGO,60,393,,,
FEF0462,"RELAÇÕES HUMANAS, EDUCAÇÃO FÍSICA E MUNDO DO TRABALHO",60,393,,,
FEF0463,FUNDAMENTOS DA BIOMECÂNICA APLICADA À EDUCAÇÃO FÍSICA,60,393,,,( FEF0275 )
FEF0464,CORPO E CULTURA,60,393,,,( FEF0016 )
FEF0465,"CRESCIMENTO, DESENVOLVIMENTO E APRENDIZAGEM MOTORA",60,393,,,
FEF0466,METODOLOGIA DOS ESPORTES COLETIVOS,60,393,,,
FEF0467,METODOLOGIA DAS ATIVIDADES GÍMNICAS,60,393,,,
FEF0468,CIÊNCIA E PESQUISA EM EDUCAÇÃO FÍSICA,60,393,,,
FEF0469,FUNDAMENTOS SOCIOLÓGICOS DA EDUCAÇÃO FÍSICA,60,393,,,( FEF0380 )
FEF0470,"LAZER, TRABALHO E SOCIEDADE",60,393,,,( FEF0282 )
FEF0471,FUNDAMENTOS DO DESENVOLVIMENTO E APRENDIZAGEM,60,393,,,( FEF0007 )
FEF0472,METODOLOGIA DA DANÇA E EXPRESSÃO CORPORAL,60,393,,,
FEF0473,ESTATÍSTICA,60,393,,,( FEF0001 )
FEF0474,EPIDEMIOLOGIA E SAÚDE EM EDUCAÇÃO FÍSICA,60,393,,,( FEF0407 )
FEF0475,MEDIDAS E AVALIAÇÃO EM EDUCAÇÃO FÍSICA,60,393,,,( FEF0204 )
FEF0476,"POLÍTICAS PÚBLICAS DE SAÚDE, ESPORTE E LAZER",60,393,,,( FEF0288 )
FEF0477,GESTÃO EM EDUCAÇÃO FÍSICA,60,393,,,( FEF0348 )
FEF0478,DIDÁTICA DA EDUCAÇÃO FÍSICA,60,393,,,( FEF0229 )
FEF0479,METODOLOGIA DAS LUTAS,60,393,,,
FEF0480,ESTÁGIO 1 - PEDAGOGIA DA EDUCAÇÃO FÍSICA,195,393,,,
FEF0481,METODOLOGIA DAS ATIVIDADES AQUÁTICAS,60,393,,,
FEF0482,PSICOLOGIA DO ESPORTE E DO EXERCÍCO FÍSICO,60,393,,,( FEF0367 )
FEF0485,FUNDAMENTOS DO TREINAMENTO FÍSICO E ESPORTIVO,60,393,,,( FEF0253 )
FEF0487,METODOLOGIA DA MUSCULAÇÃO,60,393,,,
FEF0495,TEORIAS DA EDUCAÇÃO E DA EDUCAÇÃO FÍSICA ESCOLAR,60,393,,,( FEF0411 )
FEF0496,EDUCAÇÃO FÍSICA NA EDUCAÇÃO BÁSICA,60,393,,,( FEF0005 )
FEF0498,PESQUISA EM EDUCAÇÃO FÍSICA ESCOLAR,60,393,,,( FEF0300 )
FEF0505,PRÁTICA DESPORTIVA 1,30,393,,,( FEF0103 OU FEF0104 OU FEF0105 )
FEF0747,EDUCAÇÃO FÍSICA NA EDUCAÇÃO INFANTIL,60,393,,,( FEF0005 )
FGA0003,COMPILADORES 1,60,673,( ( FGA0147 ) OU ( FGA0146 ) ),,( FGA0002 )
FGA0008,SISTEMAS AEROESPACIAIS,60,673,( ( IFD0171 E FGA0254 ) OU ( IFD0171 E IFD0175 ) ),,
FGA0017,PROJETOS DE CIRCUITOS INTEGRADOS 1,60,673,( ( ENE0181 ) OU ( FGA0217 ) OU ( FGA0068 E FGA0070 ) ),,( ( FGA0215 ) )
FGA0023,DINÂMICA DOS MECANISMOS,60,673,( ( MAT0031 OU MAT0030 ) E ( FGA0154 ) ),,( FGA0022 )
FGA0024,MODELAGEM E SIMULAÇÃO DE SISTEMAS ENERGÉTICOS,60,673,( FGA0265 OU FGA0305 ),,
FGA0025,SISTEMAS DE ENERGIA SOLAR E EÓLICA,60,673,( ( FGA0086 E FGA0087 ) ),,
FGA0030,ESTRUTURAS DE DADOS 2,60,673,( ( FGA0147 ) OU ( FGA0146 ) OU ( FGA0120 ) OU ( CIC0090 ) ),,( FGA0029 )
FGA0037,TÓPICOS ESPECIAIS EM ENGENHARIA AEROESPACIAL,60,673,,,
FGA0038,AERODINÂMICA DE SISTEMAS AEROESPACIAIS,75,673,( ( FGA0204 ) ),,
FGA0039,MECÂNICA DE ESTRUTURAS AEROESPACIAIS,75,673,( ( FGA0179 ) ),,
FGA0043,DINÂMICA DOS GASES PARA SISTEMAS AEROESPACIAIS,60,673,( ( FGA0038 ) ),,
FGA0045,MECÂNICA DO VÔO,60,673,( ( FGA0008 E FGA0038 ) ),,
FGA0047,PROCESSOS PETROQUÍMICOS,60,673,( ( FGA0156 E FGA0175 ) ),,
FGA0048,MECÂNICA DO VOO ESPACIAL,60,673,( ( FGA0045 ) ),,
FGA0050,DINÂMICA DE ESTRUTURAS AEROESPACIAIS,60,673,( ( FGA0039 E FGA0102 ) ),,
FGA0057,ELETRÔNICA DE POTÊNCIA,60,673,( ( FGA0086 E FGA0087 E FGA0068 E FGA0070 ) ),,
FGA0060,SISTEMAS DE BANCO DE DADOS 2,60,673,( ( FGA0137 ) ),,( FGA0059 )
FGA0062,PROJETO DE SISTEMAS DE OBSERVAÇÃO DA TERRA,60,673,( MAT0027 ) OU ( FGA0127 E FGA0128 ),,
FGA0066,FUNDAMENTOS DE VARIÁVEL COMPLEXA PARA ENGENHARIA,60,673,( MAT0031 E MAT0027 ) OU ( MAT0031 E FGA0128 ),,
FGA0067,TEORIA DE CIRCUITOS ELETRÔNICOS 1,60,673,( MAT0048 ) OU ( MAT0026 ) OU ( FGA0127 ),,
FGA0068,TEORIA DE CIRCUITOS ELETRÔNICOS 2,60,673,( ( FGA0196 ) OU ( FGA0067 E FGA0069 E FGA0101 E FGA0100 ) ),,
FGA0069,PRÁTICA DE CIRCUITOS ELETRÔNICOS 1,30,673,( MAT0048 ) OU ( MAT0026 ) OU ( FGA0127 ),,( ( ENE0044 ) )
FGA0070,PRÁTICA DE CIRCUITOS ELETRÔNICOS 2,30,673,( ( FGA0196 ) OU ( FGA0067 E FGA0069 E FGA0101 E FGA0100 ) ),,
FGA0071,PRÁTICA DE ELETRÔNICA DIGITAL 1,30,673,( ( MAT0031 ) ),( FGA0073 ),( ( CIC0094 ) )
FGA0072,PRÁTICA DE ELETRÔNICA DIGITAL 2,30,673,( ( ENE0277 ) OU ( FGA0073 E FGA0071 ) ),( FGA0074 ),
FGA0073,TEORIA DE ELETRÔNICA DIGITAL 1,60,673,( ( MAT0031 ) ),( FGA0071 ),( ( CIC0094 ) )
FGA0074,TEORIA DE ELETRÔNICA DIGITAL 2,60,673,( ( ENE0277 ) OU ( FGA0073 E FGA0071 ) ),( FGA0072 ),
FGA0075,LABORATÓRIO DE MATERIAIS DE CONSTRUÇÃO,15,673,( ( IQD0051 ) OU ( IQD0125 E IQD0126 ) ),( FGA0078 ),
FGA0076,EQUIPAMENTOS TERMOFLUIDOS AUTOMOTIVOS,60,673,( ( ENM0080 ) E ( IFD0175 OU FGA0090 ) ),,
FGA0077,INTRODUÇÃO AO DESGASTE,60,673,( ( FGA0055 E FGA0056 ) ),,
FGA0078,TEORIA DE MATERIAIS DE CONSTRUÇÃO,45,673,( ( IQD0051 ) OU ( IQD0125 E IQD0126 ) ),( FGA0075 ),
FGA0085,MATEMÁTICA DISCRETA 1,60,673,,,( CIC0002 )
FGA0086,TEORIA DE ELETRICIDADE APLICADA,60,673,( ( FGA0102 ) OU ( FGA0067 E FGA0069 ) ),,
FGA0087,LABORATÓRIO DE ELETRICIDADE APLICADA,30,673,( ( FGA0102 ) OU ( FGA0067 E FGA0069 ) ),,
FGA0088,TEORIA DE SISTEMAS DE CONVERSÃO DE ENERGIA,60,673,( ( FGA0186 ) OU ( FGA0086 E FGA0087 ) ),,
FGA0089,LABORATÓRIO DE SISTEMAS DE CONVERSÃO DE ENERGIA,30,673,( ( FGA0186 ) OU ( FGA0086 E FGA0087 ) ),,
FGA0090,ONDULATÓRIA E FÍSICA TÉRMICA PARA ENGENHARIA,60,673,( ( MAT0025 E IFD0171 E IFD0173 ) ),,( ( IFD0175 ) )
FGA0091,MÁQUINAS DE FLUIDO,90,673,( FGA0204 ),,
FGA0092,PRINCÍPIOS DE COMUNICAÇÃO PARA ENGENHARIA,75,673,( ( FGA0187 ) OU ( FGA0102 E FGA0067 ) ),,
FGA0093,PRINCÍPIOS DE CONTROLE,75,673,( ( FGA0187 ) OU ( FGA0102 ) ),,
FGA0098,PRÁTICA DE CIRCUITOS ELETRÔNICOS 3,30,673,( ( FGA0017 ) ),,
FGA0099,TEORIA DE CIRCUITOS ELETRÔNICOS 3,60,673,( ( FGA0017 ) ),,
FGA0100,PRÁTICA DE FÍSICA DOS DISPOSITIVOS ELETRÔNICOS,30,673,( ( FGA0143 ) OU ( FGA0119 E FGA0120 ) ),,
FGA0101,TEORIA DE FÍSICA DOS DISPOSITIVOS ELETRÔNICOS,60,673,( ( FGA0143 ) OU ( FGA0119 E FGA0120 ) ),,
FGA0102,SINAIS E SISTEMAS PARA ENGENHARIA,90,673,( ( MAT0027 E CIC0004 ) OU ( MAT0027 E CIC0088 ) OU ( MAT0027 E CIC0007 ) ),,
FGA0104,QUÍMICA ORGÂNICA APLICADA À ENGENHARIA,60,673,( ( IQD0125 E IQD0126 ) ),,
FGA0105,TÓPICOS ESPECIAIS 2 EM ENGENHARIA AEROESPACIAL,60,673,,,
FGA0106,TÓPICOS ESPECIAIS 3 EM ENGENHARIA AEROESPACIAL,60,673,,,
FGA0107,LABORATÓRIO DE ONDULATÓRIA E FÍSICA TÉRMICA PARA A ENGENHARIA,30,673,( ( IFD0171 E IFD0173 ) ),,( ( IFD0177 ) )
FGA0108,MATEMÁTICA DISCRETA 2,60,673,( ( FGA0085 ) OU ( FGA0159 ) ),,
FGA0109,FUNDAMENTOS DE SISTEMAS EMBARCADOS,60,673,( ( FGA0170 ) ),,
FGA0117,FUNDAMENTOS DE ENERGIA NUCLEAR,60,673,,,
FGA0118,SISTEMAS DE INFORMAÇÃO GEOGRÁFICA PARA ENGENHARIA,60,673,,,( FGA0334 )
FGA0119,TEORIA DE ELETROMAGNETISMO,60,673,( IFD0171 E MAT0027 ) OU ( IFD0171 E FGA0127 E FGA0128 ),( FGA0120 ),
FGA0120,PRÁTICA DE ELETROMAGNETISMO,30,673,( IFD0171 E MAT0027 ) OU ( IFD0171 E FGA0127 E FGA0128 ),( FGA0119 ),
FGA0121,TÓPICOS ESPECIAIS 4 EM ENGENHARIA AEROESPACIAL,60,673,,,
FGA0124,PROJETO DE ALGORITMOS,60,673,( ( FGA0147 ) OU ( FGA0146 ) ),,
FGA0132,INSTRUMENTAÇÃO ELETRÔNICA PARA ENGENHARIA,60,673,( ( FGA0068 E FGA0070 ) OU ( FGA0217 ) OU ( FGA0226 ) ),,( ( FGA0218 ) )
FGA0133,ENGENHARIA ECONÔMICA,60,673,,,
FGA0134,TÓPICOS ESPECIAIS DE ENGENHARIA DE SOFTWARE,60,673,,,
FGA0137,SISTEMAS DE BANCO DE DADOS 1,60,673,( ( FGA0159 ) OU ( FGA0108 ) ),,( FGA0135 ) OU ( FGA0136 )
FGA0141,GESTÃO AMBIENTAL NO SETOR ENERGÉTICO,60,673,( ( FGA0302 E FGA0307 ) OU ( FGA0161 E FGA0184 ) ),,( FGA0140 )
FGA0142,FUNDAMENTOS DE ARQUITETURA DE COMPUTADORES,60,673,( ( ENE0277 ) OU ( FGA0071 E FGA0073 ) ),,
FGA0146,ESTRUTURAS DE DADOS 1,60,673,( CIC0004 ),,( FGA0145 ) OU ( FGA0147 )
FGA0148,ENGENHARIA DE SEGURANÇA DO TRABALHO,30,673,,,( ( EPR0059 ) )
FGA0152,ERGONOMIA DO PRODUTO,60,673,( ( FGA0155 ) ),,( FGA0151 )
FGA0154,MECANICA DOS SÓLIDOS 1 PARA ENGENHARIA,60,673,( ( IFD0171 ) ),,( FGA0153 )
FGA0155,INTRODUÇÃO AO DESIGN E CONCEPÇÃO DE VEÍCULOS,60,673,( ( FGA0168 ) ),,
FGA0156,COMBUSTÍVEIS E BIOCOMBUSTÍVEIS,60,673,( FGA0104 ),,( FGA0330 )
FGA0157,PROBABILIDADE E ESTATÍSTICA APLICADO A ENGENHARIA,60,673,( ( MAT0025 ) ),,( ( EST0023 ) )
FGA0158,ORIENTAÇÃO A OBJETOS,60,673,( ( CIC0004 ) OU ( CIC0007 ) ),,
FGA0160,MÉTODOS NUMÉRICOS PARA ENGENHARIA,60,673,( MAT0026 ) OU ( FGA0127 ),,( ( MAT0053 ) )
FGA0163,INTRODUÇÃO À ENGENHARIA,30,673,,,( FGA0162 )
FGA0164,HUMANIDADES E CIDADANIA,60,673,,,
FGA0168,DESENHO INDUSTRIAL ASSISTIDO POR COMPUTADOR,90,673,,,
FGA0169,FONTES DE ENERGIA E TECNOLOGIAS DE CONVERSÃO,60,673,,,( FGA0335 )
FGA0170,FUNDAMENTOS DE SISTEMAS OPERACIONAIS,60,673,( ( FGA0182 ) OU ( FGA0096 ) OU ( FGA0142 ) ),,
FGA0173,INTERAÇÃO HUMANO COMPUTADOR,60,673,( ( FGA0138 OU FGA0312 ) ),,
FGA0175,ENGENHARIA DE PETRÓLEO E GÁS,60,673,( ENM0080 ),,
FGA0177,ANÁLISE INSTRUMENTAL DE COMBUSTÍVEIS,60,673,( FGA0330 OU FGA0156 ),,( FGA0332 OU FGA0176 )
FGA0179,MECANICA DOS SÓLIDOS 2 PARA ENGENHARIA,60,673,( ( FGA0154 E MAT0031 ) ),,( FGA0178 )
FGA0188,MÉTODOS EXPERIMENTAIS PARA ENGENHARIA,60,673,( ( IFD0173 ) ),,
FGA0190,PROJETO DE ELEMENTOS AUTOMOTIVOS,90,673,( ( FGA0179 ) ),,( FGA0189 )
FGA0191,MATERIAIS COMPOSTOS E PLÁSTICOS,60,673,( ( FGA0075 E FGA0078 ) ),,
FGA0194,ARQUITETURA DE MOTORES DE COMBUSTÃO INTERNA,60,673,( ( ENM0068 OU FGA0076 ) ),,( FGA0192 ) OU ( FGA0193 )
FGA0201,PROJETO DE CIRCUITOS INTEGRADOS DIGITAIS,60,673,( ( ENE0278 ) OU ( FGA0074 E FGA0072 ) ),,
FGA0204,DINÂMICA DOS FLUÍDOS,75,673,( ( ENM0080 ) ),,
FGA0208,ARQUITETURA E DESENHO DE SOFTWARE,60,673,( ( FGA0172 OU FGA0313 ) ),,( FGA0207 )
FGA0210,PARADIGMAS DE PROGRAMAÇÃO,60,673,( ( FGA0158 E FGA0003 ) ),,
FGA0211,FUNDAMENTOS DE REDES DE COMPUTADORES,60,673,( ( FGA0170 ) ),,
FGA0214,TÓPICOS ESPECIAIS EM ENGENHARIA AUTOMOTIVA,60,673,,,
FGA0219,PROCESSAMENTO DE SINAIS,60,673,( ( FGA0187 ) OU ( FGA0102 ) ),,
FGA0221,INTELIGÊNCIA ARTIFICIAL,60,673,,,
FGA0226,ELETRÔNICA VEICULAR,60,673,( ( FGA0196 ) OU ( FGA0186 ) OU ( FGA0067 E FGA0069 ) OU ( FGA0086 E FGA0087 ) ),,( FGA0225 )
FGA0228,PROJETO DE SISTEMAS AUTOMOTIVOS,60,673,( ( FGA0190 ) ),,( FGA0227 )
FGA0229,ANÁLISE ESTRUTURAL MÉTODO DOS ELEMENTOS FINITOS,60,673,( ( FGA0179 ) ),,
FGA0230,DINÂMICA DE VEÍCULOS,60,673,( ( FGA0102 ) ),,
FGA0242,TÉCNICAS DE PROGRAMAÇÃO EM PLATAFORMAS EMERGENTES,60,673,( ( FGA0208 ) E ( FGA0238 OU FGA0314 ) ),,
FGA0244,PROGRAMAÇÃO PARA SISTEMAS PARALELOS E DISTRIBUÍDOS,60,673,( ( FGA0211 E FGA0030 ) ),,( FGA0243 )
FGA0252,SISTEMAS HIDROELÉTRICOS,75,673,( FGA0091 ),,( FGA0329 )
FGA0254,CIÊNCIAS AEROESPACIAIS,60,673,,,
FGA0261,TÓPICOS ESPECIAIS EM ELETRONICA,60,673,,,
FGA0262,TRANSMISSÃO E DISTRIBUIÇÃO DE ENERGIA ELÉTRICA,75,673,( ( FGA0086 E FGA0087 ) ),,
FGA0265,ECONOMIA DE ENERGIA,60,673,( FGA0133 ),,( FGA0305 )
FGA0266,ACÚSTICA E VIBRAÇÕES VEICULARES,60,673,( MAT0031 ) E ( IFD0175 OU FGA0090 ),,
FGA0267,PROJETO DE ESTRUTURAS DE VEICULOS,60,673,( ( FGA0228 ) ),,
FGA0274,PRODUTIVIDADE E PROFISSIONALISMO EM ENGENHARIA DE SOFTWARE,60,673,( FGA0164 ),,
FGA0280,PROJETO DE CIRCUITOS ELETRÔNICOS INTEGRADOS 2,60,673,( ( FGA0215 ) OU ( FGA0017 ) ),,
FGA0281,SISTEMAS DE PROPULSÃO LIQUIDA,60,673,( FGA0043 ),,
FGA0283,MECÂNICA DOS MATERIAIS COMPÓSITOS,60,673,( FGA0179 OU FGA0178 ),,
FGA0284,ENGENHARIA DE MANUTENÇÃO,60,673,( FGA0184 E FGA0157 ),,
FGA0285,INTRODUÇÃO À MECÂNICA DA FRATURA,60,673,( ( FGA0179 ) ),,
FGA0299,SISTEMAS BIOINSPIRADOS APLICADOS A ENGENHARIA,60,673,( FGA0093 OU FGA0197 ),,
FGA0300,TELECOMUNICAÇÕES ESPACIAIS,60,673,( ( FGA0119 ) OU ( FGA0120 ) OU ( FGA0087 ) OU ( FGA0086 ) ),,
FGA0302,ENGENHARIA E AMBIENTE,60,673,,,
FGA0303,PROJETO INTEGRADOR DE ENGENHARIA 1,60,673,,,
FGA0304,PROJETO INTEGRADOR DE ENGENHARIA 2,90,673,( FGA0150 OU FGA0303 ),,
FGA0307,GESTÃO DA PRODUÇÃO E QUALIDADE,60,673,( FGA0133 ),,
FGA0308,ELETRÔNICA EMBARCADA,90,673,( ( FGA0074 E FGA0072 ) OU ( ENE0278 ) OU ( FGA0142 ) ),,
FGA0309,SISTEMAS OPERACIONAIS EMBARCADOS,90,673,( ( FGA0308 ) OU ( FGA0096 ) OU ( FGA0182 ) OU ( FGA0170 ) ),,
FGA0311,PROJETO EXTENSIONISTA EM ENGENHARIA ELETRÔNICA 2,60,673,( ( FGA0308 E FGA0310 ) ),,
FGA0312,MÉTODOS DE DESENVOLVIMENTO DE SOFTWARE,60,673,( FGA0158 ),,
FGA0313,REQUISITOS DE SOFTWARE,60,673,( FGA0138 OU FGA0312 ),,
FGA0314,TESTES DE SOFTWARE,60,673,( FGA0138 OU FGA0313 ),,
FGA0315,QUALIDADE DE SOFTWARE 1,60,673,( ( FGA0173 ) E ( FGA0184 OU FGA0307 ) ),,
FGA0316,ENGENHARIA DE PRODUTO DE SOFTWARE,60,673,( FGA0242 ),,
FGA0317,GERÊNCIA DE CONFIGURAÇÃO E EVOLUÇÃO DE SOFTWARE,60,673,( FGA0238 OU FGA0314 ),,
FGA0380,PROCESSOS ESTOCÁSTICOS,60,673,,,
FIL0002,TEORIAS FILOSÓFICAS DA LINGUAGEM,90,552,( ( FIL0069 E FIL0175 ) OU ( FIL0105 E FIL0181 ) OU ( FIL0166 E FIL0044 ) OU ( FIL0069 E FIL0181 ) OU ( FIL0069 E FIL0044 ) OU ( FIL0105 E FIL0175 ) OU ( FIL0105 E FIL0044 ) OU ( FIL0166 E FIL0175 ) OU ( FIL0166 E FIL0181 ) ),,( ( FIL0012 E FIL0086 ) )
FIL0003,FILOSOFIA CONTEMPORÂNEA,90,552,( ( FIL0069 ) OU ( FIL0105 ) OU ( FIL0166 E FIL0181 ) OU ( FIL0044 ) ),,( ( FIL0012 E FIL0049 ) )
FIL0004,ESTÁGIO PEDAGÓGICO SUPERVISIONADO 1,90,552,( ( FIL0177 E FIL0181 E FIL0175 ) OU ( FIL0179 E FIL0182 ) OU ( FIL0176 ) OU ( FIL0167 ) ),,
FIL0007,FILOSOFIA GERAL E METAFÍSICA,90,552,( ( FIL0069 ) OU ( FIL0105 ) OU ( FIL0166 E FIL0003 ) OU ( FIL0175 ) OU ( FIL0049 ) ),,( ( FIL0012 E FIL0062 ) )
FIL0015,FILOSOFIA DO ENSINO DE FILOSOFIA,60,552,,,
FIL0017,FILOSOFIA E FEMINISMO,60,552,,,
FIL0026,FILOSOFIA ORIENTAL,60,552,( ( FIL0105 ) OU ( FIL0069 ) ),,
FIL0063,ANTROPOLOGIA FILOSÓFICA,60,552,( ( FIL0069 ) OU ( FIL0105 ) OU ( FIL0166 ) ),,
FIL0069,INTRODUÇÃO À FILOSOFIA,60,552,,,( ( FIL0029 ) OU ( FDD0216 ) OU ( FIL0166 ) )
FIL0079,LOGICA 2,60,552,( ( FIL0056 ) OU ( FIL0179 ) ),,
FIL0089,TOPICOS ESPECIAIS DE HISTORIA DA FILOSOFIA ANTIGA,60,552,( ( FIL0034 ) OU ( FIL0180 ) ),,
FIL0125,FENOMENOLOGIA,60,552,( ( FIL0069 ) OU ( FIL0105 ) OU ( FIL0166 ) ),,
FIL0127,FILOSOFIA MARXISTA,60,552,( ( FIL0069 ) OU ( FIL0105 ) ),,( FIL0126 )
FIL0136,FILOSOFIA DA RELIGIÃO,60,552,( ( FIL0069 ) OU ( FIL0105 ) OU ( FIL0166 ) ),,( FIL0135 )
FIL0158,IDEIAS FILOSOFICAS EM FORMA LITERARIA,60,552,,,( FIL0157 )
FIL0161,TOPICOS ESPECIAIS DE FILOSOFIA DA LINGUAGEM,60,552,( ( FIL0086 ) ),,
FIL0165,INTRODUÇÃO À HISTÓRIA DA FILOSOFIA,90,552,,,
FIL0166,INTRODUÇÃO A PRÁTICA FILOSÓFICA,90,552,,,( ( FIL0105 ) )
FIL0167,ÉTICA FILOSÓFICA,90,552,( ( FIL0105 ) OU ( FIL0069 ) OU ( FIL0166 ) ),,( ( FIL0012 E FIL0064 ) )
FIL0168,ESTÁGIO PEDAGÓGICO SUPERVISIONADO 2,90,552,( ( FIL0004 ) ),,
FIL0171,ESTÁGIO PEDAGÓGICO SUPERVISIONADO 3,120,552,( ( FIL0168 ) OU ( PAD0028 ) OU ( PED0058 ) ),,( FIL0169 ) OU ( FIL0170 )
FIL0174,ESTÁGIO PEDAGÓGICO SUPERVISIONADO 4,120,552,( ( FIL0171 ) OU ( FIL0163 ) ),,( FIL0172 ) OU ( FIL0173 )
FIL0175,EPISTEMOLOGIA,90,552,( ( FIL0069 ) OU ( FIL0105 ) OU ( FIL0166 ) ),,( ( FIL0012 E FIL0053 ) )
FIL0176,FILOSOFIA POLÍTICA,90,552,( ( FIL0069 ) OU ( FIL0105 ) OU ( FIL0166 E FIL0165 ) ),,( ( FIL0012 E FIL0082 ) )
FIL0177,FILOSOFIA MEDIEVAL,90,552,( ( FIL0069 ) OU ( FIL0105 ) OU ( FIL0166 E FIL0034 ) OU ( FIL0180 ) ),,( ( FIL0012 E FIL0039 ) )
FIL0179,LÓGICA,90,552,,,( ( FIL0012 E FIL0056 ) OU ( FIL0056 ) OU ( FIL0178 ) )
FIL0180,FILOSOFIA ANTIGA,90,552,,,( ( FIL0012 E FIL0034 ) OU ( FIL0034 ) )
FIL0181,FILOSOFIA MODERNA,90,552,( ( FIL0069 ) OU ( FIL0105 ) OU ( FIL0166 ) ),,( ( FIL0012 E FIL0044 ) )
FIL0182,ESTÉTICA E FILOSOFIA DA ARTE,90,552,( ( FIL0069 ) OU ( FIL0105 ) OU ( FIL0166 E FIL0165 ) ),,( ( FIL0012 E FIL0068 ) )
FIL0183,FILOSOFIA DA CIÊNCIA,90,552,( ( FIL0069 ) OU ( FIL0105 ) OU ( FIL0166 E FIL0175 ) OU ( FIL0179 ) ),,( ( FIL0012 E FIL0059 ) )
FIL0184,ÉTICA E EDUCAÇÃO,60,552,,,
FIT0001,DIVERSIDADE MICROBIANA,60,455,( ( ECL0033 ) OU ( ECL0042 ) ),,( ( CEL0119 OU FIT0035 ) E ( ICB0272 OU FIT0036 ) )
FIT0003,INTRODUÇÃO A PATOLOGIA VEGETAL,60,455,( ( CEL0054 ) ),,
FIT0006,MICOLOGIA,60,455,,,( ICB0117 )
FIT0009,INTRODUCAO A NEMATOLOGIA VEGETAL,60,455,,,( ICB0122 )
FIT0018,FITOPATOLOGIA APLICADA,60,455,( ( FIT0030 ) ),,
FIT0019,MICROBIOLOGIA E MICRORGANISMOS FITOPATOGÊNICOS,60,455,( ( CEL0054 ) ),,
FIT0030,FITOPATOLOGIA GERAL,60,455,( ( FIT0031 ) OU ( FIT0019 ) ),,
FIT0034,PATOLOGIA FLORESTAL,60,455,( ( EFL0004 E FAV0163 ) OU ( EFL0004 E CEL0050 ) OU ( EFL0004 E FIT0003 ) ),,( EFL0045 ) OU ( FIT0033 )
FMD0001,ESTÁGIO EM PARASITOLOGIA MÉDICA,90,402,,,
FMD0002,ONCOLOGIA MOLECULAR,30,402,( ( FMD0093 E CEL0082 ) OU ( FAR0124 E FAR0174 ) OU ( GEM0005 E FMD0067 ) OU ( CEL0054 E FAR0124 E FAR0174 ) OU ( CEL0082 E FMD0095 ) OU ( CEL0067 E GEM0024 E FMD0095 ) ),,
FMD0012,EPIDEMIOLOGIA,60,402,( ( FMD0015 ) ),,( FMD0010 ) OU ( FMD0011 )
FMD0013,MORFOFUNCIONAL 1,150,402,,,
FMD0014,"SAÚDE, AMBIENTE E SOCIEDADE",60,402,,,
FMD0015,SAÚDE DA FAMÍLIA E COMUNIDADE 2,60,402,( ( FMD0049 ) ),,
FMD0016,PSICOLOGIA MÉDICA 5,30,402,( ( FMD0050 ) ),,
FMD0017,SAÚDE DO ADULTO - CIRURGIA 2,90,402,( ( FMD0058 E FMD0020 E FMD0047 ) ),,
FMD0018,MEDICINA LEGAL E DEONTOLOGIA,30,402,( ( FMD0020 ) ),,
FMD0019,MORFOFUNCIONAL 2,330,402,( ( FMD0013 E CEL0089 ) OU ( FMD0496 E FAR0075 E FMD0512 E CFS0031 E FMD0509 E FMD0505 E CEL0035 ) ),,
FMD0020,SAÚDE DO ADULTO - CLÍNICA MÉDICA 2,180,402,( ( FMD0055 ) ),( FMD0023 ),
FMD0021,URGÊNCIA E EMERGÊNCIA 4 - CIRURGIA,30,402,( ( FMD0058 E FMD0020 E FMD0047 ) ),,
FMD0022,SISTEMA ÚNICO DE SAÚDE,60,402,( FMD0014 ),,
FMD0023,PATOLOGIA SISTÊMICA 2,30,402,( ( FMD0100 ) OU ( FMD0070 ) ),( FMD0020 ),
FMD0024,SAÚDE DA FAMILIA E COMUNIDADE 5,60,402,( ( FMD0057 ) ),,
FMD0025,PSICOLOGIA MÉDICA 2,30,402,( ( FMD0064 ) OU ( FMD0447 ) ),,
FMD0026,PSICOLOGIA MÉDICA 8,30,402,( ( FMD0061 ) ),,
FMD0027,MORFOFUNCIONAL 3,120,402,( ( FMD0019 E CEL0089 ) OU ( FMD0496 E FAR0075 E FMD0512 E CFS0031 E FMD0509 E FMD0505 E CEL0035 ) ),,
FMD0029,SAÚDE DA MULHER - GINECOLOGIA E OBSTETRÍCIA,180,402,( ( FMD0020 E FMD0058 E FMD0060 ) ),( FMD0047 ),( FMD0028 )
FMD0030,INTERNATO - SAÚDE INTEGRAL 1,960,402,( ( FMD0017 E FMD0018 E FMD0021 E FMD0024 E FMD0026 E FMD0052 E FMD0056 ) ),,
FMD0031,INTERNATO - SAÚDE DO ADULTO CIRURGIA,330,402,( ( FMD0030 ) ),,
FMD0032,SAÚDE DA CRIANÇA E DO ADOLESCENTE - PEDIATRIA 1,120,402,( ( FMD0020 E FMD0070 ) OU ( FMD0100 ) ),,
FMD0034,PARASITOLOGIA MÉDICA,60,402,( ( FMD0019 ) ),,( FMD0033 )
FMD0035,INTERNATO - SAÚDE DO ADULTO - CLÍNICA MÉDICA,330,402,( ( FMD0030 ) ),,
FMD0036,URGÊNCIA E EMERGÊNCIA 2 - GINECOLOGIA E OBSTETRÍCIA,30,402,( ( FMD0058 E FMD0020 E FMD0060 ) ),,
FMD0037,ATENÇÃO PRIMÁRIA À SAÚDE,60,402,,,
FMD0038,SAÚDE DA FAMÍLIA E COMUNIDADE 3,60,402,( ( FMD0015 ) ),,
FMD0039,PSICOLOGIA MÉDICA 3,30,402,( ( FMD0025 ) OU ( FMD0447 ) ),,
FMD0040,PSICOLOGIA MÉDICA 6,30,402,( ( FMD0016 ) ),,
FMD0041,INTERNATO URGÊNCIA E EMERGÊNCIA 1-CLÍNICA MÉDICA,150,402,( ( FMD0030 ) ),,
FMD0042,INTERNATO - SAÚDE INTEGRAL 2,780,402,( ( FMD0030 E FMD0035 E FMD0041 E FMD0031 E FMD0043 E FMD0046 E FMD0053 E FMD0048 E FMD0051 ) ),,
FMD0043,INTERNATO - URGÊNCIA E EMERGÊNCIA 2 - CIRURGIA,150,402,( ( FMD0030 ) ),,
FMD0044,SEMIOLOGIA,240,402,( ( FMD0027 E FMD0067 E FMD0066 E FMD0039 E FMD0037 E CEL0079 E FMD0136 ) ),,
FMD0046,INTERNATO - SAÚDE DA CRIANÇA E DO ADOLESCENTE - PEDIATRIA,330,402,( ( FMD0030 ) ),,
FMD0047,PATOLOGIA SISTÊMICA 3,30,402,( ( FMD0023 ) ),( FMD0029 ),
FMD0048,INTERNATO - SAÚDE DA MULHER GINECOLOGIA E OBSTETRÍCIA,330,402,( ( FMD0030 ) ),,
FMD0049,SAÚDE DA FAMILIA E COMUNIDADE 1,60,402,( ( FMD0014 E FMD0022 E FMD0037 ) OU ( DSC0011 E FMD0022 E FMD0037 ) OU ( FMD0014 E FMD0022 E DSC0037 ) OU ( DSC0011 E FMD0022 E DSC0037 ) ),,
FMD0050,PSICOLOGIA MÉDICA 4,30,402,( ( FMD0039 ) OU ( FMD0447 ) ),,
FMD0051,INTERNATO - URGÊNCIA E EMERGÊNCIA 4- GINECOLOGIA E OBSTETRÍCIA,150,402,( ( FMD0030 ) ),,
FMD0052,SAÚDE DA CRIANÇA E DO ADOLESCENTE - PEDIATRIA 2,150,402,( ( FMD0020 E FMD0032 E FMD0047 ) ),,
FMD0053,INTERNATO - URGÊNCIA E EMERGÊNCIA 3 - PEDIATRIA,150,402,( ( FMD0030 ) ),,
FMD0054,INTERNATO - ESTÁGIO ELETIVO,150,402,( ( FMD0030 E FMD0035 E FMD0041 E FMD0031 E FMD0043 E FMD0046 E FMD0053 E FMD0048 E FMD0051 ) ),,
FMD0055,SAÚDE DO ADULTO - CLÍNICA MÉDICA 1,240,402,( ( FMD0044 E FMD0100 E FMD0073 ) OU ( FMD0044 E FMD0100 E FAR0032 ) OU ( FMD0237 E FMD0073 E FMD0100 ) OU ( FMD0237 E FAR0032 E FMD0100 ) OU ( FMD0044 E FMD0070 E FMD0073 ) OU ( FMD0044 E FMD0070 E FAR0032 ) ),,
FMD0056,URGÊNCIA E EMERGÊNCIA 3 - PEDIATRIA,30,402,( ( FMD0020 E FMD0032 E FMD0047 ) ),,
FMD0057,SAÚDE DA FAMÍLIA E COMUNIDADE 4,60,402,( ( FMD0038 ) ),,
FMD0058,SAÚDE DO ADULTO - CIRURGIA 1,120,402,( ( FMD0044 E FMD0100 E FMD0073 ) OU ( FMD0237 E FMD0073 E FMD0100 ) OU ( FMD0044 E FMD0070 E FAR0033 ) OU ( FMD0044 E FMD0070 E FMD0073 ) ),,
FMD0060,URGÊNCIA E EMERGÊNCIA 1 - CLÍNICA MÉDICA,60,402,( ( FMD0055 ) ),,( FMD0059 )
FMD0061,PSICOLOGIA MÉDICA 7,30,402,( ( FMD0040 ) ),,
FMD0062,IMUNIZAÇÃO NA PRÁTICA,60,402,( CEL0110 OU CEL0008 OU CEL0025 OU FMD0136 OU FAR0137 ),,
FMD0064,PSICOLOGIA MÉDICA 1,30,402,,,
FMD0066,PROCESSOS PATOLÓGICOS PRÁTICA,30,402,( ( FMD0019 ) ),( FMD0067 ),
FMD0067,PROCESSOS PATOLÓGICOS TEÓRICA,30,402,( ( FMD0019 ) ),( FMD0066 ),
FMD0070,PATOLOGIA SISTÊMICA 1,60,402,( ( FMD0067 E FMD0066 ) ),,
FMD0071,PARASITOLOGIA,90,402,( ( GEM0022 ) OU ( GEM0023 ) OU ( ICB0143 ) OU ( GEM0041 ) OU ( FMD0512 ) OU ( GEM0054 ) OU ( GEM0062 ) ),,( FCS0008 ) OU ( FCS0009 ) OU ( FCS0010 ) OU ( FCS0011 )
FMD0073,FARMACOLOGIA MEDICA,60,402,( ( FMD0027 ) E ( CEL0017 ) E ( GEM0005 ) ),,( ( FAR0032 ) OU ( ICB0199 ) OU ( CFS0015 ) OU ( FMD0072 ) )
FMD0075,PESQUISA EM PSICOFARMACOLOGIA,120,402,( ( FAR0032 E CFS0031 ) OU ( CFS0010 ) OU ( FAR0032 E FMD0497 ) OU ( CFS0041 ) ),,( CFS0027 )
FMD0077,DOENÇAS INFECCIOSAS E PARASITÁRIAS 1,60,402,( ( FMD0044 ) ),,
FMD0079,PESQUISA BÁSICA DE INTERESSE MÉDICO,90,402,,,
FMD0086,ESTÁGIO 2 EM PATOLOGIA,60,402,( ( FMD0097 ) ),,
FMD0095,PATOLOGIA GERAL,60,402,( ( ICB0143 ) OU ( GEM0022 ) OU ( GEM0041 ) OU ( GEM0042 ) OU ( FMD0512 ) OU ( GEM0054 ) OU ( GEM0062 ) ),,( ( FMD0007 E FMD0009 ) OU ( FMD0093 ) OU ( FMD0151 E FMD0152 ) OU ( FCE0231 ) OU ( FAR0053 ) OU ( FCS0024 ) OU ( FMD0094 ) )
FMD0097,ESTÁGIO 1 EM PATOLOGIA,60,402,( ( FMD0009 E FMD0007 ) OU ( FMD0066 ) ),,( FAR0054 ) OU ( FCS0025 ) OU ( FCS0026 ) OU ( FMD0096 )
FMD0110,IMAGINOLOGIA,60,402,( ( FMD0240 ) OU ( FMD0055 ) ),,( FAR0061 ) OU ( FMD0109 )
FMD0135,ANATOMIA DA CRIANCA,45,402,( ( FMD0027 ) ),,( FAR0077 )
FMD0136,IMUNOLOGIA MÉDICA,90,402,( FMD0019 ),,( FAR0078 )
FMD0194,APARELHO RESPIRATORIO 2,60,402,( ( FMD0240 ) OU ( FMD0055 ) ),,( FMD0193 )
FMD0397,RELAÇÃO MÉDICO-PACIENTE,60,402,( FMD0025 ),,
FMD0510,ELEMENTOS DE ANATOMIA,60,402,,,( ( FCE0201 E FCE0222 E FCE0264 E FCE0266 ) )
FMD0564,METODOLOGIA PESQ EM PERINAT CRESCIMENTO NEURODESENVOLVIMENTO 1,60,402,,,
FMD0565,METODOLOGIA PESQ EM PERINAT CRESCIMENTO NEURODESENVOLVIMENTO 2,60,402,,,
FMD0576,INTERNATO - SAÚDE INTEGRAL 2,600,402,( ( FMD0046 E FMD0053 E FMD0048 E FMD0051 ) ),,
FMD0577,INTERNATO ELETIVO,330,402,( ( FMD0046 E FMD0053 E FMD0048 E FMD0051 ) ),,
FMD0578,ENSINO DE MEDICINA,45,402,,,
FMD0580,MEDITAÇÃO: TEORIA E PRÁTICA,30,402,,,
FMD0581,BIOESTATÍSTICA APLICADA À MEDICINA,60,402,,,
FMD0586,CUIDADOS PALIATIVOS,30,402,( ( FMD0055 ) OU ( ENF0062 OU NUT0010 ) OU ( FCE0295 ) OU ( NUT0080 ) ),,
FMD0588,MEDITAÇÃO 2: TEORIA E PRÁTICA,30,402,FMD0580,,
FMD0589,INTRODUÇÃO À PSICONEUROENDOCRINOIMUNOLOGIA,30,402,( ( CEL0089 ) E ( FMD0136 ) ),,
FTD0018,IMPACTOS SOCIAIS DA TECNOLOGIA,30,429,,,
FTD0021,INTRODUÇÃO À ENGENHARIA MECATRÔNICA,30,429,,,
FUP0001,ANATOMIA E FISIOLOGIA VEGETAL,60,666,( ( FUP0355 ) ),,
FUP0007,TÓPICOS ESPECIAIS EM CIÊNCIAS NATURAIS,60,666,,,
FUP0009,BIOLOGIA MOLECULAR E BIOTECNOLOGIA,60,666,( ( FUP0355 E FUP0199 ) ),,
FUP0016,LABORATÓRIO DE QUÍMICA 2,60,666,( ( FUP0313 ) ),,
FUP0026,TÓPICOS AVANÇADOS EM GESTÃO DO AGRONEGÓCIO 2,60,666,,,( FUP0025 )
FUP0030,TÓPICOS AVANÇADOS EM GESTÃO DO AGRONEGÓCIO 4,60,666,,,( FUP0029 )
FUP0040,PRÁTICAS DE CAMPO EM BOTÂNICA,60,666,,,
FUP0041,CEBEP 1 - CONFLITOS ESTRUTURAIS BRASILEIROS E EDUCAÇÃO POPULAR,30,666,,,
FUP0043,HISTÓRIA DA EDUCAÇÃO,45,666,,,( FUP0042 )
FUP0044,LEITURA E PRODUÇÃO DE TEXTO 1,30,666,,,
FUP0065,GEOMETRIA E A VIDA NO CAMPO 2,60,666,,,( FUP0064 )
FUP0066,BIOLOGIA GERAL: CITOLOGIA E HISTOLOGIA,45,666,,,
FUP0068,TEORIA E HISTÓRIA DAS ARTES PLÁSTICAS E VISUAIS,60,666,,,( FUP0067 )
FUP0069,HISTÓRIA E FILOSOFIA DAS CIÊNCIAS DA NATUREZA E DA MATEMÁTICA 2,45,666,,,
FUP0071,AMBIENTES INFORMATIZADOS,45,666,,,( FUP0070 )
FUP0073,ARITMÉTICA 2,30,666,,,( FUP0072 )
FUP0075,PESQUISA E MEMÓRIA 3,30,666,,,
FUP0076,LEITURA E PRODUÇÃO DE TEXTO 3,15,666,,,
FUP0077,"CEBEP 3: RAÇA, GÊNERO E GERAÇÃO",30,666,,,
FUP0098,EDUCAÇÃO MATEMÁTICA E EDUCAÇÃO DO CAMPO 2,30,666,,,( FUP0097 )
FUP0100,QUÍMICA DA TERRA E DO AMBIENTE,75,666,,,( FUP0099 )
FUP0101,ANATOMIA E FISIOLOGIA HUMANA,45,666,,,
FUP0103,"LUZ, ONDAS E A VIDA NO CAMPO",60,666,,,( FUP0102 )
FUP0106,CEBEP 5: DIVERSIDADE GERACIONAL NO CAMPO,30,666,,,( FUP0104 ) OU ( FUP0105 )
FUP0107,LEITURA E PRODUÇÃO DE TEXTO 5,15,666,,,
FUP0108,PESQUISA E MEMÓRIA 5,30,666,,,
FUP0109,AUDIOVISUAL ESTÉTICA POLÍTICA E EDUCAÇÃO,15,666,,,
FUP0110,PEDAGOGIA DO TEATRO,45,666,,,
FUP0128,ECONOMIA BRASILEIRA CONTEMPORÂNEA,60,666,( ( FUP0280 ) OU ( ECO0019 ) ),,
FUP0129,LÍNGUA BRASILEIRA DE SINAIS 1,15,666,,,( LIP0174 )
FUP0130,CEBEP: TÓPICOS ESPECIAIS,15,666,,,
FUP0131,TEORIA PEDAGÓGICA 6,30,666,,,
FUP0132,PROCESSO EXPERIMENTAL EM TEATRO 1,30,666,,,
FUP0133,PROJETO EXPERIMENTAL EM AUDIOVISUAL: PRODUÇÃO E FINALIZAÇÃO,30,666,,,
FUP0134,TÓPICOS EM FÍSICA MODERNA E CONTEMPORÂNEA,30,666,,,
FUP0135,TÓPICOS EM QUÍMICA APLICADA E DO COTIDIANO 2,30,666,,,
FUP0136,PROBABILIDADE E ANÁLISE COMBINATÓRIA,60,666,,,
FUP0137,MODELAGEM MATEMÁTICA E A VIDA NO CAMPO,60,666,,,
FUP0138,EDUCAÇÃO MATEMÁTICA,60,666,,,
FUP0142,LITERATURA COMO FORMAÇÃO: FUNDAMENTOS HISTÓRICO ONTOLÓGICO E ESTÉTICO,60,666,,,( FUP0140 ) OU ( FUP0141 )
FUP0154,AGROECOLOGIA E ESCOLA DO CAMPO,45,666,,,
FUP0166,TRABALHO DE CONCLUSÃO 1,30,666,,,( FUP0782 )
FUP0169,ESTÁGIO CURRICULAR SUPERVISIONADO 2: EJA,90,666,,,( FUP0168 OU FUP0606 )
FUP0174,SINTAXE DA LINGUA PORTUGUESA,60,666,,,( FUP0172 ) OU ( FUP0173 )
FUP0181,EDUCAÇÃO FINANCEIRA,30,666,,,( FUP0180 )
FUP0183,FLUXO DE ENERGIA E CICLOS BIOGEOQUÍMICOS,60,666,,,( FUP0182 )
FUP0187,PRÁTICAS PEDAGÓGICAS 7,45,666,,,( FUP0186 )
FUP0189,ESTÁGIO C. S. 3 - GESTÃO DE DOCÊNCIA,105,666,,,( FUP0188 OU FUP0608 )
FUP0191,TÓPICOS AVANÇADOS EM LINGUÍSTICA,60,666,,,( FUP0190 )
FUP0193,ESTUDOS LITERÁRIOS 4,60,666,,,( FUP0192 )
FUP0199,GENÉTICA E EVOLUÇÃO,60,666,( FUP0528 OU FUP0328 ),,
FUP0200,FUNDAMENTOS EM ECOLOGIA DE POPULAÇÕES E COMUNIDADES,60,666,( ( FUP0265 ) OU ( FUP0528 ) OU ( FUP0328 ) OU ( FUP0791 ) ),,
FUP0203,CÁLCULO DIFERENCIAL E VIDA NO CAMPO,60,666,,,
FUP0205,OUTRAS FORMAS DE ATIVIDADE: ESPANHOL INSTRUMENTAL 2,30,666,,,
FUP0214,ESTÁGIO C. S. 4 - GESTÃO E DOCÊNCIA,105,666,,,( FUP0213 OU FUP0610 )
FUP0220,TÓPICOS ESPECIAIS EM ENSINO DE FÍSICA,60,666,,,
FUP0222,PRÁTICA PEDAGÓGICA 5,60,666,,,( FUP0221 )
FUP0225,ESTÁGIO CURRICULAR SUPERVISIONADO 1 - COMUNIDADE,105,666,,,( FUP0224 OU FUP0578 )
FUP0227,"FONÉTICA, FONOLOGIA E MORFOLOGIA DO PORTUGUÊS",60,666,,,( FUP0226 )
FUP0229,ESTUDOS LITERÁRIOS 2 :CONSOLIDAÇÃO DO SIST LIT E DESAGREGAÇÃO NACIONAL,60,666,,,( FUP0228 )
FUP0236,ELETROMAGNETISMO E A VIDA NO CAMPO,60,666,,,( FUP0235 )
FUP0238,ESTÁGIO SUPERVISIONADO,300,666,,,( ( FUP0568 E FUP0569 ) OU ( FUP0568 E FUP0570 ) )
FUP0240,"TEORIA, CONCEITOS E METODOLOGIAS EM EDUCAÇÃO AMBIENTAL",30,666,,,
FUP0246,LABORATÓRIO DE QUÍMICA 1,30,666,,,( ( IQD0061 ) )
FUP0247,FUNDAMENTOS QUÍMICA INORGÂNICA,60,666,( ( FUP0313 ) ),,( ( IQD0092 ) )
FUP0249,TÓPICOS ESPECIAIS EM GEOCIÊNCIAS,30,666,( ( FUP0326 ) OU ( FUP0302 ) OU ( IGD0021 ) ),,
FUP0255,MORFOFISIOLOGIA COMPARADA,60,666,( ( FUP0328 ) OU ( FUP0528 ) ),,
FUP0259,HISTÓRIA AMBIENTAL,60,666,,,( FUP0258 )
FUP0261,PEDOLOGIA E EDAFOLOGIA,60,666,( ( IGD0021 ) ),,
FUP0270,DIREITO NO AGRONEGÓCIO E LEGISLAÇÃO TRIBUTÁRIA,60,666,,,( FUP0269 )
FUP0276,MATEMÁTICA PARA AGRONEGÓCIO,60,666,,,( ( MAT0022 ) )
FUP0277,INTRODUÇÃO AO AGRONEGÓCIO,30,666,,,( FAV0518 )
FUP0279,EVOLUÇÃO DA AGRICULTURA FAMILIAR,60,666,( ( FUP0280 E FUP0306 ) OU ( ECO0019 E SOL0042 ) ),,( FAV0519 )
FUP0280,ECONOMIA APLICADA AO AGRONEGÓCIO 1,60,666,,,
FUP0281,ADMINISTRAÇÃO APLICADA AO AGRONEGÓCIO,60,666,,,( ( ADM0023 ) )
FUP0282,ADMINISTRAÇÃO FINANCEIRA,60,666,( ( FUP0310 ) OU ( EST0019 ) ),,
FUP0285,HISTÓRIA E FILOSOFIA DA CIÊNCIA,60,666,,,
FUP0286,ENSINO DE CIÊNCIAS,60,666,( ( FUP0314 ) ),,( FUP0287 )
FUP0289,CONTABILIDADE GERENCIAL,60,666,,,( ( CCA0103 ) OU ( FUP0536 ) )
FUP0291,AGRICULTURA FAMILIAR E POLÍTICAS PÚBLICAS,60,666,( ( FUP0279 ) ),,
FUP0292,SISTEMAS DE PRODUÇÃO DE MATÉRIAS-PRIMAS VEGETAIS,60,666,( FUP0277 ),,( FAV0517 )
FUP0293,ECONOMIA APLICADA AO AGRONEGÓCIO 2,60,666,( ( FUP0280 E FUP0276 ) ),,
FUP0295,SISTEMAS AGROINDUTRIAIS,60,666,( ( FUP0277 ) ),,( FAV0521 OU FUP0294 )
FUP0299,FILOSOFIA E SOCIOLOGIA DA EDUCAÇÃO,60,666,,,( ( TEF0013 E TEF0021 ) OU ( FUP0296 ) OU ( FUP0297 ) OU ( FUP0298 ) )
FUP0302,SISTEMAS ECOLÓGICOS,120,666,( ( FUP0528 E IGD0021 ) OU ( FUP0326 ) ),,( FUP0300 ) OU ( FUP0301 )
FUP0306,SOCIOLOGIA,60,666,,,( ( SOL0087 ) OU ( FUP0263 ) )
FUP0307,COMERCIALIZAÇÃO DE PRODUTOS AGROINDUSTRIAIS,60,666,( ( FUP0295 E FUP0293 ) OU ( FUP0295 E ECO0019 ) ),,( FAV0514 )
FUP0308,MARKETING NO AGRONEGÓCIO,60,666,,,
FUP0309,SISTEMAS DE PRODUÇÃO DE MATÉRIAS-PRIMAS ANIMAIS,60,666,( ( FUP0277 ) OU ( FAV0028 ) OU ( FAV0234 ) ),,( FAV0520 )
FUP0311,METODOLOGIA DE PESQUISA,60,666,,,( ( FAV0522 ) OU ( ODT0144 ) OU ( POL0029 ) OU ( ADM0198 ) )
FUP0312,PESQUISA E EXTENSÃO,30,666,,,
FUP0313,QUÍMICA E TECNOLOGIA,60,666,,,( ( IQD0153 ) OU ( FUP0360 ) )
FUP0314,BASES PSICOLÓGICAS PARA O ENSINO DE CIÊNCIAS,60,666,,,
FUP0316,UNIVERSO,60,666,,,( FUP0315 )
FUP0320,SAÚDE E AMBIENTE 1,60,666,( ( FUP0355 ) ),,( FUP0319 )
FUP0321,NATUREZA E ENERGIA,60,666,,,
FUP0323,METODOLOGIA DA PESQUISA EM EDUCAÇÃO,60,666,( ( FUP0285 ) OU ( FUP0299 ) ),,( ( TEF0103 ) OU ( FUP0322 ) )
FUP0325,EXPERIMENTOS DE QUÍMICA PARA O ENSINO MÉDIO,60,666,,,
FUP0329,COMPOSTOS ORGÂNICOS E VIDA,60,666,( ( FUP0313 ) OU ( IQD0153 ) ),,
FUP0330,DIDÁTICA DAS CIÊNCIAS,60,666,( ( FUP0286 ) ),,
FUP0333,CUSTOS AGROINDUSTRIAIS,60,666,,,( FAV0523 )
FUP0334,GESTÃO DA QUALIDADE,60,666,,,( FAV0525 )
FUP0335,GESTÃO DE PESSOAS,60,666,( ( FUP0281 ) ),,( ( ADM0041 ) )
FUP0336,PESQUISA OPERACIONAL,30,666,( ( FUP0310 ) ),,
FUP0339,TÓPICOS AVANÇADOS EM GESTÃO DO AGRONEGÓCIO,60,666,,,( FUP0338 )
FUP0342,PLANEJAMENTO ESTRATÉGICO E EMPRESARIAL,60,666,,,ADM0157
FUP0343,INOVAÇÃO TECNOLÓGICA,60,666,,,
FUP0344,REGULAÇÃO E POLÍTICAS PÚBLICAS,60,666,( ( FUP0280 ) OU ( ECO0019 ) ),,( FAV0516 )
FUP0345,SISTEMA DE INFORMAÇÃO E AGRONEGÓCIO,60,666,( ( FUP0334 ) ),,
FUP0346,ANÁLISE DE DECISÕES E ADMINISTRAÇÃO DE RISCOS,30,666,( ( FUP0282 ) ),,
FUP0348,INTRODUÇÃO AO CÁLCULO,30,666,,,
FUP0349,SISTEMA EDUCACIONAL BRASILEIRO,60,666,,,( ( PAD0028 ) )
FUP0350,ENSINO DE GEOCIÊNCIAS,60,666,( ( IGD0021 ) OU ( FUP0326 ) ),,
FUP0351,LUZ E SOM,60,666,( ( FUP0316 E FUP0321 ) ),,
FUP0354,SEMINÁRIOS EM CIÊNCIAS NATURAIS,30,666,,,
FUP0355,CÉLULA,60,666,( ( FUP0329 ) ),,
FUP0356,INTRODUÇÃO AO CURSO DE GESTÃO AMBIENTAL,30,666,,,
FUP0358,SOCIEDADE E NATUREZA,60,666,,,
FUP0362,ENERGIA E DINÂMICA DAS TRANSFORMAÇÕES QUÍMICAS,60,666,( ( FUP0329 E FUP0304 ) OU ( FUP0329 E MAT0025 ) OU ( IQD0072 E FUP0304 ) OU ( IQD0072 E MAT0025 ) ),,( IQD0296 )
FUP0363,ELETROMAGNETISMO EM CIÊNCIAS,60,666,( ( FUP0321 E MAT0025 ) ),,
FUP0367,COMPOSIÇÃO QUÍMICA DOS SERES VIVOS,60,666,,,( FUP0365 ) OU ( FUP0366 )
FUP0369,GESTÃO DA CADEIA DE SUPRIMENTOS,60,666,,,
FUP0372,SISTEMAS AGROINDUSTRIAIS NO CENTRO-OESTE,60,666,( ( FUP0295 ) ),,( FUP0371 )
FUP0373,AGRONEGÓCIO E DESENVOLVIMENTO REGIONAL,60,666,,,
FUP0374,ECONOMIA POLÍTICA 1,45,666,,,
FUP0375,FILOSOFIA 1,30,666,,,
FUP0377,TEORIA PEDAGÓGICA 1,30,666,,,( FUP0376 )
FUP0379,POLITICA EDUCACIONAL 1,30,666,,,( FUP0378 )
FUP0381,ESCOLA E EDUCAÇÃO DO CAMPO 1,30,666,,,( FUP0380 )
FUP0384,PESQUISA E MEMÓRIA 1,15,666,,,( FUP0383 )
FUP0386,PRÁTICAS PEDAGÓGICAS 1,30,666,,,( FUP0385 )
FUP0390,ORGANIZAÇÃO ESCOLAR E MÉTODO DO TRABALHO PEDAGÓGICO 1,15,666,,,( FUP0389 )
FUP0407,MECÂNICA APLICADA AS CIÊNCIAS,60,666,,,
FUP0408,TRABALHO DE CONCLUSÃO DE CURSO 1,30,666,( ( FUP0323 ) OU ( FUP0303 ) ),,
FUP0410,TECNOLOGIAS DE PRODUTOS AGROINDUSTRIAIS,60,666,,,( FAV0535 )
FUP0411,GESTÃO AMBIENTAL,60,666,,,( FAV0515 )
FUP0412,GESTÃO DE COOPERATIVAS,60,666,,,
FUP0414,TRANSPORTE E LOGÍSTICA AGROINDUSTRIAL,60,666,( ( FUP0336 ) ),,
FUP0415,FUNDAMENTOS DE QUÍMICA ANALÍTICA,60,666,( ( FUP0313 ) ),,
FUP0417,PRÁTICAS PEDAGÓGICAS 3,45,666,,,( FUP0416 )
FUP0427,ORGANIZAÇÃO ESCOLAR E MÉTODO DO TRABALHO PEDAGÓGICO 2,30,666,,,( FUP0426 )
FUP0429,FILOSOFIA 3,30,666,,,
FUP0431,TEORIA PEDAGÓGICA 3,30,666,,,( FUP0430 )
FUP0435,TEORIA DO DESENVOLVIMENTO SUSTENTÁVEL,30,666,,,
FUP0438,QUÍMICA AMBIENTAL,60,666,( ( FUP0360 ) OU ( FUP0313 ) ),,
FUP0441,SOCIOLOGIA DO AMBIENTALISMO,60,666,( ( FUP0263 ) ),,
FUP0443,INTRODUÇÃO À SAÚDE PÚBLICA E AMBIENTAL,60,666,,,( ( FUP0327 ) )
FUP0445,ELABORAÇÃO E ANÁLISE DE PROJETOS AGROINDUSTRIAIS,60,666,( ( FUP0342 E FUP0333 E FUP0282 ) ),,
FUP0446,GESTÃO DE NEGÓCIOS INTERNACIONAIS,60,666,( ( FUP0280 E FUP0307 ) OU ( ECO0019 E FUP0307 ) ),,( FAV0526 )
FUP0460,DESENVOLVIMENTO HUMANO E APRENDIZAGEM 2,45,666,,,( FUP0459 )
FUP0468,FILOSOFIA 5,30,666,,,( FUP0467 )
FUP0473,TRABALHO DE CONCLUSÃO DE CURSO 2,30,666,( ( FUP0408 ) ),,( FUP0472 )
FUP0501,EXTENSÃO RURAL NO AGRONEGÓCIO,30,666,,,
FUP0518,POLÍTICA INTERNACIONAL DESENVOLVIMENTO E AGRONEGÓCIO,60,666,,,
FUP0521,ADMINISTRAÇÃO PÚBLICA,60,666,( ( ADM0023 ) ),,( ( GPP0037 ) )
FUP0522,PLANEJAMENTO AMBIENTAL,60,666,,,
FUP0523,ECOSSISTEMAS TERRESTRES AQUATICOS E INTERFACES,60,666,( ( FUP0200 ) ),,
FUP0525,GESTÃO AMBIENTAL EMPRESARIAL,30,666,,,
FUP0526,GESTÃO E INOVAÇÃO TECNOLÓGICA,60,666,,,
FUP0527,BOTÂNICA,60,666,( ( FUP0528 ) ),,( ( FUP0318 E FUP0328 ) )
FUP0528,ZOOLOGIA,60,666,( ( FUP0355 ) ),,( ( FUP0318 E FUP0328 ) )
FUP0529,COMERCIALIZAÇÃO DE PRODUTOS AMBIENTAIS E MARKETING AMBIENTAL,30,666,,,
FUP0530,PLANEJAMENTO E GESTÃO DE RECURSOS HÍDRICOS,60,666,,,
FUP0534,DIREITO E LEGISLAÇÃO AMBIENTAL,60,666,,,
FUP0535,GESTÃO AMBIENTAL URBANA E REGIONAL,60,666,,,
FUP0537,ESTÁGIO SUPERVISIONADO EM ENSINO DE CIÊNCIAS NATURAIS 1,105,666,( ( FUP0330 ) ),,( ( FUP0352 ) )
FUP0541,ESTÁGIO SUPERVISIONADO EM ENSINO DE CIÊNCIAS NATURAIS 2,105,666,( ( FUP0537 ) OU ( FUP0352 ) ),,( ( FUP0406 ) )
FUP0542,ESTÁGIO SUPERVISIONADO EM ENSINO DE CIÊNCIAS NATURAIS 3,105,666,( ( FUP0541 ) OU ( FUP0406 ) ),,( ( FUP0364 ) )
FUP0543,ESTÁGIO SUPERVISIONADO EM ENSINO DE CIÊNCIAS NATURAIS 4,90,666,( ( FUP0541 ) OU ( FUP0406 ) ),,( ( FUP0243 ) )
FUP0545,AGRICULTURA E MEIO AMBIENTE,60,666,,,
FUP0549,INSTRUMENTOS DE AVALIAÇÃO DE IMPACTO AMBIENTAL,60,666,,,
FUP0552,TÓPICOS ESPECIAIS EM GESTÃO AMBIENTAL,60,666,,,( FUP0551 )
FUP0553,TRABALHO DE CONCLUSÃO DE CURSO EM GESTÃO AMBIENTAL 1,30,666,( ( FUP0262 OU FUP0845 ) ),,
FUP0556,"GEOPOLÍTICA, MEIO AMBIENTE E RELAÇÕES INTERNACIONAIS",60,666,,,
FUP0558,POLUIÇÃO AMBIENTAL,60,666,,,
FUP0560,TRABALHO DE CONCLUSÃO DE CURSO EM GESTÃO AMBIENTAL 2,30,666,( ( FUP0553 ) ),,
FUP0567,ESTATÍSTICA BÁSICA,60,666,,,( FUP0288 OU FUP0310 OU FUP0546 )
FUP0568,INTRODUÇÃO AS PRÁTICAS E A PESQUISA DO GESTOR DO AGRONEGÓCIO,30,666,,,
FUP0569,ESTÁGIO SUPERVISIONADO ACADÊMICO,270,666,FUP0568,,
FUP0570,ESTÁGIO SUPERVISIONADO PROFISSIONALIZANTE,270,666,FUP0568,,
FUP0785,INTRODUÇÃO À ADMINISTRAÇÃO APLICADA À GESTÃO AMBIENTAL,60,666,,,
FUP0791,BIODIVERSIDADE PARA GESTÃO AMBIENTAL,60,666,,,
FUP0802,INTRODUÇÃO À CLIMATOLOGIA E MUDANÇAS CLIMÁTICAS GLOBAIS,60,666,,,
FUP0806,GESTÃO DOS CONFLITOS SOCIOAMBIENTAIS,60,666,,,
FUP0807,CONTABILIDADE SOCIAL E AMBIENTAL,60,666,,,
FUP0818,"FUNDAMENTOS DE ESTADO, POLÍTICA, AMBIENTE E SUSTENTABILIDADE",60,666,,,
FUP0819,ESTUDO DA ECONOMIA E MEIO AMBIENTE,60,666,( ECO0019 ),,
FUP0832,INTRODUÇÃO AO GEOPROCESSAMENTO,60,666,,,
FUP0834,GESTÃO ORGANIZACIONAL E ANÁLISES SOCIOAMBIENTAIS,60,666,,,
FUP0836,GESTÃO DE PESSOAS ATUAL,60,666,,,
FUP0837,INTRODUÇÃO ÀS CIÊNCIAS SOCIAIS APLICADAS À GESTÃO AMBIENTAL,60,666,,,
GEA0003,GEOGRAFIA AFRICANA E AFROBRASILEIRA,60,555,,,( ICH0028 )
GEA0004,URBANIZAÇÃO NA AMÉRICA LATINA E CARIBE,60,555,,,( ICH0031 )
GEA0010,GEOGRAFIA FISICA 1: GEOMORFOLOGIA INTERTROPICAL,90,555,( ( GEA0038 E GEA0060 ) E ( GEA0089 OU GEA0042 ) ),,( GEA0008 OU GEA0009 OU ICH0054 )
GEA0011,GEOGRAFIA FISICA 2: METEOROLOGIA E CLIMATOLOGIA,60,555,,,( ( GEA0060 ) OU ( FAV0266 ) OU ( ICH0021 ) )
GEA0012,GEOGRAFIA AGRARIA,60,555,,,( GEA0090 )
GEA0014,REGIONALIZAÇÃO DO ESPAÇO BRASILEIRO,60,555,( GEA0039 ),,( GEA0013 OU ICH0026 )
GEA0016,REGIONALIZAÇÃO DO ESPAÇO MUNDIAL,60,555,,,( GEA0015 OU ICH0046 )
GEA0017,GEOGRAFIA DO BRASIL,60,555,( ( GEA0010 ) ),,
GEA0018,GEOGRAFIA DO BRASIL 2,60,555,( ( GEA0039 ) ),,
GEA0019,GEOGRAFIA BIOLOGICA,60,555,( GEA0060 E GEA0010 E GEA0038 ),,( ICH0016 )
GEA0020,METODOLOGIA DA GEOGRAFIA,60,555,( ( GEA0032 E GEA0010 ) E ( GEA0012 OU GEA0090 ) ),,
GEA0030,FOTOINTERPRETACAO,90,555,( ( GEA0038 ) OU ( FAV0148 ) OU ( FAV0274 ) ),,( ICH0052 )
GEA0031,RECURSOS NATURAIS,60,555,,,
GEA0032,GEOGRAFIA URBANA 1,60,555,,,
GEA0035,ANALISE DE MICROCLIMAS,60,555,( GEA0060 ),,( ICH0055 )
GEA0036,SENSORES REMOTOS,60,555,( ( EST0019 ) ),,
GEA0038,GEOMORFOLOGIA,60,555,( ( IGD0021 ) ),,( GEA0037 )
GEA0039,GEOGRAFIA HUMANA 1,60,555,,,
GEA0041,GEOGRAFIA HUMANA E ECONÔMICA,60,555,,,( ICH0015 )
GEA0042,CARTOGRAFIA 1,90,555,,,
GEA0043,CARTOGRAFIA 2,60,555,( ( GEA0089 ) OU ( GEA0042 ) ),,
GEA0046,GEOGRAFIA POLÍTICA,60,555,,,( ( IRI0047 ) OU ( GEA0045 ) )
GEA0049,GEOGRAFIA FISICA APLICADA,60,555,( ( GEA0060 E GEA0010 ) E ( GEA0042 OU GEA0089 ) ),,
GEA0051,INTRODUCAO A CIENCIA GEOGRAFICA,60,555,,,( ICH0040 )
GEA0060,CLIMATOLOGIA GERAL,60,555,,,( GEA0011 OU ICH0042 )
GEA0061,EXTENSAO EM GEOGRAFIA,90,555,( ( GEA0090 E GEA0032 ) OU ( GEA0012 E GEA0032 ) ),,( ICH0056 )
GEA0067,GEOGRAFIA CULTURAL,60,555,,,( ICH0008 )
GEA0070,SISTEMA DE INFORMACAO GEOGRAFICA,60,555,,,( GEA0069 )
GEA0071,GEOGRAFIA DA RELIGIAO,60,555,,,
GEA0078,GEOGRAFIA E TURISMO,60,555,,,( ( GEA0076 ) )
GEA0085,ESTÁGIO SUPERVISIONADO EM GEOGRAFIA 1,120,555,( MTC0012 ),,( GEA0062 E GEA0059 ) OU ( GEA0140 )
GEA0087,ESTÁGIO SUPERVISIONADO EM GEOGRAFIA 2,120,555,( GEA0085 OU GEA0140 ),,( GEA0141 )
GEA0088,ESTÁGIO SUPERVISIONADO EM GEOGRAFIA 3,165,555,( GEA0087 OU GEA0141 ),,( GEA0142 )
GEA0092,POPULAÇÃO E GEOGRAFIA,60,555,,,
GEA0136,GEOGRAFIA E POLÍTICA CONTENCIOSA: REVOLUÇÕES E MOVIMENTOS SOCIAIS,60,555,,,
GEM0001,NANOBIOTECNOLOGIA,30,455,( ( CEL0054 ) OU ( CEL0077 ) OU ( CEL0067 ) ),,
GEM0002,BIOLOGIA REGENERATIVA,45,455,,,
GEM0003,BIOLOGIA DO CÂNCER,60,455,( ( CEL0095 E GEM0055 ) OU ( GEM0005 ) OU ( FAR0124 ) ),,
GEM0005,GENÉTICA E BIOLOGIA MOLECULAR,60,455,,,( ICB0066 )
GEM0006,BIOLOGIA GERAL E EVOLUÇÃO,60,455,,,( ( CEL0088 E GEM0018 ) OU ( ICB0091 ) )
GEM0007,FUNDAMENTOS DE GENETICA DA CONSERVACAO ANIMAL,60,455,( ( GEM0014 ) OU ( GEM0055 ) ),,
GEM0011,EMBRIOLOGIA GERAL,30,455,( ( GEM0041 ) OU ( GEM0054 ) OU ( GEM0062 ) OU ( FMD0013 ) ),,( ( GEM0043 ) OU ( ICB0147 ) )
GEM0014,GENETICA BASICA,60,455,,,( ( GEM0024 ) OU ( ICB0152 ) )
GEM0015,GENETICA HUMANA,60,455,( ( GEM0014 ) OU ( GEM0024 ) OU ( GEM0005 ) OU ( FAR0124 ) OU ( GEM0055 ) ),,( ICB0153 )
GEM0018,EVOLUÇÃO,30,455,( ( ZOO0017 E GEM0014 E IGD0167 ) OU ( ZOO0017 E GEM0055 E IGD0167 ) OU ( ZOO0017 E GEM0055 E IGD0021 ) ),,( ICB0154 ) OU ( ECL0018 ) OU ( ZOO0009 ) OU ( GEM0016 ) OU ( GEM0017 )
GEM0024,FUNDAMENTOS DE GENETICA E EVOLUCAO,60,455,,,( ( FCE0204 ) OU ( FUP0199 ) OU ( ICB0193 ) )
GEM0041,HISTOLOGIA BASICA,90,455,,,( ( GEM0042 ) )
GEM0042,HISTOLOGIA VETERINARIA,90,455,( ( CEL0089 ) ),,( ( GEM0041 ) OU ( GEM0059 E GEM0062 ) )
GEM0043,EMBRIOLOGIA ANIMAL,60,455,( ( GEM0041 ) OU ( GEM0054 ) OU ( GEM0062 ) OU ( FAV0236 ) ),,
GEM0047,PESQUISA EM GENETICA,90,455,,,( GEM0046 ) OU ( GEM0103 )
GEM0049,INTRODUCAO A BIOLOGIA EVOLUTIVA,30,455,,,( GEM0048 )
GEM0055,GENÉTICA,60,455,( ( CEL0095 ) ),,
GEM0059,BIOLOGIA ESTRUTURAL DOS SISTEMAS,60,455,( ( GEM0062 ) ),,
GEM0062,BIOLOGIA ESTRUTURAL DOS TECIDOS,60,455,,,( ( FCE0200 OU FCE0201 ) E ( FCE0221 OU FCE0222 ) E ( FCE0261 OU FCE0262 OU FCE0263 OU FCE0264 ) E ( FCE0265 OU FCE0266 ) OU ( GEM0041 ) OU ( GEM0042 ) )
GEM0066,BIOLOGIA E GENÉTICA DA CONSERVAÇÃO,60,455,( ( GEM0006 ) OU ( GEM0014 ) OU ( GEM0055 ) ),,( ICB0264 )
GEM0068,INTRODUÇÃO À HERANÇA EPIGENÉTICA,30,455,( ( GEM0055 ) OU ( GEM0014 ) OU ( GEM0024 ) ),,
GPP0002,RESIDÊNCIA EM POLÍTICAS PÚBLICAS,120,791,( ( GPP0009 OU GPP0008 ) E ( GPP0011 ) ),,( GPP0001 )
GPP0004,TÓPICOS CONTEMPORÂNEOS EM GESTÃO DE POLÍTICAS PÚBLICAS 1,60,791,,,
GPP0005,TÓPICOS CONTEMPORÂNEOS EM GESTÃO DE POLÍTICAS PÚBLICAS 2,60,791,,,
GPP0009,METODOLOGIA DE PESQUISA APLICADA À GPP,60,791,,,( GPP0008 )
GPP0011,PROJETO DE PESQUISA EM GPP,60,791,( ( GPP0009 ) ),,( GPP0010 )
GPP0015,AVALIAÇÃO DE PROGRAMAS GOVERNAMENTAIS,60,791,( GPP0020 ),,
GPP0018,DEMOCRACIA E POLÍTICAS PÚBLICAS,60,791,,,
GPP0020,IMPLEMENTAÇÃO DE POLÍTICAS PÚBLICAS,60,791,( GPP0028 ),,
GPP0021,INTRODUÇÃO À GESTÃO DE POLÍTICAS PÚBLICAS,60,791,,,
GPP0023,PARTICIPAÇÃO SOCIAL E POLÍTICAS PÚBLICAS,60,791,,,
GPP0026,POLÍTICAS PÚBLICAS E (DES)ENVOLVIMENTO TERRITORIAL,60,791,,,
GPP0027,POLÍTICAS URBANAS,60,791,,,
GPP0028,PROCESSO DECISÓRIO E POLÍTICAS PÚBLICAS,60,791,,,
GPP0030,TRABALHO DE CONCLUSÃO DE CURSO,120,791,( ( GPP0009 E GPP0011 ) ),,
GPP0031,ECONOMIA PARA POLÍTICAS PÚBLICAS,60,791,( ( ECO0019 ) ),,( ECO0259 )
GPP0035,ADMINISTRACAO PUBLICA COMPARADA,60,791,( ( GPP0037 ) ),,( ADM0171 ) OU ( ADM0172 )
GPP0036,ORCAMENTO PUBLICO,60,791,( ( GPP0037 ) OU ( CCA0031 ) OU ( GPP0032 ) ),,( ADM0173 ) OU ( ADM0174 )
GPP0037,FUNDAMENTOS DA ADMINISTRAÇÃO PÚBLICA,60,791,( ( ADM0023 ) ),,( ( FUP0521 ) )
GPP0039,ECONOMIA PARA POLÍTICAS PÚBLICAS 2,60,791,( ( GPP0031 ) ),,( ECO0260 )
GPP0042,POLÍTICA FISCAL E SOCIEDADE,60,791,( ( POL0055 ) ),,( POL0120 ) OU ( GPP0041 )
GPP0088,"CORPO E POLÍTICAS PÚBLICAS: EPISTEMOLOGIAS, PRÁTICAS DE PESQUISA E EXTENSÃO",60,791,,,
HIS0028,PRÁTICA DE PESQUISA HISTÓRICA,90,559,,,
HIS0031,TÓPICOS ESPECIAIS EM TEORIA DA HISTÓRIA 3,60,559,,,
HIS0043,TÓPICOS ESPECIAIS EM HISTÓRIA DO BRASIL 3,60,559,,,
HIS0048,TÓPICOS ESPECIAIS EM HISTÓRIA CONTEMPORÂNEA 3,60,559,,,
HIS0084,INTRODUÇÃO AO ESTUDO DA HISTÓRIA,60,559,,,
HIS0090,HISTÓRIA ANTIGA 2,60,559,( ( HIS0084 ) ),,( HIS0089 )
HIS0091,HISTÓRIA MEDIEVAL 1,60,559,( ( HIS0084 ) ),,
HIS0093,HISTÓRIA MODERNA 1,60,559,( ( HIS0084 ) ),,( HIS0092 )
HIS0095,HISTÓRIA MODERNA 2,60,559,( ( HIS0084 ) ),,( HIS0094 )
HIS0097,HISTÓRIA DA AMÉRICA 1,60,559,( ( HIS0084 ) ),,( HIS0096 )
HIS0099,HISTÓRIA DA AMÉRICA 2,60,559,( ( HIS0084 ) ),,( HIS0098 )
HIS0100,HISTÓRIA DO BRASIL 1,60,559,( ( HIS0084 ) ),,
HIS0102,HISTÓRIA DO BRASIL 2,60,559,( ( HIS0084 ) ),,( HIS0101 )
HIS0104,HISTÓRIA DO BRASIL 3,60,559,( ( HIS0084 ) ),,( HIS0103 )
HIS0106,HISTÓRIA CONTEMPORÂNEA 1,60,559,( ( HIS0084 ) ),,( HIS0105 )
HIS0107,HISTÓRIA CONTEMPORÂNEA 2,60,559,( ( HIS0084 ) ),,
HIS0110,HISTÓRIA SOCIAL E POLÍTICA GERAL,60,559,,,( ( HIS0093 E HIS0095 E HIS0106 E HIS0107 ) )
HIS0111,HISTÓRIA SOCIAL E POLÍTICA DO BRASIL,60,559,,,( ( HIS0100 E HIS0102 E HIS0104 ) )
HIS0115,METODOLOGIA DA HISTÓRIA,60,559,( ( HIS0084 ) ),,( HIS0114 )
HIS0126,HISTÓRIA DA AMÉRICA 3,60,559,( ( HIS0084 ) ),,
HIS0129,HISTÓRIA DO BRASIL 4,60,559,( ( HIS0084 ) ),,( HIS0127 ) OU ( HIS0128 )
HIS0138,HISTÓRIA MEDIEVAL 2,60,559,( ( HIS0084 ) ),,( HIS0137 )
HIS0140,CULTURA BRASILEIRA,60,559,,,( HIS0139 )
HIS0150,HISTÓRIA REGIONAL,60,559,( ( HIS0084 ) ),,
HIS0157,TÓPICOS ESPECIAIS EM HISTÓRIA DA AMÉRICA 1,60,559,,,( HIS0156 )
HIS0167,TÓPICOS ESPECIAIS EM HISTÓRIA MODERNA 1,60,559,,,( HIS0166 )
HIS0188,TÓPICOS ESPECIAIS EM HISTÓRIA DA AMÉRICA 2,60,559,,,( HIS0187 )
HIS0190,TÓPICOS ESPECIAIS EM HISTÓRIA DA AMÉRICA 3,60,559,,,
HIS0197,HISTÓRIA: NATUREZA E CULTURA,60,559,,,
HIS0199,TÓPICO ESPECIAL EM ENSINO DE HISTÓRIA,60,559,,,( HIS0198 )
HIS0212,HISTORIOGRAFIA,60,559,( ( HIS0084 ) ),,
HIS0216,LABORATÓRIO DE ENSINO DE HISTÓRIA 1 (ESTÁGIO SUPERVISIONADO),120,559,( HIS0084 ),,( HIS0205 OU HIS0204 )
HIS0218,LABORATÓRIO DE ENSINO DE HISTÓRIA 2 (ESTÁGIO SUPERVISIONADO),120,559,( HIS0084 ),,( HIS0210 OU HIS0209 )
HIS0219,LABORATÓRIO DE ENSINO DE HISTÓRIA 3 (ESTÁGIO SUPERVISIONADO),165,559,( HIS0084 ),,( HIS0007 )
HIS0220,ESTUDOS DAS RELAÇÕES ÉTNICO-RACIAIS E DE GÊNERO,60,559,,,
HIS0250,HISTÓRIA ANTIGA 1,60,559,,,( HIS0087 ) OU ( HIS0088 )
HIS0251,TEORIA DA HISTÓRIA,60,559,( ( HIS0084 ) ),,( HIS0112 ) OU ( HIS0113 )
HIS0252,HISTÓRIA DA ÁFRICA,60,559,,,( HIS0130 ) OU ( HIS0131 ) OU ( HIS0132 )
ICB0041,ELEMENTOS DA PRÁTICA EDUCACIONAL,30,455,,,
ICB0042,DIDÁTICA DAS CIÊNCIAS NATURAIS,60,455,( ( TEF0011 ) ),,
ICB0043,DIDÁTICA DA BIOLOGIA,60,455,( ( TEF0011 ) ),,
ICB0083,TÓPICOS ESPECIAIS EM ENSINO DE CIÊNCIAS,30,455,,,( ICB0082 )
ICB0085,TÓPICOS ESPECIAIS EM ENSINO DE BIOLOGIA,30,455,,,( ICB0084 )
ICB0205,ILUSTRAÇÃO CIENTÍFICA,60,455,,,( CEL0103 )
ICB0230,ESTÁGIO EM EXTENSÃO 1,60,455,,,( ICB0229 OU ICB0312 )
ICB0232,ESTÁGIO EM EXTENSÃO 2,90,455,( ( ICB0230 ) ),,( ICB0231 OU ICB0313 )
ICB0244,FILOSOFIA E HISTÓRIA DAS CIÊNCIAS,30,455,,,
ICB0245,SEMINÁRIOS EM BIOLOGIA,30,455,,,
ICB0266,GESTÃO DE DADOS E COLEÇÕES DE HISTÓRIA NATURAL,60,455,,,
ICB0296,ENSINO INCLUSIVO,30,455,,,
ICB0297,FUNDAMENTOS DE FISIOLOGIA ANIMAL,90,455,( ( CFS0021 ) E ( CEL0082 ) ),,( ( CFS0048 ) E ( CFS0049 ) )
ICB0298,FUNDAMENTOS DE MICROBIOLOGIA,30,455,( CEL0089 ) E ( CEL0082 ),,( CEL0111 )
ICB0299,FUNDAMENTOS DE PARASITOLOGIA,30,455,ZOO0013,,( FCS0007 ) OU ( FMD0003 )
ICB0300,FUNDAMENTOS EM BIOLOGIA MOLECULAR,30,455,( CEL0082 ),,( ( CEL0095 ) )
ICB0301,ESTÁGIO SUPERVISIONADO EM ENSINO DE CIÊNCIAS E BIOLOGIA 1,90,455,( ICB0042 ) E ( ICB0043 ),,
ICB0302,ESTÁGIO SUPERVISIONADO EM ENSINO DE CIÊNCIAS E BIOLOGIA 2,90,455,( ICB0301 ),,( ICB0208 )
ICB0303,ESTÁGIO SUPERVISIONADO EM ENSINO DE CIÊNCIAS E BIOLOGIA 3,120,455,( ICB0302 OU ICB0208 ),,
ICB0304,ESTÁGIO SUPERVISIONADO EM ENSINO DE CIÊNCIAS E BIOLOGIA 4,120,455,ICB0303,,
ICB0305,PRÁTICAS DE EDUCAÇÃO PARA A DIVERSIDADE NO ENSINO DE BIOLOGIA,30,455,,,
ICB0306,PRÁTICAS DE ENSINO E PESQUISA NA EDUCAÇÃO BÁSICA,60,455,( ICB0301 OU ICB0043 ),,
ICB0307,PRÁTICAS EM NOVAS TECNOLOGIAS DE ENSINO,30,455,,,
ICB0308,PROJETO DE PESQUISA EM EDUCAÇÃO CIENTÍFICA 1,60,455,( ICB0303 ),,( ICB0323 OU ICB0325 )
ICB0328,TÉCNICAS AVANÇADAS DE ILUSTRAÇÃO CIENTÍFICA,60,455,( ICB0205 ),,( CEL0112 ) OU ( ICB0220 )
ICE0006,FORMAÇÃO EM INTELIGÊNCIA ARTIFICIAL,30,504,,,
ICH0015,GEOGRAFIA ECONÔMICA,60,544,,,( GEA0041 )
ICH0023,ESTÁGIO SUPERVISIONADO EM GEOGRAFIA NO ENSINO FUNDAMENTAL,210,544,,,( GEA0085 E GEA0087 )
ICH0025,TRABALHO FINAL EM GEOGRAFIA 1,60,544,,,( GEA0064 )
ICH0028,GEOGRAFIA AFRICANA E AFRO-BRASILEIRA,60,544,,,( GEA0003 )
IDA0295,PRÁTICAS MUSICAIS DA CULTURA 3,60,485,,,
IDA0320,LABORATÓRIO DE TEATRO 4 - TEATRO DE FORMAS ANIMADAS,90,485,,,
IDA0321,HISTÓRIA DO TEATRO NO BRASIL,90,485,,,
IDA0323,ESTÁGIO CURRICULAR SUPERVISIONADO EM TEATRO 2,90,485,( ( IDA0319 ) ),,
IDA0338,PEDAGOGIA DO TEATRO 1,90,485,( ( IDA0380 ) OU ( IDA0376 ) ),,( IDA0337 )
IDA0360,A PSICOLOGIA E A CONSTRUÇÃO DO CONHECIMENTO,90,485,,,( ( IDA0349 ) )
IDA0373,FUNDAMENTOS DA LICENCIATURA EM TEATRO,45,485,,,( ( IDA0355 ) )
IDA0379,TECNOLOGIAS CONTEMPORÂNEAS NA ESCOLA 2,90,485,,,
IDA0433,PRÁTICA DE ENSINO EM AMBIENTES VIRTUAIS DE APRENDIZAGEM,75,485,,,
IDA0434,TRABALHO DE CONCLUSÃO DE CURSO 1,90,485,,,
IFD0002,PRÁTICA DE APOIO DA FÍSICA 1- 2,30,524,,,
IFD0004,FÍSICA ZERO,30,524,,,
IFD0005,FÍSICA TEÓRICA PARA CIÊNCIAS AGRÁRIAS,60,524,,,
IFD0006,FÍSICA EXPERIMENTAL PARA CIÊNCIAS AGRÁRIAS,30,524,,,( ( IFD0173 ) )
IFD0010,MÉTODOS DA FÍSICA EXPERIMENTAL,60,524,,,
IFD0011,FUNDAMENTOS MATEMÁTICOS DA FÍSICA A,60,524,,,
IFD0012,FUNDAMENTOS MATEMÁTICOS DA FÍSICA B,60,524,( ( IFD0011 ) OU ( MAT0025 ) ),,
IFD0013,"ONDAS, ÓPTICA E TERMODINÂMICA",90,524,( ( IFD0069 OU IFD0171 ) E ( MAT0025 OU IFD0011 ) ),,
IFD0014,LABORATÓRIO DE INSTRUMENTAÇÃO CIENTÍFICA A,60,524,( ( IFD0010 ) ),,
IFD0015,MECÂNICA CLÁSSICA A,60,524,( ( IFD0013 OU IFD0423 OU IFD0171 OU IFD0210 ) E ( ( MAT0026 ) E ( MAT0039 OU MAT0031 ) ) OU ( IFD0012 OU IFD0296 ) ),,( IFD0071 OU IFD0250 )
IFD0016,LABORATÓRIO DE MECÂNICA,60,524,( ( IFD0010 ) ),,
IFD0017,FÍSICA MATEMÁTICA A,60,524,( ( MAT0028 ) E ( MAT0039 OU MAT0031 ) OU ( IFD0012 E MAT0026 ) ),,
IFD0018,RELATIVIDADE E FÍSICA QUÂNTICA,90,524,( ( ( IFD0055 OU IFD0422 OU IFD0179 ) E ( IFD0069 OU IFD0419 OU IFD0171 ) E ( MAT0027 ) E ( IFD0012 OU MAT0031 OU MAT0039 ) ) OU ( IFD0183 ) OU ( IFD0137 ) ),,( ( IFD0098 ) )
IFD0019,MECÂNICA CLÁSSICA B,60,524,( IFD0015 ),,( IFD0088 )
IFD0020,MÉTODOS COMPUTACIONAIS A,60,524,( ( IFD0353 ) E ( MAT0029 OU MAT0031 OU IFD0012 ) ) OU ( IFD0171 E IFD0719 ),,
IFD0021,LABORATÓRIO DE FÍSICA MODERNA,60,524,( IFD0010 ),( IFD0018 ),
IFD0022,"LABORATÓRIO DE OSCILAÇÕES, ONDAS E FLUIDOS",60,524,( ( IFD0010 ) ),,
IFD0023,FÍSICA MATEMÁTICA B,60,524,( ( IFD0017 ) OU ( IFD0198 ) OU ( MAT0059 ) OU ( MAT0039 ) OU ( IFD0296 ) ),,
IFD0024,MECÂNICA QUÂNTICA A,60,524,( ( IFD0250 OU IFD0015 ) E ( IFD0018 OU IFD0098 OU IFD0256 ) E ( MAT0029 OU MAT0031 OU IFD0017 OU IFD0252 OU IFD0296 OU IFD0059 ) ),,( IFD0100 )
IFD0025,TEORIA ELETROMAGNÉTICA A,60,524,( IFD0055 OU IFD0422 OU IFD0224 OU IFD0179 ),( IFD0017 OU IFD0296 ),( IFD0074 OU IFD0254 )
IFD0026,LABORATÓRIO DE ELETROMAGNETISMO A,60,524,( ( IFD0010 ) ),,
IFD0027,LABORATÓRIO DE TERMODINÂMCIA E FÍSICA ESTATÍSTICA,60,524,( IFD0010 ),( IFD0013 OU IFD0423 ),
IFD0029,TEORIA ELETROMAGNÉTICA B,60,524,( ( IFD0025 ) OU ( IFD0074 ) OU ( IFD0254 ) ),,( ( IFD0076 ) )
IFD0030,MECÂNICA QUÂNTICA B,90,524,( ( IFD0024 E IFD0100 ) ),,( ( IFD0354 ) )
IFD0031,TERMODINÂMICA E FÍSICA ESTATÍSTICA,60,524,( ( IFD0013 OU IFD0175 OU IFD0217 OU IFD0078 ) E ( MAT0026 OU IFD0012 ) ),,
IFD0046,FÍSICA ATÔMICA E MOLECULAR A,60,524,( IFD0024 ),,
IFD0054,MÉTODOS COMPUTACIONAIS B,60,524,( ( IFD0020 ) ),,
IFD0055,ELETROMAGNETISMO,90,524,( IFD0013 OU IFD0420 ),( MAT0027 OU IFD0012 ),
IFD0056,RELATIVIDADE GERAL,60,524,( IFD0019 OU IFD0088 ),,
IFD0057,PROJETO DE TRABALHO DE CONCLUSÃO DE CURSO,30,524,,,( IFD0553 )
IFD0058,TRABALHO DE CONCLUSÃO DE CURSO,90,524,( ( IFD0057 ) ),,( IFD0554 )
IFD0059,TÓPICOS ESPECIAIS A,60,524,,,
IFD0060,TÓPICOS ESPECIAIS B,60,524,,,
IFD0062,TÓPICOS ESPECIAIS D,60,524,,,
IFD0069,MECÂNICA,90,524,,,( IFD0068 )
IFD0171,FISICA 1,60,524,,,( ( IFD0067 ) OU ( IFD0069 ) OU ( IFD0208 ) OU ( IFD0209 ) OU ( IFD0210 ) OU ( IFD0299 ) OU ( IFD0170 ) )
IFD0173,FISICA 1 EXPERIMENTAL,30,524,,,( ( IFD0006 ) OU ( IFD0010 ) OU ( IFD0067 ) OU ( IFD0211 ) OU ( IFD0212 ) OU ( IFD0213 ) OU ( IFD0172 ) )
IFD0175,FISICA 2,60,524,( ( IFD0069 OU IFD0210 OU IFD0171 ) OU ( IFD0171 E IFD0173 ) ) E ( ( MAT0025 ) ),,( ( IFD0217 ) OU ( FGA0090 ) OU ( FGA0254 ) OU ( IFD0174 ) OU ( IFD0013 ) )
IFD0177,FISICA 2 EXPERIMENTAL,60,524,( ( IFD0010 E IFD0069 ) OU ( IFD0171 E IFD0173 ) E ( MAT0025 ) ),( IFD0175 ),( IFD0218 OU IFD0219 OU IFD0220 OU IFD0176 )
IFD0179,FISICA 3,60,524,( ( IFD0175 E MAT0026 ) OU ( IFD0217 E MAT0026 ) OU ( IFD0299 E IFD0302 E MAT0023 ) ),,( ( IFD0072 ) OU ( IGD0182 ) OU ( IFD0224 ) OU ( IFD0238 ) OU ( IFD0178 ) )
IFD0181,FISICA 3 EXPERIMENTAL,60,524,( ( IFD0175 E MAT0026 ) OU ( IFD0217 E IFD0220 E MAT0026 ) OU ( IFD0010 E IFD0013 ) ),( IFD0179 OU IFD0055 ),( ( IFD0072 ) OU ( IFD0225 ) OU ( IFD0226 ) OU ( IFD0227 ) OU ( IFD0239 ) OU ( IFD0240 ) OU ( IFD0180 ) )
IFD0247,METODOLOGIA DO ENSINO DE FÍSICA,60,524,( ( IFD0430 ) OU ( IFD0244 ) ),,( IFD0245 ) OU ( IFD0246 )
IFD0254,TEORIA ELETROMAGNETICA,60,524,( ( ( IFD0179 OU IFD0224 ) E ( IFD0227 OU IFD0181 ) E ( IFD0252 OU IFD0296 ) ) OU ( ( MAT0059 OU IFD0198 OU IFD0017 ) ) OU ( ( IFD0296 OU MAT0059 OU IFD0017 ) E ( IFD0422 OU IFD0055 ) ) ),,( ( IFD0025 ) OU ( IFD0074 ) OU ( IFD0253 ) )
IFD0256,FISICA MODERNA 1,60,524,( ( ( IFD0244 ) E ( IFD0236 ) E ( MAT0031 OU IFD0252 OU IFD0198 ) ) OU ( ( ( IFD0419 OU IFD0069 ) E ( ( ( IFD0420 ) E ( IFD0423 ) ) OU ( IFD0013 ) ) ) E ( IFD0422 OU IFD0055 ) E ( IFD0296 OU IFD0017 ) ) ),,( ( IFD0098 ) OU ( IFD0255 ) )
IFD0282,PRATICA E ENSINO DE FISICA PARA O 2 GRAU 1,90,524,( ( IFD0247 ) ),,( IFD0280 ) OU ( IFD0281 )
IFD0296,METODOS MATEMATICOS DA FISICA TEORICA,60,524,( ( IFD0244 OU IFD0244 ) E ( IFD0252 E MAT0031 OU MAT0039 ) ) OU ( ( MAT0027 ) E ( MAT0031 OU MAT0039 ) ),,( IFD0294 ) OU ( IFD0295 )
IFD0304,FISICA PARA DESENHO INDUSTRIAL,90,524,,,( IFD0303 )
IFD0334,MATERIAIS DIDÁTICOS PARA O ENSINO DE FÍSICA,60,524,( IFD0245 OU IFD0246 OU IFD0247 ),,( IFD0331 ) OU ( IFD0332 ) OU ( IFD0333 )
IFD0338,PROJETOS E PROGRAMAS PARA O ENSINO DE FÍSICA,60,524,( IFD0245 OU IFD0246 OU IFD0247 ),,( IFD0335 ) OU ( IFD0336 ) OU ( IFD0337 )
IFD0340,FUNDAMENTOS DE FÍSICA,60,524,( ( MAT0025 ) OU ( MAT0022 ) OU ( MAT0137 ) ),,
IFD0342,FUNDAMENTOS DE ASTRONOMIA E ASTROFÍSICA,60,524,,,( IFD0341 )
IFD0353,PROGRAMAÇÃO PARA SISTEMAS FÍSICOS,60,524,( ( MAT0025 ) E ( IFD0069 OU IFD0418 OU IFD0171 OU IFD0210 ) ),,( IFD0352 )
IFD0387,TEORIAS DA APRENDIZAGEM E ENSINO DE FÍSICA,60,524,( ( IFD0357 ) ),,
IFD0395,TERMOESTATÍSTICA,60,524,( ( IFD0386 ) ),,
IFD0396,FUNDAMENTOS MATEMÁTICOS DA FÍSICA A,60,524,,,
IFD0417,FRONTEIRAS DA FÍSICA,30,524,,,
IFD0418,MECÂNICA 1,60,524,,,
IFD0419,MECÂNICA 2,60,524,( ( IFD0418 ) ),,
IFD0420,TERMODINÂMICA,60,524,( ( MAT0025 ) ),,
IFD0421,ELETROMAGNETISMO 1,60,524,( ( MAT0026 E IFD0419 ) ),,
IFD0422,ELETROMAGNETISMO 2,60,524,( ( MAT0027 E IFD0421 E IFD0423 ) ),,
IFD0423,ONDAS E ÓPTICA,60,524,( ( MAT0026 E IFD0419 ) ),,
IFD0424,LABORATÓRIO DE FÍSICA CLÁSSICA 1,90,524,( ( IFD0014 ) ),,
IFD0425,LABORATÓRIO DE FÍSICA CLÁSSICA 2,90,524,( ( IFD0014 ) ),,
IFD0426,HISTÓRIA DA FÍSICA CLÁSSICA,60,524,,,
IFD0427,FÍSICA MODERNA 2,60,524,( ( IFD0256 OU IFD0018 ) E ( IFD0296 OU IFD0017 ) ),,
IFD0428,LABORATÓRIO DE FÍSICA MODERNA E CONTEMPORÂNEA,60,524,( ( IFD0425 ) ),,
IFD0429,HISTÓRIA DA FÍSICA MODERNA,60,524,( ( IFD0426 ) ),,
IFD0430,INTRODUÇÃO AO ENSINO E DIVULGAÇÃO DA FÍSICA,30,524,,,
IFD0431,EPISTEMOLOGIA E ENSINO DE FÍSICA,60,524,( ( IFD0430 ) ),,
IFD0432,ESTÁGIO CURRICULAR SUPERVISIONADO EM FÍSICA 1,60,524,( ( IFD0419 OU IFD0069 OU IFD0210 ) E ( IFD0247 ) ),,( ( IFD0282 ) OU ( IFD0460 ) )
IFD0433,ESTÁGIO CURRICULAR SUPERVISIONADO EM FÍSICA 2,90,524,( ( IFD0432 OU IFD0282 ) E ( IFD0420 OU IFD0013 OU IFD0217 ) ),,( ( IFD0279 ) OU ( IFD0411 ) )
IFD0434,ESTÁGIO CURRICULAR SUPERVISIONADO EM FÍSICA 3,90,524,( ( IFD0432 ) E ( IFD0423 OU IFD0013 ) ),,( IFD0541 )
IFD0435,ESTÁGIO CURRICULAR SUPERVISIONADO EM FÍSICA 4,90,524,( ( IFD0433 OU IFD0411 ) E ( IFD0421 OU IFD0055 ) ),,( IFD0542 )
IFD0436,ESTÁGIO CURRICULAR SUPERVISIONADO EM FÍSICA 5,90,524,( ( IFD0434 ) E ( IFD0422 OU IFD0018 ) ),,( IFD0543 )
IGD0008,PREPARAÇÃO TRABALHO FINAL - GEOFÍSICA,30,533,( ( IGD0160 ) OU ( IGD0226 E IGD0224 ) ),,
IGD0010,RECURSOS HÍDRICOS PARA CIÊNCIAS AMBIENTAIS,90,533,( ( IGD0021 E IQD0257 ) OU ( IGD0211 E IGD0142 ) ),,
IGD0012,TÓPICOS ESPECIAIS EM CIÊNCIAS AMBIENTAIS 2,60,533,,,
IGD0013,TÓPICOS ESPECIAIS EM CIÊNCIAS AMBIENTAIS 3,60,533,,,
IGD0021,GEOLOGIA GERAL,90,533,,,( IGD0019 ) OU ( IGD0020 )
IGD0024,CRISTALOGRAFIA,60,533,( ( IQD0058 ) OU ( IQD0262 E IQD0259 E IQD0263 ) OU ( IQD0153 ) OU ( ECL0030 ) ),,( IGD0022 ) OU ( GMP0001 ) OU ( IGD0023 )
IGD0036,PETROLOGIA ÍGNEA,135,533,( ( IGD0194 E IQD0296 ) OU ( IGD0194 E ECL0030 ) ),,( ( IGD0034 ) OU ( GMP0007 ) OU ( GMP0008 ) OU ( IGD0035 ) OU ( IGD0272 E IGD0273 ) )
IGD0041,GEOLOGIA ECONÔMICA,135,533,( ( IGD0276 E IGD0268 E IGD0162 ) OU ( IGD0033 E IGD0150 E IGD0162 ) ),,( IGD0039 ) OU ( GRM0002 ) OU ( IGD0040 ) OU ( IGD0288 E IGD0289 )
IGD0047,FOTOGEOLOGIA E SENSORIAMENTO REMOTO,90,533,( ( IGD0143 E GEA0038 ) ),,( IGD0046 ) OU ( GEO0007 ) OU ( GEO0008 )
IGD0049,PALEONTOLOGIA,60,533,,,( IGD0048 ) OU ( GEO0009 )
IGD0051,ESTRATIGRAFIA,60,533,( ( IGD0203 E IGD0049 ) OU ( IGD0049 E ECL0030 ) OU ( IGD0203 E IGD0185 ) OU ( IGD0203 E IGD0252 ) ),,( ( IGD0210 ) OU ( IGD0050 ) OU ( GEO0010 ) OU ( GEO0011 ) )
IGD0054,HIDROGEOLOGIA,90,533,( ( IGD0147 OU IGD0312 ) ),,( ( IGD0053 ) OU ( GRM0003 ) OU ( GRM0004 ) OU ( IGD0282 E IGD0283 ) )
IGD0057,GEOLOGIA DO PETRÓLEO,30,533,( ( IGD0051 ) OU ( IGD0210 ) ),,( IGD0056 ) OU ( GRM0005 ) OU ( GRM0006 )
IGD0085,GEOLOGIA HISTÓRICA,60,533,( ( IGD0033 E IGD0150 E IGD0162 ) OU ( IGD0244 ) OU ( ECL0030 E IGD0051 ) OU ( IGD0276 E IGD0268 E IGD0162 ) ),,( ( IGD0084 ) OU ( GEO0015 ) )
IGD0126,ESTÁGIO SUPERVISIONADO EM GEOCIÊNCIAS,90,533,,,( IGD0121 ) OU ( IGD0122 ) OU ( IGD0123 ) OU ( IGD0124 ) OU ( IGD0125 )
IGD0132,BIOESTRATIGRAFIA E PALEOECOLOGIA,90,533,( ( IGD0049 ) ),,( IGD0131 ) OU ( GEO0024 )
IGD0138,METODOS QUANTITATIVOS EM GEOCIÊNCIAS,60,533,( ( MAT0026 ) OU ( MAT0031 ) ),,( ( IGD0108 ) OU ( IGD0136 ) OU ( IGD0137 ) )
IGD0140,FUNDAMENTOS DE MINERALOGIA,60,533,,,( IGD0139 )
IGD0142,GEOQUÍMICA ANALÍTICA,30,533,( ( IQD0153 ) ),,( GRM0015 ) OU ( IGD0141 )
IGD0143,DESENHO TECNICO GEOLOGICO,90,533,( ( IGD0198 ) OU ( IGD0183 ) ),,( IGD0264 E IGD0265 )
IGD0147,MAPEAMENTO GEOLÓGICO 1,75,533,( ( IGD0047 E IGD0148 E IGD0051 E IGD0211 ) OU ( IGD0047 E IGD0148 E IGD0051 E IGD0200 ) ),,( IGD0146 OU IGD0312 )
IGD0148,GEOLOGIA ESTRUTURAL 1,60,533,( ( IGD0143 E GEA0038 ) OU ( IGD0143 E ECL0030 ) OU ( IGD0051 ) ),,( GEO0027 )
IGD0153,MICROTECTÔNICA,60,533,( ( IGD0033 E IGD0150 ) ),,( GEO0029 )
IGD0160,INTRODUÇÃO AO SISTEMA DE INFORMAÇÕES GEOGRÁFICAS,60,533,( ( IGD0021 E MAT0022 E ECL0033 ) OU ( IGD0143 E MAT0025 ) OU ( IGD0021 E ECL0033 ) OU ( IGD0198 ) ),,( GEO0032 )
IGD0166,ESTÁGIO SUPERVISIONADO AVANÇADO EM GEOCIÊNCIAS,60,533,( ( IGD0126 ) ),,( IGD0165 )
IGD0167,FUNDAMENTOS DA HISTÓRIA DA TERRA,60,533,,,( ( IGD0021 ) )
IGD0173,GEOLOGIA BÁSICA,60,533,,,( ( IGD0021 ) )
IGD0179,TRABALHO DE MAPEAMENTO GEOLÓGICO FINAL,240,533,( ( IGD0088 E IGD0114 E IGD0096 ) OU ( IGD0088 E IGD0114 E IGD0041 ) ),,( IGD0177 ) OU ( IGD0178 )
IGD0182,INTRODUÇÃO AO ELETROMAGNETISMO,60,533,( ( MAT0026 E IFD0171 E ECL0030 ) OU ( MAT0026 E IFD0175 ) ),,( ( IFD0179 ) )
IGD0183,TOPOGRAFIA,60,533,,,( ( IGD0043 ) )
IGD0185,INTRODUÇÃO A MINERALOGIA,60,533,( ( IGD0021 ) ),,( ( IGD0024 E IGD0026 E IGD0106 ) OU ( IGD0024 E IGD0144 E IGD0145 ) OU ( IGD0024 E IGD0194 E IGD0195 ) )
IGD0187,PROGRAMAÇÃO EM GEOFÍSICA,60,533,( ( IGD0252 ) OU ( IGD0201 E IGD0202 ) ),,( IGD0186 )
IGD0191,MAPEAMENTO GEOLÓGICO 2,75,533,( ( IGD0150 E IGD0033 E IGD0147 ) ),,( IGD0190 OU IGD0313 )
IGD0192,INTRODUÇÃO À FÍSICA DA TERRA,30,533,,,
IGD0194,MINERALOGIA,120,533,( ( IGD0024 ) OU ( IGD0332 ) ),,( IGD0274 E IGD0275 )
IGD0195,MINERALOGIA DE NÃO SILICATOS,60,533,( ( IGD0194 ) OU ( IGD0274 E IGD0275 ) ),,( IGD0270 E IGD0271 )
IGD0198,CARTOGRAFIA E GEODÉSIA,60,533,( ( IGD0021 ) ),,
IGD0200,PETROLOGIA SEDIMENTAR,60,533,( ( IGD0203 E IGD0194 ) OU ( IGD0203 E ECL0030 E IGD0194 ) OU ( IGD0211 E IGD0194 E ECL0030 ) ),,( ( IGD0278 ) E ( IGD0279 ) )
IGD0202,MÉTODOS SÍSMICOS E ELÉTRICOS,60,533,( ( IGD0138 E IGD0182 ) OU ( EST0019 E IGD0182 ) ),,
IGD0203,GEOLOGIA SEDIMENTAR,60,533,( ( IGD0021 E ECL0030 ) OU ( IGD0143 ) OU ( IGD0021 E IGD0140 ) OU ( IGD0264 ) OU ( IGD0021 E IGD0185 ) ),,
IGD0205,ESTÁGIO EM GEOLOGIA,120,533,,,( IGD0204 )
IGD0207,FUNDAMENTOS DE SENSORIAMENTO REMOTO E INTERPRETAÇÃO DE IMAGENS,30,533,,,
IGD0213,ANÁLISE DE SINAIS,60,533,( ( IFD0179 E IFD0181 E IGD0192 ) OU ( IFD0179 E IFD0181 E MAT0059 E IGD0187 ) OU ( IGD0326 E IGD0138 E IGD0187 ) ),,
IGD0214,PROPRIEDADES FÍSICAS DAS ROCHAS,30,533,( ( IGD0252 E IGD0192 E IGD0244 E IGD0210 ) OU ( IGD0201 E IGD0202 ) OU ( IGD0244 E IGD0203 ) ),,
IGD0217,MÉTODOS POTENCIAIS,105,533,( ( MAT0059 E IGD0213 E IGD0214 E IGD0192 ) OU ( IGD0138 E IGD0213 E IGD0214 ) ),,( IGD0215 ) OU ( IGD0216 )
IGD0224,INTRODUÇÃO A GEOLOGIA ESTRUTURAL,75,533,( ( IGD0021 E IGD0183 E IGD0192 ) OU ( IGD0244 E IGD0051 ) ),( IGD0226 ),( ( IGD0045 E IGD0150 ) OU ( IGD0148 E IGD0150 ) )
IGD0226,INTRODUÇÃO À FOTOGEOLOGIA E AO SENSORIAMENTO REMOTO,75,533,( ( IGD0021 E IGD0183 E IGD0192 ) OU ( IGD0160 ) ),( IGD0224 ),( ( IGD0047 ) OU ( IGD0225 ) )
IGD0228,SÍSMICA DE REFLEXÃO,75,533,( ( MAT0059 E IGD0213 E IGD0214 E IGD0192 ) OU ( IGD0138 E IGD0213 E IGD0214 ) ),,( IGD0227 )
IGD0231,TRABALHO FINAL - GEOFÍSICA,150,533,( ( IGD0232 E IGD0250 E IGD0224 E IGD0228 ) OU ( IGD0250 E IGD0228 E IGD0008 ) OU ( IGD0304 E IGD0305 E IGD0306 E IGD0303 E IGD0307 E IGD0308 E IGD0240 E IGD0309 ) ),,
IGD0238,GEOFÍSICA DE EXPLORAÇÃO MINERAL,60,533,( ( IGD0220 E IGD0230 E IGD0217 ) OU ( IGD0202 E IGD0201 ) OU ( IGD0306 E IGD0305 E IGD0308 ) ),,
IGD0242,MÉTODOS MAGNETOTELÚRICO,30,533,( ( IGD0307 OU IGD0250 ) ),,
IGD0244,PETROLOGIA ÍGNEA E METAMÓRFICA,60,533,( ( IGD0185 E IGD0210 ) OU ( IGD0140 E IGD0203 ) OU ( IGD0203 E IGD0185 ) ),,( ( IGD0033 E IGD0036 ) )
IGD0250,MÉTODOS ELETROMAGNÉTICOS,90,533,( ( MAT0059 E IGD0213 E IGD0214 E IGD0192 ) OU ( IGD0138 E IGD0213 E IGD0214 ) ),,( ( IGD0248 ) OU ( IGD0249 ) OU ( IGD0290 E IGD0292 ) )
IGD0251,PRINCÍPIOS DE GEOFÍSICA 1,60,533,,,
IGD0252,PRINCÍPIOS DE GEOFÍSICA 2,60,533,( ( IGD0251 ) ),,( IGD0284 E IGD0285 )
IGD0257,RECUPERAÇÃO DE ÁREAS DEGRADADAS,60,533,( ( IGD0010 ) OU ( IGD0254 ) OU ( IGD0255 ) OU ( IGD0054 ) ),,( IGD0256 )
IGD0259,TRABALHO INTERDISCIPLINAR INTEGRADO 2,60,533,( ( CDS0010 E EST0019 ) ),,( CDS0017 )
IGD0311,ANÁLISE DE FÁCIES E MODELOS DEPOSICIONAIS,75,533,IGD0203,,
IGD0318,INTRODUÇÃO À EXTENSÃO,60,533,,,
IGD0319,COMUNICAÇÃO COM A COMUNIDADE 1,60,533,,,
IGD0320,COMUNICAÇÃO COM A COMUNIDADE 2,60,533,,,
IGD0325,FUNDAMENTOS DE MICROSCOPIA ELETRÔNICA,30,533,( IGD0033 ),,
IGD0400,EXTENSÃO EM GEOFÍSICA,30,533,,,
ILD0001,LÍNGUA DE SINAIS BRASILEIRA - BÁSICO,60,567,,,( ( LIP0174 ) )
ILD0033,ATIVIDADES DIVERSIFICADAS 2,30,567,,,
ILD0180,TEORIAS DA ESCRITA E DA LEITURA,60,567,,,
ILD0189,HISTÓRIA DA LÍNGUA PORTUGUESA,60,567,,,( ILD0029 E ILD0032 )
ILD0203,TEORIA DA LINGUAGEM POÉTICA,60,567,,,
ILD0215,LABORATÓRIO DE LITERATURA PARA O ENSINO FUNDAMENTAL E MÉDIO,90,567,( ILD0081 E ILD0084 ),,
ILD0217,ESTÁGIO SUPERVISIONADO EM PORTUGUÊS 2,90,567,( FED0163 E ILD0007 ) OU ( FED0163 E ILD0214 ),,
IPD0007,TÓPICOS EM PSICOLOGIA SOCIAL APLICADA,60,583,,,( IPD0006 )
IPD0016,ESTÁGIO SUPERVISIONADO BÁSICO EM PSICOLOGIA,90,583,( ( PCL0020 ) E ( PED0071 ) ),,( PPB0088 OU IPD0010 OU IPD0011 )
IQD0003,INTRODUÇÃO À COMPUTAÇÃO APLICADA AOS PROCESSOS QUÍMICOS,60,610,,,
IQD0004,FUNDAMENTOS DE PRODUÇÃO DE CERVEJA,60,610,( ( IQD0058 ) OU ( CEL0054 ) ),,
IQD0005,TRANSFERÊNCIA DE QUANTIDADE DE MOVIMENTO,60,610,( ( MAT0027 ) ),,
IQD0007,LABORATÓRIO DE ENGENHARIA QUÍMICA 2,30,610,( ( IQD0011 ) ),,( IQD0006 )
IQD0009,OPERAÇÕES UNITÁRIAS DA ENGENHARIA QUÍMICA 1,60,610,( ( IQD0005 ) ),,
IQD0010,TRANSFERÊNCIA DE MASSA,60,610,( ( MAT0027 E IQD0101 E IQD0005 ) OU ( MAT0027 E IQD0296 E IQD0005 ) ),,
IQD0011,OPERAÇÕES UNITÁRIAS DA ENGENHARIA QUÍMICA 2,60,610,( ( ENM0071 E IQD0009 ) ),,
IQD0012,OPERAÇÕES UNITÁRIAS DA ENGENHARIA QUÍMICA 3,60,610,( ( IQD0010 E IQD0011 E IQD0046 ) ),,
IQD0014,LABORATÓRIO DE ENGENHARIA QUÍMICA 1,30,610,( ( IQD0009 ) ),,( IQD0013 )
IQD0015,PROJETO DE ENGENHARIA QUÍMICA 1,30,610,( ( ENM0190 E IQD0012 E IQD0014 E IQD0048 ) OU ( ENC0053 E IQD0012 E IQD0014 E IQD0048 ) ),,
IQD0016,MODELAGEM E SIMULAÇÃO DE PROCESSOS QUÍMICOS,60,610,( ( IQD0048 E IQD0012 E IQD0009 E ENE0004 ) ),,
IQD0019,PROJETO DE ENGENHARIA QUÍMICA 2,30,610,( ( IQD0015 E IQD0016 E ENE0005 ) ),,
IQD0020,TECNOLOGIA DE CONVERSÃO DE BIOMASSA,60,610,( ( IQD0133 E IQD0069 ) OU ( IQD0133 E ENM0068 ) OU ( IQD0133 E IQD0268 ) ),,
IQD0021,QUÍMICA ANALÍTICA EXPERIMENTAL,60,610,( ( IQD0022 ) ),,
IQD0022,PRINCÍPIOS DE QUÍMICA ANALÍTICA,60,610,( ( IQD0092 ) ),,
IQD0023,TECNOLOGIA DO MEIO AMBIENTE 1,30,610,( ( IQD0069 E IQD0266 ) OU ( IQD0009 ) OU ( IQD0266 E IQD0268 ) ),,
IQD0024,LABORATÓRIO DE QUÍMICA ANALÍTICA 1,30,610,( ( IQD0262 E IQD0263 E IQD0259 E IQD0061 ) OU ( IQD0061 E IQD0058 ) ),,
IQD0026,FUNDAMENTOS DE ANÁLISE INSTRUMENTAL 2,30,610,( ( IQD0187 ) ),,
IQD0027,LABORATÓRIO DE SÍNTESE INORGÂNICA,60,610,( ( IQD0139 E IQD0223 ) OU ( IQD0139 E IQD0056 ) ),,
IQD0028,REAÇÕES ORGÂNICAS E SEUS MECANISMOS 2,60,610,( ( IQD0137 ) ),,
IQD0029,ESPECTROSCOPIA ATÔMICA E MOLECULAR,60,610,( ( IQD0191 E IQD0139 ) ),,
IQD0032,CINÉTICA QUÍMICA,30,610,( ( IQD0296 E ENM0068 ) OU ( IQD0101 ) ),,
IQD0036,TRABALHO DE CONCLUSÃO DE CURSO 2 - LIC EM QUÍMICA,30,610,( ( IQD0155 ) ),,
IQD0038,ESTÁGIO EM REGÊNCIA NO ENSINO DE QUÍMICA 1,90,610,( ( IQD0148 E IQD0101 E IQD0042 ) ),,( IQD0429 OU IQD0037 )
IQD0043,DIDÁTICA DA QUÍMICA,60,610,( IQD0035 OU IQD0449 ),,( IQD0148 )
IQD0044,INTRODUÇÃO A ENGENHARIA DE MATERIAIS,60,610,( ( IQD0058 ) ),,
IQD0046,TERMODINÂMICA APLICADA,30,610,( ( IQD0103 ) OU ( IQD0296 E ENM0068 ) ),,
IQD0048,ENGENHARIA DE REATORES QUÍMICOS,60,610,( ( MAT0026 E IQD0032 E IQD0005 ) ),,
IQD0056,QUIMICA INORGANICA 1 EXPERIMENTAL,60,610,( ( IQD0058 E IQD0061 ) OU ( IQD0262 E IQD0061 ) ),,( ( IQD0052 ) OU ( IQD0139 E IQD0223 ) )
IQD0058,FUNDAMENTOS DE QUÍMICA,90,610,,,( ( IQD0120 E IQD0132 ) OU ( IQD0153 ) OU ( IQD0259 E IQD0260 E IQD0262 E IQD0263 ) OU ( IQD0057 ) )
IQD0061,LABORATÓRIO DE QUÍMICA FUNDAMENTAL,60,610,,,( ( IQD0208 ) OU ( IQD0059 ) OU ( IQD0060 ) )
IQD0063,QUIMICA ANALITICA 1,60,610,( ( IQD0058 E IQD0061 ) OU ( IQD0051 ) OU ( IQD0262 E IQD0263 E IQD0259 E IQD0061 ) ),,( ( FUP0415 ) OU ( IQD0062 ) )
IQD0065,QUÍMICA ANALITICA 2,60,610,( ( IQD0063 ) OU ( IQD0118 ) ),,( IQD0064 )
IQD0071,TECNOLOGIA DO VÁCUO,30,610,( ( IQD0296 ) OU ( IQD0266 ) ),,
IQD0072,INTRODUCAO A QUIMICA ORGANICA,60,610,( ( IQD0058 ) OU ( IQD0153 ) OU ( IQD0125 E IQD0126 ) ),,( ( IQD0095 E IQD0096 ) OU ( IQD0131 ) OU ( IQD0133 ) OU ( IQD0245 ) )
IQD0092,QUÍMICA INORGÂNICA BÁSICA,60,610,( ( IQD0262 E IQD0263 E IQD0259 ) OU ( IQD0125 ) OU ( IQD0058 ) OU ( IQD0262 E IQD0260 ) ),,( ( IQD0052 ) OU ( IQD0120 E IQD0124 ) OU ( FUP0247 ) OU ( IQD0091 ) )
IQD0101,TERMODINÂMICA QUÍMICA,60,610,( ( IQD0262 E IQD0263 E IQD0259 E IFD0175 E MAT0026 ) OU ( IQD0058 E IFD0175 E MAT0026 ) OU ( IQD0153 E MAT0026 E IFD0175 ) OU ( IQD0058 E IQD0061 E MAT0026 E IFD0299 E IFD0302 ) OU ( IQD0058 E IQD0061 E MAT0026 E IFD0175 E IFD0177 ) OU ( IQD0058 E IQD0061 E MAT0023 E IFD0299 E IFD0302 ) OU ( IQD0058 E IQD0061 E MAT0023 E IFD0175 E IFD0177 ) OU ( IQD0051 E MAT0026 E IFD0299 E IFD0302 ) OU ( IQD0051 E MAT0026 E IFD0175 E IFD0177 ) OU ( IQD0051 E MAT0023 E IFD0299 E IFD0302 ) OU ( IQD0051 E MAT0023 E IFD0175 E IFD0177 ) OU ( IQD0051 E MAT0023 E IFD0299 E IFD0302 ) OU ( IQD0051 E MAT0023 E IFD0175 E IFD0177 ) OU ( IQD0153 E MAT0026 E IFD0299 E IFD0302 ) OU ( IQD0262 E IQD0263 E IQD0259 E IFD0299 E IFD0302 E MAT0026 ) ),,( ( IQD0080 ) OU ( IQD0145 ) OU ( IQD0100 ) )
IQD0103,EQUILÍBRIO E CINÉTICA QUÍMICA,60,610,( ( IQD0101 ) OU ( IQD0029 ) ),,( ( IQD0150 E IQD0191 ) OU ( IQD0102 ) )
IQD0105,QUÍMICA QUÂNTICA,60,610,( ( MAT0048 E IFD0179 E IQD0029 ) OU ( IQD0101 E IFD0238 E IFD0240 E MAT0048 ) OU ( IQD0145 E IFD0238 E IFD0240 E MAT0048 ) OU ( IQD0101 E IFD0179 E IFD0181 E MAT0048 ) OU ( IQD0145 E IFD0179 E IFD0181 E MAT0048 ) ),,( IQD0104 )
IQD0118,QUIMICA ANALITICA QUALITATIVA,60,610,( IQD0058 E IQD0061 ) OU ( ( IQD0125 ) E ( EFL0010 OU EFL0160 ) ),,( IQD0117 )
IQD0125,QUIMICA GERAL TEORICA,60,610,,,( ( IQD0058 ) OU ( IQD0058 E IQD0061 ) OU ( IQD0153 ) OU ( IQD0245 ) OU ( FUP0313 E FUP0329 E FUP0362 ) )
IQD0126,QUIMICA GERAL EXPERIMENTAL,30,610,,,( ( IQD0061 ) OU ( IQD0253 ) )
IQD0131,QUIMICA ORGANICA PARA CIENCIAS BIOLOGICAS,60,610,( ( IQD0125 E IQD0126 ) ),,( ( IQD0072 ) OU ( IQD0133 ) OU ( IQD0245 ) )
IQD0133,FUNDAMENTOS DE QUIMICA ORGANICA,60,610,( ( IQD0092 ) OU ( IQD0124 ) ),,( ( IQD0445 ) OU ( IQD0072 ) OU ( IQD0072 E IQD0131 ) OU ( IQD0095 ) OU ( IQD0095 E IQD0096 ) OU ( IQD0131 ) )
IQD0137,REAÇÕES ORGÂNICAS E SEUS MECANISMOS 1,60,610,( ( IQD0133 ) OU ( IQD0072 ) OU ( IQD0131 ) ),,( ( IQD0095 E IQD0096 ) OU ( IQD0096 ) OU ( IQD0136 ) )
IQD0139,QUÍMICA DOS ELEMENTOS DE TRANSIÇÃO,60,610,( ( IQD0092 ) ),,( ( IQD0056 E IQD0093 ) OU ( IQD0093 ) OU ( IQD0138 ) )
IQD0152,INTRODUÇÃO À QUÍMICA TECNOLÓGICA,60,610,( ( IQD0133 ) OU ( IQD0096 E IQD0139 ) OU ( IQD0065 ) ),,( ( IQD0094 ) OU ( IQD0151 ) )
IQD0153,QUÍMICA GERAL E INORGÂNICA,90,610,,,( ( IQD0058 E IQD0092 ) OU ( IQD0092 E IQD0125 ) OU ( FUP0247 E FUP0313 ) )
IQD0155,TRABALHO DE CONCLUSÃO DE CURSO 1 - LICENCIATURA EM QUÍMICA,30,610,( ( IQD0148 ) ),,( ( IQD0437 E IQD0438 ) OU ( IQD0154 ) )
IQD0167,INTRODUÇÃO À ESPECTROSCOPIA ORGÂNICA,60,610,( ( IQD0137 ) ),,( IQD0166 )
IQD0168,LABORATÓRIO DE QUÍMICA ORGÂNICA,60,610,( ( IQD0133 ) ),,( IQD0422 )
IQD0173,TÓPICOS EM QUÍMICA INORGÂNICA,60,610,( ( IQD0027 ) OU ( IQD0223 ) OU ( IQD0139 ) ),,( IQD0171 ) OU ( IQD0172 )
IQD0182,ENSINO DE QUÍMICA NA ESCOLA INCLUSIVA,30,610,( IQD0035 OU IQD0449 ),,( IQD0181 )
IQD0187,FUNDAMENTOS DE ANÁLISE INSTRUMENTAL 1,60,610,( ( IQD0228 E IQD0065 ) OU ( IQD0228 E IFD0179 E IFD0181 ) OU ( IQD0228 E IFD0238 E IFD0240 ) ),,( ( IQD0066 E IQD0067 ) OU ( IQD0185 ) OU ( IQD0186 ) )
IQD0189,TÓPICOS DE ENSINO DE QUÍMICA,30,610,,,( IQD0420 OU IQD0188 )
IQD0191,INTRODUÇÃO A QUIMICA MODERNA,60,610,( ( MAT0025 E IFD0171 ) OU ( MAT0025 E IFD0299 ) ),,( ( IQD0084 E IQD0103 ) OU ( IQD0190 ) )
IQD0192,LABORATORIO DE FISICO-QUIMICA,60,610,( ( IQD0103 ) OU ( IQD0296 E ENM0068 E IQD0021 ) OU ( IQD0296 E IFD0175 E IQD0043 ) ),,( ( IQD0078 ) )
IQD0212,LABORATÓRIO DE SÍNTESE ORGÂNICA,60,610,( ( IQD0168 OU IQD0422 ) E ( IQD0167 E IQD0137 ) ),,
IQD0213,QUÍMICA BIOLÓGICA,60,610,( IQD0137 OU IQD0445 ),,
IQD0218,MÉTODOS FÍSICOS APLICADOS À QUÍMICA INORGÂNICA,60,610,( ( IQD0139 ) ),,( IQD0217 )
IQD0223,LABORATÓRIO DE QUÍMICA INORGÂNICA,60,610,( ( IQD0139 ) ),,( ( IQD0056 E IQD0093 ) OU ( IQD0120 E IQD0124 ) )
IQD0226,LABORATÓRIO DE ANÁLISE INSTRUMENTAL,60,610,( ( IQD0187 ) ),,( ( IQD0066 E IQD0067 ) )
IQD0228,LABORATÓRIO DE QUÍMICA ANALÍTICA 2,60,610,( ( IQD0063 E IQD0024 ) OU ( IQD0243 ) OU ( IQD0065 ) ),,( IQD0227 )
IQD0231,TECNOLOGIA DA ÁGUA,30,610,( ( IQD0069 ) OU ( IQD0009 ) OU ( IQD0268 ) ),,
IQD0234,TECNOLOGIA DOS COSMÉTICOS,30,610,( ( IQD0069 ) OU ( IQD0009 ) OU ( IQD0268 ) ),,
IQD0237,INTRODUÇÃO AO CURSO DE LICENCIATURA EM QUÍMICA,30,610,,,( ( IQD0120 E IQD0132 ) )
IQD0238,LABORATÓRIO DE QUÍMICA TECNOLÓGICA,30,610,( ( IQD0069 ) OU ( IQD0268 ) ),,( ( IQD0094 ) )
IQD0242,ESTÁGIO EM REGÊNCIA NO ENSINO DE QUÍMICA 2,90,610,( ( IQD0239 ) ),,( ( IQD0430 ) OU ( IQD0201 E IQD0207 ) OU ( IQD0240 ) OU ( IQD0241 ) )
IQD0245,QUÍMICA ORGÂNICA FUNDAMENTAL,60,610,,,( ( IQD0051 E IQD0072 ) OU ( IQD0125 E IQD0131 ) OU ( IQD0133 ) OU ( IQD0252 ) OU ( IQD0244 ) )
IQD0252,QUÍMICA GERAL E ORGÂNICA TEÓRICA,60,610,,,( IQD0251 )
IQD0257,CONCEITOS FUNDAMENTAIS EM QUÍMICA,60,610,,,( ( IQD0051 ) OU ( IQD0058 ) OU ( IQD0125 ) )
IQD0259,PRINCÍPIOS DE EQUILÍBRIOS QUÍMICOS,30,610,,,
IQD0260,CÁLCULOS BÁSICOS DE QUÍMICA,30,610,,,
IQD0262,ESTRUTURA ATÔMICA E LIGAÇÕES QUÍMICAS,30,610,,,
IQD0263,PRINCÍPIOS DA TERMODINÂMICA E CINÉTICA QUÍMICA,30,610,,,
IQD0266,"FENÔMENOS DE TRANSPORTE DE MASSA, ENERGIA E MOMENTUM",60,610,( ( MAT0026 ) ),,
IQD0267,PROCESSOS DA INDÚSTRIA DE ALIMENTOS,60,610,( ( IQD0266 ) OU ( IQD0010 ) ),,
IQD0268,ELEMENTOS DE OPERAÇÕES UNITÁRIAS,60,610,( ( IQD0103 E IQD0266 ) ),,( ( IQD0069 ) )
IQD0269,LABORATÓRIO DE ELEMENTOS DE OPERAÇÕES UNITÁRIAS,30,610,( ( IQD0103 E IQD0266 ) ),,( ( IQD0069 ) )
IQD0272,TECNOLOGIA DO MEIO AMBIENTE 2,30,610,( ( IQD0268 ) OU ( IQD0009 ) ),,
IQD0274,TECNOLOGIA DE PROCESSOS ELETROLÍTICOS,30,610,( ( IQD0005 ) OU ( IQD0266 ) ),,
IQD0282,REAÇÕES QUÍMICAS E O AMBIENTE,60,610,( ( IQD0257 ) ),,
IQD0288,TÓPICOS EM QUÍMICA AMBIENTAL,60,610,( ( IQD0282 ) OU ( IQD0058 ) ),,( IQD0287 )
IQD0292,GERENCIAMENTO DE RESÍDUOS E SOLOS CONTAMINADOS,60,610,( ( IQD0282 ) OU ( IQD0058 ) ),,( IQD0291 )
IQD0296,FUNDAMENTOS DE FÍSICO-QUÍMICA,60,610,( ( IQD0262 E IQD0263 E IQD0259 E MAT0025 ) OU ( IQD0058 E MAT0025 ) OU ( IQD0153 E MAT0025 ) OU ( IQD0125 E MAT0025 ) OU ( IQD0058 E MAT0022 ) OU ( IQD0153 E MAT0022 ) OU ( IQD0125 E MAT0022 ) ),,( ( IQD0101 E IQD0103 ) )
IQD0297,INTRODUÇÃO À ENGENHARIA QUÍMICA,30,610,,,
IQD0415,ESTÁGIO SUPERVISIONADO DE LICENCIATURA EM QUÍMICA 1,45,610,( IQD0237 ),,( IQD0042 )
IQD0417,PRÁTICA EM ENSINO DE QUÍMICA 1,30,610,( IQD0035 OU IQD0449 ),,( IQD0206 )
IQD0418,ESTRATÉGIAS E MATERIAIS DE ENSINO DE QUÍMICA: ANÁLISE E ELABORAÇÃO,30,610,( IQD0035 OU IQD0449 ),,( IQD0250 )
IQD0422,QUÍMICA ORGÂNICA EXPERIMENTAL,60,610,( IQD0072 OU IQD0445 ),,( IQD0168 E IQD0167 )
IQD0423,PRÁTICA EM ENSINO DE QUÍMICA 3,60,610,( ( IQD0043 E IQD0417 ) OU ( IQD0043 E IQD0419 ) ),,( IQD0279 E IQD0446 )
IQD0424,NATUREZA E HISTÓRIA DO CONHECIMENTO CIENTÍFICO,60,610,( IQD0417 E IQD0419 ),,( IQD0258 E IQD0195 )
IQD0426,ESTÁGIO SUPERVISIONADO DE LICENCIATURA EM QUÍMICA 2,120,610,( IQD0415 E IQD0417 E IQD0419 ),,
IQD0427,TÓPICOS EM ENSINO DE QUÍMICA 2,30,610,( IQD0043 ),,
IQD0429,ESTÁGIO SUPERVISIONADO DE LICENCIATURA EM QUÍMICA 3,120,610,( IQD0426 E IQD0213 ),( IQD0296 ),
IQD0430,ESTÁGIO SUPERVISIONADO DE LICENCIATURA EM QUÍMICA 4,120,610,( IQD0429 E IQD0296 ),,
IQD0437,TRABALHO PARA CONCLUSÃO DA LICENCIATURA EM QUÍMICA 1 – TEORIA,30,610,( ( IQD0423 E IQD0425 ) OU ( IQD0206 E IQD0264 ) OU ( IQD0423 E IQD0264 ) OU ( IQD0206 E IQD0425 ) ),( IQD0438 ),( IQD0155 )
IQD0438,TRABALHO PARA CONCLUSÃO DA LICENCIATURA EM QUÍMICA 1 – PRÁTICA,30,610,( ( IQD0423 E IQD0425 ) OU ( IQD0206 E IQD0264 ) OU ( IQD0423 E IQD0264 ) OU ( IQD0206 E IQD0425 ) ),( IQD0437 ),( IQD0036 )
IQD0445,COMPOSTOS ORGÂNICOS: ESTRUTURAS E REATIVIDADE,60,610,( ( IQD0262 E IQD0263 E IQD0259 ) OU ( IQD0058 ) OU ( IQD0153 ) OU ( IQD0125 E IQD0126 ) ),,
IQD0446,PRÁTICA EXTRAORDINÁRIA EM ENSINO DE QUÍMICA 1,15,610,( IQD0035 OU IQD0449 ),,( IQD0423 OU IQD0206 )
IQD0447,PRÁTICA EXTRAORDINÁRIA EM ENSINO DE QUÍMICA 2,15,610,( IQD0035 OU IQD0449 ),,( IQD0425 OU IQD0264 )
IQD0449,FUNDAMENTOS DE ENSINO DE QUÍMICA,30,610,,,( IQD0035 )
IQD0451,EMPREENDEDORISMO TECNOLÓGICO: PRINCÍPIOS E ESTRATÉGIAS PARA CRIAÇÃO SPIN-OFFS DEEPTECHS,30,610,,,
IQD0452,DA BANCADA À INDÚSTRIA: EMPREENDEDORISMO E INOVAÇÃO PARA STARTUPS CIENTÍFICAS,30,610,,,
IQD0467,INTRODUÇÃO AO CURSO,30,610,,,
IRI0003,TÓPICOS ESPECIAIS EM INTRODUÇÃO AO ESTUDO DAS RELAÇÕES INTERNACIONAIS,60,669,,,
IRI0004,GÊNERO E RELAÇÕES INTERNACIONAIS,60,669,,,
IRI0007,RELAÇÕES INTERNACIONAIS DA CHINA,60,669,( ( IRI0013 ) ),,
IRI0009,PROCESSOS DECISÓRIOS E POLÍTICA EXTERNA DOS EUA,60,669,,,
IRI0012,HISTÓRIA DAS RELAÇÕES INTERNACIONAIS CONTEMPORÂNEAS,60,669,( ( HIS0084 E IRI0013 ) ),,( HIS0155 )
IRI0013,INTRODUÇÃO AO ESTUDO DAS RELAÇÕES INTERNACIONAIS,60,669,,,
IRI0015,TEORIA DAS RELAÇÕES INTERNACIONAIS 1,60,669,( ( IRI0013 E POL0012 ) ),,( IRI0014 )
IRI0018,ORGANIZAÇÕES INTERNACIONAIS 1,60,669,( ( IRI0052 ) ),,
IRI0047,GEOPOLÍTICA,60,669,( ( IRI0013 E IRI0015 ) ),,( ( GEA0046 ) )
IRI0048,INTEGRAÇÃO REGIONAL,60,669,( ( IRI0013 E IRI0015 ) ),,
IRI0049,ANÁLISE DAS RELAÇÕES INTERNACIONAIS,60,669,( ( IRI0018 E IRI0052 ) ),,
IRI0052,TEORIA DAS RELAÇÕES INTERNACIONAIS 2,60,669,( ( IRI0015 E POL0013 ) ),,
IRI0053,COMÉRCIO INTERNACIONAL,60,669,( ( IRI0169 ) ),,
IRI0066,SISTEMA FINANCEIRO INTERNACIONAL,60,669,( ( IRI0169 ) ),,
IRI0125,TÓPICOS ESPECIAIS EM TEORIA DAS RELAÇÕES INTERNACIONAIS 1,30,669,,,
IRI0133,TÓPICOS ESPECIAIS EM POLÍTICA INTERNACIONAL 3,30,669,( ( IRI0015 ) ),,
IRI0134,TÓPICOS ESPECIAIS EM POLÍTICA INTERNACIONAL 4,30,669,,,
IRI0144,ANÁLISE DAS RELAÇÕES INTERNACIONAIS DO BRASIL,60,669,( ( IRI0052 E IRI0154 ) ),,
IRI0146,DIREITO EM RELAÇÕES INTERNACIONAIS,60,669,( ( FDD0035 ) ),,
IRI0150,DIREITO INTERNACIONAL HUMANITÁRIO,60,669,( ( FDD0035 E IRI0013 ) ),,( IRI0149 )
IRI0154,HISTÓRIA DAS RELAÇÕES INTERNACIONAIS DO BRASIL,60,669,( ( IRI0012 ) ),,
IRI0156,MÉTODOS E TÉCNICAS DE PESQUISA EM RELAÇÕES INTERNACIONAIS,60,669,( ( IRI0052 E EST0019 ) ),,
IRI0157,POLÍTICA AMBIENTAL GLOBAL,60,669,( ( IRI0015 ) ),,
IRI0158,POLÍTICA COMPARADA,60,669,( ( POL0013 E IRI0052 E IRI0156 ) ),,
IRI0159,"POLÍTICA, ECONOMIA E SOCIEDADE EM PERSPECTIVA COMPARADA",60,669,,,
IRI0162,SEGURANÇA INTERNACIONAL,60,669,( ( IRI0013 ) ),,( IRI0161 )
IRI0164,POLÍTICA INTERNACIONAL CONTEMPORÂNEA,60,669,( ( IRI0049 ) ),,
IRI0168,ECONOMIA POLÍTICA INTERNACIONAL 1,60,669,( ( ECO0019 E IRI0015 ) ),,
IRI0169,ECONOMIA POLÍTICA INTERNACIONAL 2,60,669,( ( IRI0168 ) ),,
IRI0182,NEGOCIAÇÕES INTERNACIONAIS,60,669,( ( IRI0013 ) ),,
IRI0183,RELAÇÕES INTERNACIONAIS DO ORIENTE MÉDIO,60,669,,,
IRI0184,RELAÇÕES INTERNACIONAIS DA ÁFRICA,60,669,( ( IRI0013 ) ),,
JOR0002,HISTÓRIA DO JORNALISMO,60,352,,,
JOR0003,PROCESSOS GRÁFICOS EM JORNALISMO,60,352,( JOR0080 OU JOR0078 OU JOR0058 ),,( ( COM0138 ) )
JOR0004,ÉTICA E JORNALISMO,60,352,( JOR0080 OU JOR0078 ),,
JOR0006,JORNALISMO EM RÁDIO 1,60,352,( JOR0005 OU JOR0142 OU ( JOR0141 E JOR0078 ) ),,
JOR0007,WEBDESIGN EM JORNALISMO,60,352,( JOR0142 OU JOR0005 OU JOR0080 ),,
JOR0009,WEBJORNALISMO,60,352,( JOR0142 OU JOR0005 OU JOR0080 ),,
JOR0010,CAMPUS MULTIMÍDIA,180,352,( JOR0009 E JOR0006 E JOR0015 E JOR0003 ),,
JOR0012,EMPREENDEDORISMO E GESTÃO EM COMUNICAÇÃO,30,352,( ( JOR0078 ) ),,( ( COM0131 ) OU ( JOR0011 ) OU ( FAC0032 ) )
JOR0014,JORNALISMO EM RÁDIO 2,120,352,( JOR0006 ),,
JOR0015,JORNALISMO EM TV 1,60,352,( JOR0005 OU JOR0142 OU ( JOR0141 E JOR0078 ) ),,
JOR0016,JORNALISMO EM TV 2,120,352,( JOR0015 ),,
JOR0017,JORNALISMO ESPORTIVO,60,352,( JOR0005 OU JOR0142 ),,
JOR0019,JORNALISMO INVESTIGATIVO,60,352,( JOR0005 OU JOR0142 ),,
JOR0020,JORNALISMO LOCAL,60,352,( JOR0005 OU JOR0142 ),,
JOR0023,TEORIAS DO JORNALISMO,60,352,( ( JOR0045 ) ),,
JOR0024,ASSESSORIA DE COMUNICAÇÃO 1,60,352,( JOR0005 OU JOR0142 OU ( JOR0141 E JOR0078 ) ),,
JOR0025,ASSESSORIA DE COMUNICAÇÃO 2,120,352,( JOR0024 OU JOR0142 ),,
JOR0027,JORNAL CAMPUS,120,352,( ( JOR0005 OU JOR0142 ) E ( JOR0003 ) ),,
JOR0039,FOTOJORNALISMO,60,352,,,( COM0058 ) OU ( JOR0038 )
JOR0045,TEORIAS DA COMUNICAÇÃO 1,60,352,( JOR0078 OU JOR0080 ),,( COM0130 OU FAC0031 )
JOR0058,OFICINA DE TEXTO 1,60,352,,,( COM0120 )
JOR0062,ÉTICA NA COMUNICAÇÃO,30,352,,,( ( COM0127 ) )
JOR0063,MÉTODOS E TÉCNICAS EM PESQUISA EM COMUNICAÇÃO,60,352,( JOR0078 ),,( COM0133 E FAC0034 )
JOR0064,ESTÉTICA DA COMUNICAÇÃO,60,352,( JOR0078 ),,
JOR0065,POLITICAS DE COMUNICAÇÃO,60,352,( JOR0045 OU COM0130 ),,( COM0140 )
JOR0078,INTRODUÇÃO A COMUNICAÇÃO,60,352,,,
JOR0079,COMUNICAÇÃO E UNIVERSIDADE,30,352,,,( COM0127 OU JOR0190 )
JOR0083,COMUNICAÇÃO COMUNITÁRIA,60,352,( ( JOR0045 ) OU ( COM0130 ) OU ( SER0024 ) OU ( MUS0089 ) OU ( POL0011 ) OU ( SOL0042 ) OU ( DAN0022 ) OU ( JOR0078 ) OU ( MAT0025 ) OU ( FUP0286 ) OU ( DSC0037 ) OU ( FIL0069 ) OU ( CET0038 ) OU ( TAU0002 ) ),,
JOR0088,PRÉ-PROJETO EXPERIMENTAL EM JORNALISMO,60,352,( JOR0023 E JOR0010 E JOR0063 ),,( JOR0210 )
JOR0089,TECNOLOGIA DE COMUNICAÇÃO,30,352,( ( JOR0045 ) OU ( COM0130 ) ),,( ( COM0132 ) )
JOR0092,LEGISLAÇÃO E DIREITO A COMUNICAÇÃO,60,352,( ( JOR0045 ) ),,( ( DAP0170 ) OU ( DAP0171 ) OU ( JOR0090 ) OU ( JOR0091 ) )
JOR0107,TÓPICOS ESPECIAIS EM COMUNICAÇÃO 1,60,352,,,( JOR0106 )
JOR0109,TÓPICOS ESPECIAIS EM COMUNICAÇÃO 2,60,352,,,( JOR0108 )
JOR0110,JORNALISMO POLÍTICO,60,352,( JOR0005 OU JOR0142 ),,
JOR0116,TÓPICOS ESPECIAIS EM COMUNICAÇÃO 6,30,352,,,( JOR0115 )
JOR0135,JORNALISMO LITERÁRIO,60,352,( TEL0014 OU JOR0005 OU JOR0142 ),,
JOR0141,TEXTO JORNALÍSTICO,60,352,,,( ( JOR0058 ) )
JOR0142,APURAÇÃO JORNALÍSTICA,60,352,( JOR0141 ),,
JOR0144,JORNALISMO AMBIENTAL,60,352,( JOR0142 OU JOR0005 ),,
JOR0190,COMUNICAÇÃO E UNIVERSIDADE,60,352,,,
LET0002,PESQUISA EM TRADUÇÃO,60,574,( ( LET0054 ) ),,( ( LET0850 ) )
LET0004,VERSÃO DE TEXTOS LITERÁRIOS,60,574,( ( LET0422 ) ),,( ( LET0851 ) )
LET0005,ESTÁGIO SUPERVISIONADO DE TRADUÇÃO - ESPANHOL,90,574,( ( LET0421 E LET0422 E LET0424 ) ),,
LET0008,TÓPICOS ESPECIAIS EM ESTUDOS DE TRADUÇÃO 1,60,574,,,
LET0009,TÓPICOS ESPECIAIS EM ESTUDOS DE TRADUÇÃO 2,60,574,,,
LET0014,PORTUGUÊS PARA ESTRANGEIROS: LÍNGUA E CULTURA 1,60,574,,,
LET0015,PORTUGUÊS PARA ESTRANGEIROS: LÍNGUA E CULTURA 2,60,574,,,
LET0016,PORTUGUÊS PARA ESTRANGEIROS: COMUNICAÇÃO ORAL E ESCRITA 1,60,574,,,
LET0017,PORTUGUÊS PARA ESTRANGEIROS: COMUNICAÇÃO ORAL E ESCRITA 2,60,574,,,
LET0018,TRABALHO DE CONCLUSÃO DE CURSO,60,574,,,( LET0480 )
LET0023,ESTÁGIO SUPERVISIONADO EM ESPANHOL 1,210,574,( ( LET0355 ) ),,( LET0022 )
LET0025,ESTÁGIO SUPERVISIONADO EM ESPANHOL 2,210,574,( ( LET0350 ) OU ( LET0023 ) OU ( LET0033 ) ),,
LET0041,MORFOSSINTAXE DO INGLES 1,60,574,( ( LET0312 ) ),,
LET0043,ESTAGIO DE BACHAREL EM FRANCES,60,574,( LET0323 ),,( LET0925 )
LET0050,PROJETO FINAL DO CURSO DE TRADUÇÃO,90,574,( ( LET0134 E LET0222 E LET0138 E LET0226 E LET0052 E LET0054 ) OU ( LET0182 E LET0202 E LET0186 E LET0206 E LET0052 E LET0054 ) OU ( LET0142 E LET0230 E LET0052 E LET0054 ) OU ( LET0190 E LET0210 E LET0052 E LET0054 ) OU ( LET0052 E LET0054 E LET0426 E LET0427 E LET0429 E LET0430 E LET0002 ) OU ( LET0052 E LET0054 E LET0429 E LET0430 E LET0003 E LET0004 E LET0002 ) OU ( LET0507 ) ),,( ( LET0049 ) OU ( LET0852 ) )
LET0052,TEORIA DA TRADUCAO 1,60,574,( ( LIP0045 E LIP0096 ) OU ( LIP0045 E LIP0037 ) ),,( ( LET0167 E LET0168 ) OU ( LET0167 E LET0169 ) OU ( LET0051 ) OU ( LET0820 ) OU ( LET0502 ) )
LET0054,TEORIA DA TRADUCAO 2,60,574,( ( LET0052 ) ),,( ( LET0153 E LET0167 ) OU ( LET0167 E LET0170 ) OU ( LET0053 ) OU ( LET0843 ) OU ( LET0503 ) )
LET0055,CIVILIZACAO FRANCESA,60,574,( ( LET0324 ) OU ( LET0325 ) ),,( ( LET0061 ) )
LET0056,CIVILIZACAO DE EXPRESSAO FRANCESA,60,574,( ( LET0324 ) OU ( LET0325 ) ),,
LET0058,CULTURA E INSTITUICOES BRITANICAS,60,574,( ( LET0085 ) OU ( LET0334 ) OU ( LET0252 ) ),,( ( LET0059 E LET0066 ) OU ( LET0057 ) )
LET0064,CULTURA E INSTITUICOES NORTE AMERICANAS,60,574,,,( LET0062 ) OU ( LET0063 )
LET0071,LEITURA CRÍTICA DE TEXTOS PARA TRADUÇÃO,30,574,( ( LIP0045 ) ),,( LET0070 )
LET0088,LINGUA INGLESA 5,60,574,( LET0087 OU LET0766 ),,( LET0767 )
LET0093,ESTAGIO SUPERVISIONADO DE FRANCES 1,60,574,( ( PED0058 E MTC0012 E LET0323 ) OU ( MTC0012 E PPB0017 E LET0323 ) ),,( LET0092 )
LET0096,ESTAGIO SUPERVISIONADO DE FRANCES 2,60,574,( ( LET0093 ) ),,( LET0094 ) OU ( LET0095 )
LET0101,LÍNGUA ALEMÃ 1,60,574,,,
LET0102,LINGUA ALEMA 2,60,574,( ( LET0101 ) ),,
LET0103,LINGUA ALEMA 3,60,574,( ( LET0102 ) ),,
LET0104,LINGUA ALEMA 4,60,574,( ( LET0103 ) ),,
LET0106,LINGUA JAPONESA 1,60,574,,,( LET0105 )
LET0115,PRÁTICA DE TRADUÇÃO PORTUGUÊS-FRANCÊS: TEXTOS GERAIS,60,574,( ( LET0078 ) OU ( LET0324 ) OU ( LET0792 ) ),,( LET0112 ) OU ( LET0113 ) OU ( LET0114 )
LET0118,LÍNGUA ESPANHOLA 1,60,574,,,( ( LET0305 ) OU ( LET0305 E LET0306 ) OU ( LET0305 E LET0306 E LET0348 ) OU ( LET0305 E LET0306 E LET0348 E LET0424 ) OU ( LET0117 ) )
LET0120,LÍNGUA ESPANHOLA 2,60,574,( ( LET0118 ) ),,( ( LET0305 E LET0306 ) OU ( LET0305 E LET0306 E LET0348 ) OU ( LET0305 E LET0306 E LET0348 E LET0424 ) OU ( LET0119 ) )
LET0122,LÍNGUA ESPANHOLA 3,60,574,( ( LET0120 ) ),,( ( LET0305 E LET0306 ) OU ( LET0305 E LET0306 E LET0348 ) OU ( LET0305 E LET0306 E LET0348 E LET0424 ) OU ( LET0121 ) )
LET0124,LÍNGUA ESPANHOLA 4,60,574,( ( LET0122 ) ),,( ( LET0305 E LET0306 E LET0348 ) OU ( LET0305 E LET0306 E LET0348 E LET0424 ) OU ( LET0123 ) )
LET0134,PRÁTICA DE TRADUÇÃO PORTUGUÊS-FRANCÊS: TEXTOS ECONÔMICOS,60,574,( ( LET0115 OU LET0525 ) ),,( LET0131 ) OU ( LET0132 ) OU ( LET0133 )
LET0142,PRÁTICA DE TRADUÇÃO PORTUGUÊS-FRANCÊS: TEXTOS LITERÁRIOS,60,574,( LET0115 OU LET0525 ),,( LET0139 ) OU ( LET0140 ) OU ( LET0141 )
LET0174,PRÁTICA DE TRADUÇÃO INGLES/PORTUGUES: TEXTOS GERAIS,60,574,( ( LET0086 ) OU ( LET0262 ) ),,( LET0171 ) OU ( LET0172 ) OU ( LET0173 )
LET0178,PRATICA DE TRADUCAO INGLES/PORTUGUES : TEXTOS JURIDICOS,60,574,( ( LET0174 ) ),,( LET0175 ) OU ( LET0176 ) OU ( LET0177 )
LET0182,PRATICA DE TRADUCAO INGLES/PORTUGUES : TEXTOS ECONOMICOS,60,574,( ( LET0174 ) ),,( LET0179 ) OU ( LET0180 ) OU ( LET0181 )
LET0186,PRÁTICA DE TRADUÇÃO INGLES/PORTUGUES: TEXTOS TÉCNICOS E CIENTÍFICOS,60,574,( ( LET0174 ) ),,( LET0183 ) OU ( LET0184 ) OU ( LET0185 )
LET0190,PRATICA DE TRADUCAO INGLES/PORTUGUES : TEXTOS LITERARIOS,60,574,( ( LET0174 ) ),,( LET0187 ) OU ( LET0188 ) OU ( LET0189 )
LET0194,PRATICA DE TRADUCAO PORTUGUES/INGLES : TEXTOS GERAIS,60,574,( ( LET0086 ) OU ( LET0262 ) ),,( LET0191 ) OU ( LET0192 ) OU ( LET0193 )
LET0198,PRATICA DE TRADUCAO PORTUGUES/INGLES : TEXTOS JURIDICOS,60,574,( ( LET0194 ) ),,( LET0195 ) OU ( LET0196 ) OU ( LET0197 )
LET0202,PRATICA DE TRADUCAO PORTUGUES/INGLES : TEXTOS ECONOMICOS,60,574,( ( LET0194 ) ),,( LET0199 ) OU ( LET0200 ) OU ( LET0201 )
LET0206,PRATICA DE TRADUCAO PORTUGUES/INGLES : TEXTOS TECNICOS E CIENTIFICOS,60,574,( ( LET0194 ) ),,( LET0203 ) OU ( LET0204 ) OU ( LET0205 )
LET0210,PRATICA DE TRADUCAO PORTUGUES/INGLES : TEXTOS LITERARIOS,60,574,( ( LET0194 ) ),,( LET0207 ) OU ( LET0208 ) OU ( LET0209 )
LET0214,PRÁTICA DE TRADUÇÃO FRANCÊS-PORTUGUÊS: TEXTOS GERAIS,60,574,( LET0078 ) OU ( LET0324 ) OU ( LET0792 ),,( LET0211 ) OU ( LET0212 ) OU ( LET0213 ) OU ( LET0525 )
LET0222,PRÁTICA DE TRADUÇÃO FRANCÊS-PORTUGUÊS: TEXTOS ECONÔMICOS,60,574,( LET0214 OU LET0525 ),,( ( LET0219 ) OU ( LET0220 ) OU ( LET0221 ) )
LET0230,PRÁTICA DE TRADUÇÃO FRANCÊS-PORTUGUÊS: TEXTOS LITERÁRIOS,60,574,( ( LET0214 OU LET0525 ) ),,( LET0227 ) OU ( LET0228 ) OU ( LET0229 )
LET0234,ESTAGIO SUPERVISIONADO DE TRADUCAO-INGLES,90,574,( ( LET0182 E LET0202 E LET0186 E LET0206 ) OU ( LET0190 E LET0210 ) ),,( LET0233 )
LET0236,ESTÁGIO SUPERVISIONADO DE TRADUÇÃO-FRANCÊS,90,574,( ( LET0134 E LET0222 E LET0138 E LET0226 ) OU ( LET0142 E LET0230 ) OU ( LET0507 ) ),,( LET0235 )
LET0239,PORTUGUÊS PARA ESTRANGEIROS 1,60,574,,,( LET0237 ) OU ( LET0238 )
LET0242,PORTUGUÊS PARA ESTRANGEIROS 2,60,574,( ( LET0239 ) ),,( LET0240 ) OU ( LET0241 )
LET0247,INGLES: EXPRESSAO ORAL 2,60,574,( LET0245 OU LET0764 ),,( LET0246 OU LET0765 )
LET0249,INGLES: EXPRESSAO ORAL 3,60,574,( LET0247 OU LET0765 ),,( LET0248 OU LET0767 )
LET0252,INGLÊS: COMPREENSÃO DE TEXTOS ESCRITOS 1,60,574,,,( LET0331 OU LET0251 OU LET0763 )
LET0254,INGLÊS: COMPREENSÃO DE TEXTOS ESCRITOS 2,30,574,( ( LET0084 ) OU ( LET0252 ) ),,( ( LET0162 ) OU ( LET0253 ) )
LET0256,INGLES: EXPRESSAO ESCRITA 3,60,574,( LET0260 OU LET0765 ),,( LET0255 OU LET0766 )
LET0257,INGLES: EXPRESSAO ESCRITA 4,60,574,( ( LET0256 ) OU ( LET0088 ) ),,
LET0260,INGLES: EXPRESSAO ESCRITA 2,60,574,( LET0262 OU LET0086 OU LET0764 ),,( LET0259 OU LET0765 )
LET0262,INGLES: EXPRESSAO ESCRITA 1,60,574,( LET0334 OU LET0312 OU LET0252 OU LET0763 ),,( LET0261 OU LET0764 )
LET0263,METODOLOGIA DO ENSINO DE LINGUA ESTRANGEIRA MODERNA,60,574,( LET0256 OU LET0766 ),,( LET0037 OU LET0468 )
LET0281,FERRAMENTAS E AMBIENTES DE AUXÍLIO À TRADUÇÃO 1,60,574,,,( ( LET0278 ) OU ( LET0279 ) OU ( LET0280 ) OU ( LET0868 ) )
LET0308,MORFOSSINTAXE DO INGLES 2,60,574,( ( LET0041 ) ),,
LET0311,FONETICA E FONOLOGIA DO INGLES,60,574,( ( LIP0045 ) ),,
LET0312,INTRODUÇÃO À MORFOSSINTAXE DO INGLÊS,60,574,,,
LET0315,HISTORIA DA LINGUA FRANCESA,60,574,( LET0791 OU LET0077 OU LET0323 ),,( LET0313 ) OU ( LET0314 )
LET0317,FONETICA E FONOLOGIA DO FRANCES,60,574,( ( LET0739 E LIP0045 ) OU ( LET0323 ) ),,( LET0316 )
LET0320,MORFOSSINTAXE DO FRANCES,60,574,( ( LET0739 E LIP0045 ) OU ( LET0323 ) ),,( LET0318 ) OU ( LET0319 )
LET0322,ANALISE E PRODUCAO DE TEXTOS EM FRANCES,60,574,( ( LET0323 OU LET0792 OU LET0078 ) E ( LET0320 ) ),,( LET0321 )
LET0323,PRATICA DO FRANCES ORAL E ESCRITO 4,90,574,( ( LET0324 ) ),,( LET0798 E LET0799 )
LET0324,PRÁTICA DO FRANCÊS ORAL E ESCRITO 3,90,574,( LET0325 ),,( LET0797 E LET0798 )
LET0331,INGLÊS INSTRUMENTAL 1,60,574,,,( LET0763 )
LET0337,LINGUA ITALIANA 1,60,574,,,
LET0338,LINGUA ITALIANA 2,60,574,( ( LET0337 ) ),,
LET0344,HISTORIA DA LINGUA ESPANHOLA,60,574,( ( LET0420 E LET0895 E LET0889 ) OU ( LET0345 E LIP0061 ) ),,
LET0346,ESPANHOL PENINSULAR E ESPANHOL DE AMERICA,60,574,( ( LET0348 ) ),,( ( LET0902 ) )
LET0347,USOS ESPECIALIZADOS DO ESPANHOL,60,574,( ( LET0348 ) ),,( ( LET0884 ) )
LET0351,METODOLOGIAS DE ANALISES DE TEXTOS EM ESPANHOL,60,574,( ( LET0347 ) ),,( LET0899 )
LET0362,SOCIEDADE JAPONESA CONTEMPORANEA,60,574,( LET0072 E LET0073 ),,
LET0368,METODOLOGIA DE ENSINO DE LÍNGUA JAPONESA,60,574,( ( LET0364 ) ),,
LET0369,LABORATÓRIO DE LÍNGUA JAPONESA,60,574,( LET0367 OU LET0492 ),,( LET0493 )
LET0371,ESTÁGIO SUPERVISIONADO DE JAPONÊS 1,210,574,( LET0368 ),,( LET0370 OU LET0761 )
LET0375,ESTÁGIO SUPERVISIONADO EM JAPONÊS 2,210,574,( LET0371 OU LET0761 ),,( LET0374 OU LET0762 )
LET0376,LINGUA CHINESA 1,60,574,,,
LET0377,LÍNGUA CHINESA 2,60,574,( ( LET0376 ) ),,
LET0378,LINGUA CHINESA 3,60,574,( ( LET0376 E LET0377 ) ),,
LET0380,LINGUA ITALIANA 4,60,574,( ( LET0379 ) ),,
LET0406,SEMINÁRIO DE TÓPICOS DE ENSINO EM LÍNGUA ESPANHOLA,60,574,( LET0356 ),,
LET0407,FUNDAMENTOS DA LÍNGUÍSTICA APLICADA,60,574,,,
LET0408,LINGÜÍSTICA APLICADA NA FORMAÇÃO DO PROFESSOR DE LÍNGUA,60,574,,,
LET0420,FONÉTICA E FONOLOGIA DA LÍNGUA ESPANHOLA,60,574,( ( LET0872 OU LET0120 OU LET0306 ) ),,
LET0423,FUNDAMENTOS DA SOCIEDADE DA INFORMAÇÃO,60,574,( ( LET0326 E LET0252 ) OU ( LET0326 E LET0118 ) OU ( LET0118 E LET0252 ) ),,
LET0425,MULTILINGUISMO NO CIBERESPAÇO,60,574,( ( LIP0045 E LET0325 ) OU ( LET0262 ) OU ( LET0120 ) ),,( LET0736 )
LET0431,FRANCÊS 1,60,574,,,( ( LET0326 ) )
LET0435,PLANEJAMENTO E ORGANIZAÇÃO DE CONFERÊNCIAS INTERNACIONAIS,60,574,( ( LET0324 E LET0122 E LET0256 ) OU ( LET0324 E LET0122 ) OU ( LET0122 E LET0256 ) OU ( LET0324 E LET0256 ) ),,( LET0759 )
LET0438,LÍNGUA CHINESA 4,60,574,( ( LET0378 ) ),,
LET0439,"LÍNGUAS, LÉXICO E TERMINOLOGIA 1",60,574,( ( LET0323 ) OU ( LET0256 ) OU ( LET0087 ) OU ( LET0124 ) OU ( LET0764 E LET0791 E LET0120 ) ),,
LET0440,LÍNGUA E PROGRAMAÇÃO,60,574,( LIP0045 ),,( LET0745 )
LET0441,ESTÁGIO SUPERVISIONADO DE LÍNGUAS ESTRANGEIRAS APLICADAS,90,574,( ( LET0323 ) OU ( LET0256 ) OU ( LET0124 ) ),,
LET0442,MODALIDADES DE TRADUÇÃO AUDIOVISUAL,60,574,( ( LIP0045 E LET0324 ) OU ( LET0122 ) OU ( LET0086 ) OU ( LET0260 ) OU ( LET0348 ) OU ( LET0764 E LET0791 E LET0120 ) ),,( ( LET0277 ) )
LET0443,"LÍNGUAS, LÉXICO E TERMINOLOGIA 2",60,574,( ( LET0439 ) ),,
LET0444,LINGUÍSTICA DE CORPUS,60,574,( LIP0045 ),,( LET0752 )
LET0468,INGLÊS: LABORATÓRIO DE ENSINO 1 (METODOLOGIA),90,574,( LET0041 OU LET0311 ),,
LET0477,INGLÊS: LABORATÓRIO DE ENSINO 2 (MATERIAL DIDÁTICO),90,574,( LET0468 ),,
LET0478,INGLÊS: LABORATÓRIO DE ENSINO 3 (AVALIAÇÃO),90,574,( LET0468 OU LET0555 OU LET0263 ),,
LET0479,INGLÊS: PROJETO FINAL DE CURSO,60,574,( LET0088 OU LET0766 ),,( LET0554 )
LET0486,JAPONÊS BÁSICO 1,120,574,,,
LET0487,JAPONÊS BÁSICO 2,120,574,( LET0073 E LET0072 ) OU ( LET0486 ),,
LET0488,JAPONÊS BÁSICO 3,60,574,( LET0074 E LET0075 ) OU ( LET0487 ),,
LET0489,JAPONÊS BÁSICO 4,60,574,( LET0361 OU LET0488 ) E ( LET0360 OU LET0496 ),,
LET0490,JAPONÊS INTERMEDIÁRIO 1,60,574,( LET0365 OU LET0489 ) E ( LET0363 OU LET0497 ),,
LET0491,JAPONÊS INTERMEDIÁRIO 2,60,574,( LET0490 OU LET0364 ),,
LET0492,JAPONÊS AVANÇADO 1,60,574,( LET0366 OU LET0491 ),,
LET0496,INTRODUÇÃO À LINGUÍSTICA JAPONESA,60,574,( LET0074 E LET0075 ) OU ( LET0487 ),,( LET0360 )
LET0497,GRAMÁTICA DA LÍNGUA JAPONESA,60,574,( LET0488 OU LET0361 ),,( LET0363 )
LET0502,INTRODUÇÃO À TEORIA DA TRADUÇÃO,60,574,,,( LET0052 )
LET0503,TEORIAS LITERÁRIAS PARA A TRADUÇÃO,60,574,( ( LIP0154 ) E ( LET0502 OU LET0052 ) ),,( LET0054 )
LET0525,INTRODUÇÃO À PRÁTICA DA TRADUÇÃO,60,574,( LIP0045 ) E ( LET0326 OU LET0502 ),,( LET0214 )
LET0528,PRÁTICA DE TRADUÇÃO PORTUGUÊS-FRANCÊS: TEXTOS JURÍDICOS E INSTITUCIONAIS,60,574,( LET0115 OU LET0525 ),,( LET0130 )
LET0540,INGLÊS: ESTÁGIO 2 (ENSINO MÉDIO),90,574,( LET0556 E LET0557 ) OU ( LET0477 E LET0478 ),,( LET0013 )
LET0541,INGLÊS: ESTÁGIO 3 (ESCOLA DE LÍNGUAS),120,574,( LET0556 E LET0557 ) OU ( LET0477 E LET0478 ),,( LET0013 )
LET0542,INGLÊS: ESTÁGIO 4 (PROJETOS),120,574,( LET0556 E LET0557 ) OU ( LET0477 E LET0478 ),,( LET0012 )
LET0554,TRABALHO DE CONCLUSÃO DE CURSO: INGLÊS,90,574,,,( LET0479 E LET0480 )
LET0555,INGLÊS: LABORATÓRIO DE ENSINO 1 (METODOLOGIA),90,574,( LET0041 OU LET0311 ),,( LET0468 )
LET0556,INGLÊS: LABORATÓRIO DE ENSINO 2 ( MATERIAL DIDÁTICO),90,574,( LET0555 OU LET0263 OU LET0468 ),,( LET0477 )
LET0557,INGLÊS: LABORATÓRIO DE ENSINO 3 (AVALIAÇÃO),90,574,( LET0555 OU LET0263 OU LET0468 ),,( LET0478 )
LET0739,LÍNGUA FRANCESA 1,60,574,,,( ( LET0326 E LET0325 ) )
LET0740,INTRODUÇÃO AO LEA-MSI,30,574,,,
LET0742,EXTENSÃO EM LÍNGUAS,60,574,,,
LET0744,CULTURA DIGITAL,60,574,( LET0085 E LET0077 E LET0120 ) OU ( LET0764 E LET0791 E LET0120 ),,
LET0751,COMUNICAÇÃO E MEDIAÇÃO INTERCULTURAL,60,574,( ( LET0085 OU LET0764 ) E ( LET0077 OU LET0791 ) E ( LET0120 ) ),,
LET0752,ESTUDOS DE CORPORA,60,574,( ( LET0085 OU LET0764 ) E ( LET0077 OU LET0791 ) E ( LET0120 ) ),,( LET0444 )
LET0758,PESQUISA EM LEA-MSI,60,574,( ( LET0740 ) E ( LET0087 OU LET0766 ) E ( LET0079 OU LET0797 ) E ( LET0124 ) ),,
LET0759,PLANEJAMENTO E ORGANIZAÇÃO DE EVENTOS MULTILÍNGUES,60,574,( LET0086 E LET0078 E LET0122 ) OU ( LET0765 E LET0792 E LET0122 ),,( LET0064 E LET0058 ) OU ( LET0055 E LET0056 )
LET0763,LÍNGUA INGLESA 1,60,574,,,( ( LET0084 ) OU ( LET0334 E LET0252 ) )
LET0764,LÍNGUA INGLESA 2,60,574,( ( LET0084 ) OU ( LET0334 E LET0252 ) OU ( LET0763 ) ),,( ( LET0085 ) OU ( LET0245 E LET0262 ) )
LET0765,LÍNGUA INGLESA 3,60,574,( LET0085 OU LET0764 ),,( ( LET0086 ) OU ( LET0247 E LET0260 ) )
LET0766,LÍNGUA INGLESA 4,60,574,( LET0086 OU LET0765 ),,( LET0087 OU LET0256 )
LET0767,LÍNGUA INGLESA 5,60,574,( LET0087 OU LET0256 OU LET0766 ),,( LET0088 OU LET0249 )
LET0791,LÍNGUA FRANCESA 2,60,574,( ( LET0739 OU LET0326 ) ),,( ( LET0325 ) OU ( LET0077 ) )
LET0792,LÍNGUA FRANCESA 3,60,574,( ( LET0791 ) OU ( LET0077 ) ),,( ( LET0326 E LET0325 ) OU ( LET0078 ) )
LET0797,LÍNGUA FRANCESA 4,60,574,( ( LET0792 ) OU ( LET0078 ) OU ( LET0325 ) ),,( ( LET0324 E LET0323 ) OU ( LET0079 ) )
LET0817,INTRODUÇÃO AOS ESTUDOS DA TRADUÇÃO,60,574,,,( ( LET0414 ) )
LET0818,TRADUÇÃO DE TEXTOS GERAIS ES>PT,60,574,( ( LET0817 E LET0118 ) OU ( LET0414 E LET0305 ) ),,( ( LET0416 ) )
LET0819,REDAÇÃO E REVISÃO PARA TRADUÇÃO PT<>ES,60,574,( ( LIP0045 E LIP0154 ) ),,( ( LET0415 ) )
LET0820,ESTUDOS DA TRADUÇÃO 1,60,574,( ( LET0817 ) OU ( LET0414 ) ),,( ( LET0052 ) )
LET0835,TRADUÇÃO DE TEXTOS PRAGMÁTICOS 1 ES>PT,60,574,( ( LET0818 ) OU ( LET0416 ) ),,( ( LET0429 ) )
LET0837,VERSÃO DE TEXTOS GERAIS PT>ES,60,574,( ( LET0817 E LET0120 ) OU ( LET0414 E LET0306 ) ),,( ( LET0422 ) )
LET0843,ESTUDOS DA TRADUÇÃO 2,60,574,( ( LET0817 ) OU ( LET0414 ) ),,( ( LET0054 ) )
LET0844,TRADUÇÃO DE TEXTOS CRIATIVOS 1 ES>PT,60,574,( ( LET0818 ) OU ( LET0416 ) ),,( ( LET0421 ) )
LET0845,EXTENSÃO EM TRADUÇÃO ESPANHOL,60,574,( ( LET0818 E LET0837 ) OU ( LET0416 E LET0422 ) ),,
LET0846,TRADUÇÃO DE TEXTOS PRAGMÁTICOS 2 ES>PT,60,574,( ( LET0818 ) OU ( LET0416 ) ),,( ( LET0426 ) )
LET0847,VERSÃO DE TEXTOS PRAGMÁTICOS 1 PT>ES,60,574,( ( LET0837 ) OU ( LET0422 ) ),,( ( LET0430 ) )
LET0848,VERSÃO DE TEXTOS PRAGMÁTICOS 2 PT>ES,60,574,( ( LET0837 E LET0847 ) OU ( LET0422 E LET0430 ) ),,( ( LET0427 ) )
LET0849,TRADUÇÃO DE TEXTOS CRIATIVOS 2 ES>PT,60,574,( ( LET0818 E LET0844 ) OU ( LET0416 E LET0421 ) ),,( ( LET0003 ) )
LET0868,FERRAMENTAS E AMBIENTES DE AUXÍLIO À TRADUÇÃO,60,574,,,( ( LET0281 ) OU ( LET0531 ) )
LET0869,LABORATÓRIO 2 GRAMÁTICA COMPARADA,60,574,( ( LET0874 OU LET0124 OU LET0348 ) E ( LET0889 OU LET0356 ) ),,( ( LET0345 ) )
LET0870,ESPANHOL 1,60,574,,,( ( LET0305 ) )
LET0872,ESPANHOL 2,60,574,( ( LET0870 ) ),,( ( LET0306 ) )
LET0873,ESPANHOL 3,60,574,( ( LET0872 ) ),,( ( LET0305 E LET0306 ) )
LET0874,ESPANHOL 4,60,574,( ( LET0873 ) ),,( ( LET0348 ) )
LET0875,CULTURA HISPÂNICA 1,60,574,( ( LET0870 OU LET0118 OU LET0305 ) ),,
LET0888,CULTURA HISPÂNICA 2,60,574,( ( LET0872 OU LET0120 OU LET0306 ) ),,
LET0889,MORFOSSINTAXE,60,574,( ( LET0873 OU LET0122 OU LET0348 ) ),,( LET0356 )
LET0894,LABORATÓRIO 1 METODOLOGIA DE ENSINO,60,574,( ( LET0873 OU LET0122 OU LET0348 ) ),,( ( LET0355 ) )
LET0895,ESPANHOL 5,60,574,( ( LET0874 ) ),,( ( LET0424 ) )
LET0907,PENSAMENTO LATINO-AMERICANO,30,574,,,
LET0921,GEOLINGUÍSTICA APLICADA À LÍNGUA INGLESA,60,574,( LET0041 OU LET0311 ),,
LET0933,"RELAÇÕES ÉTNICO-RACIAIS, LÍNGUA E JUSTIÇA",60,574,,,
LET0940,"CÁTEDRA SÉRGIO VIEIRA DE MELLO: MIGRAÇÃO, REFÚGIO E APATRIDIA",60,574,,,
LIP0003,ESTÁGIO SUPERVISIONADO EM PORTUGUÊS 1,210,578,( ( MTC0012 E LIP0094 ) ),,( LIP0285 E LIP0340 )
LIP0004,ESTÁGIO SUPERVISIONADO EM PORTUGUÊS 2,210,578,( ( MTC0012 E LIP0094 ) OU ( LIP0178 ) ),,( TEL0266 E LIP0341 )
LIP0005,ESTÁGIO SUPERVISIONADO EM LÍNGUA PORTUGUESA E LITERATURA 1,210,578,( ( MTC0012 E LIP0148 E LIP0151 ) ),,
LIP0006,ESTÁGIO SUPERVISIONADO EM LÍNGUA PORTUGUESA E LITERATURA 2,210,578,( LIP0005 ),,
LIP0007,ESTÁGIO SUPERVISIONADO 1 EM PORTUGUÊS DO BRASIL COMO SEGUNDA LÍNGUA,210,578,( ( LIP0125 E MTC0012 ) ),,
LIP0008,ESTÁGIO SUPERVISIONADO 2 EM PORTUGUÊS DO BRASIL COMO SEGUNDA LÍNGUA,210,578,( ( LIP0007 ) ),,
LIP0013,LÍNGUA DE SINAIS BRASILEIRA 2,90,578,( ( LIP0011 ) ),,( LIP0344 )
LIP0014,LITERATURA DA LÍNGUA DE SINAIS BRASILEIRA,60,578,( ( LIP0011 ) ),,( ( LIP0293 ) )
LIP0015,FONOLOGIA CONTRASTIVA LSB / PSL,60,578,( ( LIP0010 OU LIP0355 ) ),,
LIP0016,BILINGUISMO E EDUCAÇÃO DE SURDO,60,578,,,( ( LIP0292 ) )
LIP0017,LEITURA E PRODUÇÃO DE TEXTOS ESCRITOS EM PORTUGUES 2,60,578,( ( LIP0012 ) ),,( LIP0349 )
LIP0021,LÍNGUA DE SINAIS BRASILEIRA 4,90,578,( ( LIP0013 ) ),,( ( LIP0346 ) )
LIP0022,LEXICOGRAFIA E TERMINOLOGIA DA LS,60,578,( ( LIP0020 ) ),,( ( LIP0294 ) )
LIP0023,LEITURA E PRODUÇÃO DE TEXTOS ESCRITOS EM PORTUGUÊS 4,60,578,( ( LIP0017 ) ),,( LIP0354 )
LIP0024,POLÍTICAS LINGUÍSTICAS,60,578,,,( ( LIP0296 ) )
LIP0030,LABORATÓRIO DE LSB-PSL: VIDEOGRAFIA,90,578,( ( LIP0009 E LIP0028 ) ),,( LIP0377 )
LIP0031,LÍNGUA DE SINAIS ESCRITA,60,578,( ( LIP0021 ) ),,( LIP0368 )
LIP0032,ESTÁGIO SUPERVISIONADO 1 BILINGUE,210,578,( ( LIP0030 E LIP0026 ) ),,
LIP0034,TRABALHO DE CONCLUSÃO DE CURSO LSB-PSL,120,578,( ( LIP0029 E LIP0030 ) ),,( ( LIP0366 E LIP0367 ) )
LIP0035,ESTÁGIO SUPERVISIONADO 2 BILINGUE,210,578,( ( LIP0032 ) ),,
LIP0045,INTRODUÇÃO À LINGUÍSTICA,60,578,,,
LIP0050,FILOLOGIA ROMANICA 1,60,578,( ( LIP0061 ) ),,
LIP0061,LATIM 1,60,578,,,( LIP0060 )
LIP0063,LATIM 2,60,578,( ( LIP0061 ) ),,( LIP0062 )
LIP0085,OFICINA DE PRODUCAO DE TEXTOS,60,578,,,
LIP0086,REDACAO OFICIAL,60,578,,,
LIP0088,LEXICOLOGIA E LEXICOGRAFIA,60,578,,,
LIP0092,SEMINARIO DE PORTUGUES,60,578,,,( LIP0342 OU LIP0090 OU LIP0091 )
LIP0094,SOCIOLINGUISTICA DO PORTUGUES DO BRASIL,60,578,( ( LIP0099 E LIP0131 ) OU ( LIP0039 ) ),,
LIP0095,INTRODUCAO A ANALISE DO DISCURSO,60,578,,,
LIP0096,LEITURA E PRODUÇÃO DE TEXTOS,60,578,,,( ( LIP0037 ) OU ( LIP0153 ) OU ( LIP0154 ) )
LIP0098,ESTUDO DAS GRAMÁTICAS DO PORTUGUÊS CONTEMPORÂNEO,60,578,( ( LIP0122 ) OU ( LIP0045 ) ),,( LIP0097 )
LIP0099,FONETICA E FONOLOGIA DO PORTUGUES,60,578,( ( LIP0045 ) ),,
LIP0100,MORFOLOGIA DO PORTUGUES,60,578,( ( LIP0045 ) ),,( ( LIP0142 E LIP0145 ) )
LIP0101,SINTAXE DO PORTUGUES CONTEMPORANEO 2,60,578,( ( LIP0045 ) ),,
LIP0106,PROCESSOS DE LEITURA E ESCRITA,60,578,,,
LIP0108,GREGO 4,60,578,( ( LIP0109 ) ),,
LIP0113,GREGO 1,60,578,,,
LIP0117,ESTAGIO SUPERVISIONADO - BACHARELADO,90,578,( ( LIP0094 ) ),,( LIP0114 ) OU ( LIP0115 ) OU ( LIP0116 )
LIP0118,FONÉTICA E FONOLOGIA DO PORTUGUÊS COMO SEGUNDA LÍNGUA,30,578,,,
LIP0119,FONÉTICA E FONOLOGIA COMPARADAS DE LÍNGUAS MODERNAS,60,578,( ( LIP0118 ) ),,
LIP0120,"ABORDAGENS, MÉTODOS E TÉCNICAS DO ENSINO DE PBSL",60,578,( ( LIP0159 ) ),,
LIP0121,FUNDAMENTOS DE AQUISIÇÃO DE PRIMEIRA E DE SEGUNDA LÍNGUA,60,578,( ( LIP0159 ) ),,
LIP0122,POLÍTICA DO IDIOMA,60,578,( ( LIP0128 ) ),,
LIP0123,SINTAXE DO PORTUGUÊS,60,578,( ( LIP0128 ) ),,
LIP0124,INTRODUÇÃO AOS MULTIMEIOS,60,578,( ( LIP0159 ) ),,
LIP0125,LABORATÓRIO: RESOLUÇÃO DE PROBLEMAS DE LEITURA E DE REDAÇÃO,60,578,( ( LIP0123 ) ),,
LIP0128,VARIAÇÃO LINGUÍSTICA NO BRASIL,60,578,( ( LIP0118 ) ),,( LIP0127 )
LIP0129,"LEXICOLOGIA, SEMÂNTICA E PRAGMÁTICA CONTRASTIVAS",60,578,( ( LIP0159 ) ),,
LIP0131,SINTAXE DO PORTUGUES CONTEMPORANEO 1,60,578,,,( ( LIP0147 ) OU ( LIP0130 ) )
LIP0133,SINTAXE DO PORTUGUES CLASSICO,60,578,( ( LIP0131 ) OU ( LIP0039 E LIP0147 ) ),,( LIP0132 )
LIP0135,HISTORIA DA LINGUA PORTUGUESA,60,578,,,( LIP0134 )
LIP0142,MORFOLOGIA,30,578,( ( LIP0045 ) ),,( ( LIP0100 ) )
LIP0143,FONETICA E FONOLOGIA DA LINGUA PORTUGUESA,30,578,( ( LIP0045 E LIP0141 ) ),,
LIP0145,MORFOSSINTAXE DA LÍNGUA PORTUGUESA,30,578,( ( LIP0142 E LIP0045 ) OU ( LIP0159 ) ),,( ( LIP0100 ) OU ( LIP0144 ) )
LIP0146,SINTAXE GERAL,30,578,( ( LIP0045 E LIP0142 ) ),,
LIP0147,SINTAXE DA LINGUA PORTUGUESA,60,578,,,( ( LIP0101 E LIP0131 ) OU ( LIP0131 ) )
LIP0148,LABORATORIO DE REDACAO PARA O ENSINO FUNDAMENTAL E MEDIO,90,578,( ( MTC0143 E LIP0154 ) OU ( MTC0012 E LIP0154 ) OU ( LIP0096 E MTC0143 ) ),,
LIP0149,PORTUGUES DIACRONICO,60,578,( ( LIP0061 ) ),,
LIP0151,LABORATORIO DE GRAMATICA PARA O ENSINO FUNDAMENTAL E MEDIO,90,578,( ( LIP0146 E LIP0154 ) OU ( LIP0146 E LIP0096 ) OU ( LIP0100 ) ),,( LIP0150 )
LIP0153,PORTUGUÊS INSTRUMENTAL 1,60,578,,,( LIP0096 )
LIP0154,PRÁTICA DE TEXTOS,60,578,,,( ( LIP0096 ) )
LIP0155,SOCIOLINGUISTICA DO PORTUGUES DO BRASIL,60,578,,,
LIP0156,PROJETO DE CURSO,60,578,,,
LIP0159,LINGUÍSTICA APLICADA AO ENSINO DE PSL,60,578,,,
LIP0160,MORFOSSINTAXE CONTRASTIVA DE LÍNGUAS MODERNAS,60,578,( ( LIP0145 E LIP0123 ) ),,
LIP0161,LEXICOGRAFIA E ESTRATÉGIAS DE USO DE DICIONÁRIOS,30,578,( ( LIP0129 E LIP0124 ) ),,
LIP0163,TÓPICOS INTERCULTURAIS EM ENSINO DE PSL,60,578,( ( LIP0122 ) OU ( LIP0160 ) OU ( LIP0126 ) OU ( LIP0024 ) ),,( LIP0162 )
LIP0164,LABORATÓRIO: ESTRATÉGIAS DE USO DA GRAMÁTICA,90,578,( ( LIP0123 ) ),,
LIP0167,ESTÁGIO SUPERVISIONADO 2 EM PORTUGUÊS DO BRASIL COMO SEGUNDA LÍNGUA,60,578,( ( LIP0165 ) OU ( LIP0178 ) ),,
LIP0174,LÍNGUA DE SINAIS BRASILEIRA - BÁSICO,60,578,,,( ( ILD0001 ) )
LIP0283,FUNDAMENTOS DE AQUISIÇÃO DE LÍNGUA,60,578,,,
LIP0318,INTRODUÇÃO À SINTAXE FORMAL,60,578,( LIP0045 ),,
MAT0010,GEOMETRIA ANALÍTICA PARA MATEMÁTICA,60,518,,,
MAT0022,MATEMATICA 1,60,518,,,( ( MAT0024 OU MAT0025 ) OU ( ICB0226 E ICB0227 ) OU ( FUP0276 ) OU ( FUP0304 ) OU ( MAT0021 ) )
MAT0023,MATEMATICA 2,60,518,( MAT0022 ),,( ( MAT0027 ) )
MAT0025,CÁLCULO 1,90,518,,,( ( MAT0137 ) OU ( MAT0024 ) )
MAT0026,CÁLCULO 2,90,518,( ( MAT0025 ) OU ( MAT0024 ) ),,( ( MAT0138 ) )
MAT0027,CÁLCULO 3,90,518,( ( MAT0025 ) ),,
MAT0028,VARIAVEL COMPLEXA 1,90,518,( ( MAT0027 ) ),,
MAT0031,INTRODUCAO A ALGEBRA LINEAR,60,518,,,( ( MAT0030 ) OU ( MAT0039 ) )
MAT0034,ALGEBRA 1,60,518,,,( MAT0032 ) OU ( MAT0033 )
MAT0038,TEORIA DOS NÚMEROS 1,60,518,,,( MAT0035 ) OU ( MAT0036 ) OU ( MAT0037 )
MAT0039,ALGEBRA LINEAR,90,518,( ( MAT0025 ) ),,
MAT0045,ANALISE 1,60,518,( ( MAT0026 ) ),,( MAT0044 )
MAT0046,ANALISE 2,60,518,( ( MAT0045 ) ),,
MAT0053,CALCULO NUMERICO,60,518,( ( MAT0026 ) ),,( ( FGA0160 ) OU ( MAT0052 ) )
MAT0059,METODOS MATEMÁTICOS DA FÍSICA 1,90,518,( ( MAT0027 ) ),,( MAT0058 )
MAT0068,SEMINÁRIO DE TÓPICOS EM ÁLGEBRA,60,518,,,( MAT0067 )
MAT0075,CALCULO DE PROBABILIDADE 1,90,518,,( MAT0027 ),( MAT0074 OU MAT0173 )
MAT0076,CALCULO DE PROBABILIDADE 2,60,518,( ( MAT0075 E MAT0027 ) ),,
MAT0080,INTRODUCAO A TEORIA DOS GRAFOS,60,518,,,( ( CIC0199 ) )
MAT0087,SEMINARIO TOPICOS ESPECIAIS,30,518,,,( MAT0086 )
MAT0106,ANALISE 3,60,518,( ( MAT0046 ) ),,
MAT0107,ALGEBRA 3,60,518,( ( MAT0040 ) ),,
MAT0111,GEOMETRIA 1,60,518,( ( MAT0026 E MAT0031 ) OU ( MAT0026 E MAT0039 ) ),,( MAT0109 ) OU ( MAT0110 )
MAT0114,GEOMETRIA 2,60,518,( ( MAT0085 ) OU ( MAT0111 ) ),,( MAT0112 ) OU ( MAT0113 )
MAT0119,LÓGICA MATEMÁTICA E COMPUTACIONAL,60,518,,,
MAT0122,ÁLGEBRA PARA O ENSINO 1,90,518,( ( MAT0026 E MAT0031 ) OU ( MAT0026 E MAT0039 ) ),,( ( MAT0121 ) OU ( MAT0165 ) )
MAT0124,REGÊNCIA 2,120,518,( ( MAT0134 E MAT0131 ) ),,( ( MAT0123 ) OU ( MAT0171 ) )
MAT0136,REGÊNCIA 1,120,518,( ( MAT0122 E MAT0129 ) OU ( MAT0062 E MAT0108 ) ),,( ( MAT0135 ) OU ( MAT0170 ) )
MAT0142,INICIAÇÃO CIENTÍFICA EM MATEMÁTICA 1,15,518,,,
MAT0144,INICIAÇÃO CIENTÍFICA EM MATEMÁTICA 3,15,518,,,
MAT0163,DIDÁTICA DA MATEMÁTICA,90,518,( MAT0025 ),,( MAT0134 )
MAT0164,CURRÍCULO E AVALIAÇÃO EM MATEMÁTICA,90,518,( MAT0025 ),,( MAT0131 )
MAT0166,ESTRATÉGIAS PARA O ENSINO DE GEOMETRIA,90,518,( MAT0111 E MAT0163 E MAT0164 ),,( MAT0129 )
MAT0174,MÉTODOS PROBABILÍSTICOS,60,518,( MAT0025 ),,
MTC0002,"EDUCAÇÃO, TECNOLOGIA E COMUNICAÇÃO",60,381,,,( FED0040 )
MTC0003,PROCESSOS DE ALFABETIZAÇÃO E LETRAMENTO,60,381,( TEF0002 OU FED0041 ),,
MTC0004,"EDUCAÇÃO DE JOVENS, ADULTOS E IDOSOS",60,381,,,
MTC0005,TÓPICOS ESPECIAIS DE LINGUAGEM E LITERATURA,60,381,,,
MTC0012,DIDÁTICA FUNDAMENTAL,60,381,( ( PED0058 ) OU ( PPB0017 ) OU ( PPB0067 ) OU ( PED0060 ) OU ( TEF0065 ) OU ( TEF0118 ) OU ( FED0039 ) OU ( LET0555 ) ),,( ( MTC0143 ) OU ( FED0163 ) OU ( MTC0010 ) OU ( MTC0011 ) )
MTC0021,CURRÍCULO,60,381,,,( MTC0020 )
MTC0035,AVALIAÇÃO ESCOLAR,60,381,,,( MTC0034 )
MTC0039,EDUCAÇÃO INFANTIL,60,381,,,( ( FED0132 ) OU ( MTC0037 ) OU ( MTC0038 ) )
MTC0053,ENSINO E APRENDIZAGEM DA LÍNGUA MATERNA,60,381,,,( ( MTC0017 ) OU ( MTC0123 ) OU ( FED0125 ) OU ( MTC0052 ) )
MTC0055,EDUCAÇÃO MATEMÁTICA 1,60,381,,,( ( MTC0018 ) OU ( MTC0129 ) OU ( FED0155 ) OU ( MTC0054 ) )
MTC0059,"ENSINO DE HISTÓRIA, IDENTIDADE E CIDADANIA",60,381,,,( ( MTC0120 ) OU ( FED0172 ) OU ( MTC0058 ) )
MTC0061,EDUCAÇÃO EM GEOGRAFIA,60,381,,,( ( MTC0121 ) OU ( FED0175 ) OU ( MTC0060 ) )
MTC0067,ENSINO DE CIÊNCIA E TECNOLOGIA 1,60,381,,,( ( MTC0119 ) OU ( FED0130 ) OU ( MTC0065 ) OU ( MTC0066 ) )
MTC0149,FUNDAMENTOS DA LINGUAGEM MUSICAL NA EDUCAÇÃO,60,381,,,( MTC0148 )
MTC0158,FORMAS DE EXPRESSÃO DA CRIANÇA DE 0 A 6 ANOS,60,381,,,
MTC0165,EDUCAÇÃO EM ARTES,60,381,,,( MTC0006 )
MUS0003,INTRODUÇÃO À PESQUISA EM MÚSICA,30,495,,,
MUS0008,INSTRUMENTO PRINCIPAL OBOÉ 1,30,495,,,
MUS0009,INSTRUMENTO PRINCIPAL OBOÉ 2,30,495,( ( MUS0008 ) ),,
MUS0012,INSTRUMENTO PRINCIPAL VIOLINO 1,30,495,,,
MUS0013,INSTRUMENTO PRINCIPAL VIOLINO 2,30,495,( ( MUS0012 ) ),,
MUS0014,INSTRUMENTO PRINCIPAL VIOLINO 3,30,495,( ( MUS0013 ) ),,
MUS0017,HARMONIA NA MÚSICA POPULAR 1,30,495,( ( MUS0099 ) ),,
MUS0020,HISTÓRIA DA MÚSICA BRASILEIRA 2,30,495,( ( MUS0730 ) ),,
MUS0021,HISTÓRIA DA MÚSICA POPULAR DO BRASIL 1,30,495,,,
MUS0023,MÚSICA DE TRADIÇÃO ORAL PERFORMÁTICA,30,495,,,
MUS0027,INSTRUMENTO PRINCIPAL PIANO POPULAR 1,30,495,,,( MUS0026 )
MUS0030,INSTRUMENTO PRINCIPAL PIANO POPULAR 2,30,495,( ( MUS0027 ) ),,( MUS0028 ) OU ( MUS0029 )
MUS0033,INSTRUMENTO PRINCIPAL PIANO POPULAR 3,30,495,( ( MUS0030 ) ),,( MUS0031 ) OU ( MUS0032 )
MUS0034,INSTRUMENTO PRINCIPAL PIANO POPULAR 4,30,495,,,( MUS0035 )
MUS0042,INSTRUMENTO PRINCIPAL CLARINETA 1,30,495,,,
MUS0043,INSTRUMENTO PRINCIPAL CLARINETA 2,30,495,( MUS0042 ),,
MUS0058,INSTRUMENTO PRINCIPAL CANTO 1,30,495,,,
MUS0062,INSTRUMENTO PRINCIPAL PIANO 1,30,495,,,
MUS0063,INSTRUMENTO PRINCIPAL PIANO 2,30,495,( MUS0062 ),,
MUS0064,INSTRUMENTO PRINCIPAL PIANO 3,30,495,( MUS0063 ),,
MUS0065,INSTRUMENTO PRINCIPAL PIANO 4,30,495,( MUS0064 ),,
MUS0066,INSTRUMENTO PRINCIPAL TROMPETE 1,30,495,,,( MUS1047 )
MUS0081,INSTRUMENTO PRINCIPAL GUITARRA 5,30,495,( ( MUS0793 ) ),,( MUS0080 )
MUS0083,INSTRUMENTO PRINCIPAL GUITARRA 6,30,495,( ( MUS0081 ) ),,( MUS0082 )
MUS0086,LABORATÓRIO DE PERFORMANCE,30,495,,,
MUS0097,LINGUAGEM E ESTRUTURAÇÃO MUSICAL 1,60,495,,,( ( MUS0093 ) )
MUS0098,LINGUAGEM E ESTRUTURAÇÃO MUSICAL 2,60,495,( ( MUS0097 ) ),,( ( MUS0096 ) OU ( IDA0021 ) )
MUS0099,LINGUAGEM E ESTRUTURAÇÃO MUSICAL 3,60,495,( ( MUS0098 ) ),,( ( MUS0250 ) OU ( IDA0022 ) )
MUS0100,LINGUAGEM E ESTRUTURAÇÃO MUSICAL 4,60,495,( ( MUS0099 ) ),,( ( MUS0252 ) OU ( IDA0023 ) )
MUS0102,HARMONIA SUPERIOR 1,60,495,( ( MUS0099 ) OU ( MUS0093 E MUS0096 E MUS0250 ) ),,( IDA0024 ) OU ( MUS0101 )
MUS0104,HARMONIA SUPERIOR 2,60,495,( ( MUS0102 ) ),,( IDA0025 ) OU ( MUS0103 )
MUS0108,CONTRAPONTO E FUGA 2,60,495,( ( MUS0106 ) ),,( IDA0027 ) OU ( MUS0107 )
MUS0112,TEORIAS CONTEMPORÂNEAS DA MÚSICA 1,30,495,( ( MUS0096 ) ),,( IDA0029 ) OU ( MUS0111 )
MUS0114,TEORIAS CONTEMPORANEAS DA MUSICA 2,30,495,( ( MUS0112 ) ),,( IDA0030 ) OU ( MUS0113 )
MUS0116,TEORIAS CONTEMPORANEAS DA MUSICA 3,30,495,( ( MUS0114 ) ),,( IDA0031 ) OU ( MUS0115 )
MUS0124,INSTRUMENTACAO E ORQUESTRACAO 2,60,495,( ( MUS0122 E MUS0102 ) ),,( IDA0035 ) OU ( MUS0123 )
MUS0129,MÚSICA DE CÂMARA 1,60,495,,,( IDA0036 ) OU ( MUS0125 ) OU ( MUS0126 ) OU ( MUS0127 ) OU ( MUS0128 )
MUS0133,MÚSICA DE CÂMARA 2,60,495,( MUS0129 ),,( ( IDA0037 ) OU ( MUS0130 ) OU ( MUS0131 ) OU ( MUS0132 ) )
MUS0136,MUSICA DE CAMARA 3,60,495,( MUS0129 ),,( ( IDA0038 ) OU ( MUS0134 ) OU ( MUS0135 ) )
MUS0139,CANTO CORAL 1,60,495,,,( ( IDA0039 ) OU ( MUS0137 ) OU ( MUS0138 ) OU ( MUS0847 ) )
MUS0142,CANTO CORAL 2,60,495,( ( MUS0139 ) ),,( IDA0040 ) OU ( MUS0140 ) OU ( MUS0141 )
MUS0145,CANTO CORAL 3,60,495,( ( MUS0142 ) ),,( IDA0041 ) OU ( MUS0143 ) OU ( MUS0144 )
MUS0148,PIANO SUPLEMENTAR 1,30,495,,,( IDA0042 OU MUS0146 OU MUS0147 )
MUS0151,PIANO SUPLEMENTAR 2,30,495,( MUS0148 OU MUS0215 ),,( IDA0043 OU MUS0149 OU MUS0150 )
MUS0158,COMPOSIÇÃO MUSICAL 1,60,495,,,( IDA0046 ) OU ( MUS0156 ) OU ( MUS0157 )
MUS0161,COMPOSICAO MUSICAL 2,60,495,( ( MUS0158 ) ),,( IDA0047 ) OU ( MUS0159 ) OU ( MUS0160 )
MUS0164,COMPOSICAO MUSICAL 3,60,495,( ( MUS0158 ) ),,( IDA0048 ) OU ( MUS0162 ) OU ( MUS0163 )
MUS0166,COMPOSICAO MUSICAL 4,60,495,( ( MUS0164 ) ),,( IDA0049 ) OU ( MUS0165 )
MUS0169,COMPOSICAO MUSICAL 5,60,495,( ( MUS0164 ) ),,( IDA0050 ) OU ( MUS0167 ) OU ( MUS0168 )
MUS0175,COMPOSICAO MUSICAL 7,60,495,( ( MUS0169 ) ),,( IDA0052 ) OU ( MUS0173 ) OU ( MUS0174 )
MUS0178,COMPOSICAO MUSICAL 8,60,495,( ( MUS0175 ) ),,( IDA0053 ) OU ( MUS0176 ) OU ( MUS0177 )
MUS0184,REGÊNCIA 1,60,495,( ( MUS0096 ) OU ( MUS0098 ) ),,( IDA0056 ) OU ( MUS0183 )
MUS0186,REGENCIA 2,60,495,( ( MUS0184 ) ),,( IDA0057 ) OU ( MUS0185 )
MUS0188,REGENCIA 3,60,495,( ( MUS0186 ) ),,( IDA0058 ) OU ( MUS0187 )
MUS0191,REGENCIA 4,60,495,( ( MUS0188 ) ),,( IDA0059 ) OU ( MUS0189 ) OU ( MUS0190 )
MUS0194,REGENCIA 5,60,495,( ( MUS0191 ) ),,( IDA0060 ) OU ( MUS0192 ) OU ( MUS0193 )
MUS0197,REGENCIA 6,60,495,( ( MUS0194 ) ),,( IDA0061 ) OU ( MUS0195 ) OU ( MUS0196 )
MUS0200,REGENCIA 7,60,495,( ( MUS0197 ) ),,( IDA0062 ) OU ( MUS0198 ) OU ( MUS0199 )
MUS0203,REGENCIA 8,60,495,( ( MUS0200 ) ),,( IDA0063 ) OU ( MUS0201 ) OU ( MUS0202 )
MUS0218,CANTO 1,30,495,,,( IDA0086 ) OU ( MUS0216 ) OU ( MUS0217 )
MUS0220,CANTO 2,30,495,( ( MUS0218 ) ),,( IDA0087 ) OU ( MUS0219 )
MUS0223,CANTO 3,30,495,( ( MUS0218 ) ),,( IDA0088 ) OU ( MUS0221 ) OU ( MUS0222 )
MUS0226,CANTO 4,30,495,( ( MUS0223 ) ),,( IDA0089 ) OU ( MUS0224 ) OU ( MUS0225 )
MUS0229,CANTO 5,60,495,( ( MUS0223 ) ),,( IDA0090 ) OU ( MUS0227 ) OU ( MUS0228 )
MUS0254,ACÚSTICA MUSICAL 1,60,495,,,( IDA0104 ) OU ( MUS0253 )
MUS0259,MÚSICA DE CÂMARA 4,60,495,( MUS0129 ),,( ( IDA0105 ) OU ( MUS0255 ) OU ( MUS0256 ) OU ( MUS0257 ) OU ( MUS0258 ) )
MUS0262,ESTÁGIO SUPERVISIONADO EM MÚSICA 1,120,495,( ( MUS0788 ) ),,( IDA0106 ) OU ( MUS0260 ) OU ( MUS0261 )
MUS0271,INTRODUÇÃO AO VIOLINO 1,30,495,,,( IDA0110 ) OU ( MUS0268 ) OU ( MUS0269 ) OU ( MUS0270 )
MUS0273,INTRODUÇÃO AO VIOLINO 2,30,495,( ( MUS0271 ) ),,( IDA0111 ) OU ( MUS0272 )
MUS0277,VIOLINO 1,30,495,,,( IDA0112 ) OU ( MUS0274 ) OU ( MUS0275 ) OU ( MUS0276 )
MUS0279,VIOLINO 2,30,495,( ( MUS0277 ) ),,( IDA0113 ) OU ( MUS0278 )
MUS0281,VIOLINO 3,30,495,( ( MUS0277 ) ),,( IDA0114 ) OU ( MUS0280 )
MUS0283,VIOLINO 4,30,495,( ( MUS0281 ) ),,( IDA0115 ) OU ( MUS0282 )
MUS0286,VIOLINO 5,60,495,( ( MUS0281 ) ),,( IDA0116 ) OU ( MUS0284 ) OU ( MUS0285 )
MUS0288,VIOLINO 6,60,495,( ( MUS0286 ) ),,( IDA0117 ) OU ( MUS0287 )
MUS0291,VIOLINO 7,60,495,( ( MUS0286 ) ),,( IDA0118 ) OU ( MUS0289 ) OU ( MUS0290 )
MUS0294,VIOLINO 8,60,495,( ( MUS0291 ) ),,( IDA0119 ) OU ( MUS0292 ) OU ( MUS0293 )
MUS0324,INTRODUÇÃO AO VIOLONCELO 1,30,495,,,( IDA0130 ) OU ( MUS0322 ) OU ( MUS0323 )
MUS0328,VIOLONCELO 1,30,495,,,( IDA0132 ) OU ( MUS0327 )
MUS0330,VIOLONCELO 2,30,495,( ( MUS0328 ) ),,( IDA0133 ) OU ( MUS0329 )
MUS0332,VIOLONCELO 3,30,495,( ( MUS0328 ) ),,( IDA0134 ) OU ( MUS0331 )
MUS0334,VIOLONCELO 4,30,495,( ( MUS0332 ) ),,( IDA0135 ) OU ( MUS0333 )
MUS0350,INTRODUCAO A CLARINETA 2,30,495,( ( MUS0348 ) ),,( IDA0141 ) OU ( MUS0349 )
MUS0352,CLARINETA 1,30,495,,,( IDA0142 ) OU ( MUS0351 )
MUS0354,CLARINETA 2,30,495,( ( MUS0352 ) ),,( IDA0143 ) OU ( MUS0353 )
MUS0363,CLARINETA 6,60,495,( ( MUS0360 ) ),,( IDA0147 ) OU ( MUS0361 ) OU ( MUS0362 )
MUS0365,CLARINETA 7,60,495,( ( MUS0360 ) ),,( IDA0148 ) OU ( MUS0364 )
MUS0369,INTRODUÇÃO AO OBOÉ 1,30,495,,,( IDA0150 ) OU ( MUS0368 )
MUS0371,INTRODUÇÃO AO OBOÉ 2,30,495,( ( MUS0369 ) ),,( IDA0151 ) OU ( MUS0370 )
MUS0373,OBOE 1,30,495,,,( IDA0152 ) OU ( MUS0372 )
MUS0379,OBOE 4,30,495,( ( MUS0377 ) ),,( IDA0155 ) OU ( MUS0378 )
MUS0382,OBOE 5,60,495,( ( MUS0377 ) ),,( IDA0156 ) OU ( MUS0380 ) OU ( MUS0381 )
MUS0387,OBOE 7,60,495,( ( MUS0382 ) ),,( IDA0158 ) OU ( MUS0386 )
MUS0390,OBOE 8,60,495,( ( MUS0387 ) ),,( IDA0159 ) OU ( MUS0388 ) OU ( MUS0389 )
MUS0397,TROMPA 1,30,495,,,( IDA0162 ) OU ( MUS0395 ) OU ( MUS0396 )
MUS0414,INTRODUCAO AO FAGOTE 1,30,495,,,( IDA0170 ) OU ( MUS0413 )
MUS0416,INTRODUCAO AO FAGOTE 2,30,495,( ( MUS0414 ) ),,( IDA0171 ) OU ( MUS0415 )
MUS0420,FAGOTE 1,30,495,,,( IDA0172 ) OU ( MUS0417 ) OU ( MUS0418 ) OU ( MUS0419 )
MUS0422,FAGOTE 2,30,495,( ( MUS0420 ) ),,( IDA0173 ) OU ( MUS0421 )
MUS0424,FAGOTE 3,30,495,( ( MUS0420 ) ),,( IDA0174 ) OU ( MUS0423 )
MUS0432,FAGOTE 6,60,495,( ( MUS0429 ) ),,( IDA0177 ) OU ( MUS0430 ) OU ( MUS0431 )
MUS0435,FAGOTE 7,60,495,( ( MUS0429 ) ),,( IDA0178 ) OU ( MUS0433 ) OU ( MUS0434 )
MUS0446,FLAUTA 1,30,495,,,( IDA0182 ) OU ( MUS0443 ) OU ( MUS0444 ) OU ( MUS0445 )
MUS0448,FLAUTA 2,30,495,( ( MUS0446 ) ),,( IDA0183 ) OU ( MUS0447 )
MUS0452,FLAUTA 4,30,495,( ( MUS0450 ) ),,( IDA0185 ) OU ( MUS0451 )
MUS0455,FLAUTA 5,60,495,( ( MUS0450 ) ),,( IDA0186 ) OU ( MUS0453 ) OU ( MUS0454 )
MUS0460,FLAUTA 7,60,495,( ( MUS0455 ) ),,( IDA0188 ) OU ( MUS0458 ) OU ( MUS0459 )
MUS0467,INTRODUCAO AO PIANO 1,30,495,,,( IDA0190 ) OU ( MUS0464 ) OU ( MUS0465 ) OU ( MUS0466 )
MUS0475,PIANO 1,30,495,,,( IDA0192 OU MUS0472 OU MUS0473 OU MUS0474 )
MUS0477,PIANO 2,30,495,( MUS0475 ),,( IDA0193 OU MUS0476 )
MUS0481,PIANO 4,30,495,( ( MUS0479 ) ),,( IDA0195 ) OU ( MUS0480 )
MUS0484,PIANO 5,60,495,( ( MUS0479 ) ),,( IDA0196 ) OU ( MUS0482 ) OU ( MUS0483 )
MUS0490,PIANO 8,60,495,( ( MUS0488 ) ),,( IDA0199 ) OU ( MUS0489 )
MUS0492,ESTAGIO SUPERVISIONADO EM CANTO,60,495,( MUS0233 ),,( ( IDA0200 ) OU ( MUS0491 ) OU ( MUS1032 ) )
MUS0499,PRÁTICA DE CONJUNTO 1,30,495,,,( IDA0202 ) OU ( MUS0495 ) OU ( MUS0496 ) OU ( MUS0497 ) OU ( MUS0498 )
MUS0503,PRÁTICA DE CONJUNTO 2,30,495,( MUS0498 OU MUS0499 ),,( ( IDA0203 ) OU ( MUS0500 ) OU ( MUS0501 ) OU ( MUS0502 ) )
MUS0506,PRÁTICA DE CONJUNTO 3,30,495,( MUS0498 OU MUS0499 ),,( ( IDA0204 ) OU ( MUS0504 ) OU ( MUS0505 ) )
MUS0509,PRÁTICA DE CONJUNTO 4,30,495,( MUS0498 OU MUS0499 ),,( ( IDA0205 ) OU ( MUS0507 ) OU ( MUS0508 ) )
MUS0512,PRÁTICA DE CONJUNTO 5,30,495,( MUS0498 OU MUS0499 ),,( ( IDA0206 ) OU ( MUS0510 ) OU ( MUS0511 ) )
MUS0515,PRÁTICA DE CONJUNTO 6,30,495,( MUS0498 OU MUS0499 ),,( ( IDA0207 ) OU ( MUS0513 ) OU ( MUS0514 ) )
MUS0521,TROMPETE 1,30,495,,,( IDA0210 ) OU ( MUS0520 )
MUS0525,TROMPETE 3,30,495,( ( MUS0521 ) ),,( IDA0212 ) OU ( MUS0524 )
MUS0527,TROMPETE 4,30,495,( ( MUS0525 ) ),,( IDA0213 ) OU ( MUS0526 )
MUS0529,TROMPETE 5,60,495,( ( MUS0525 ) ),,( IDA0214 ) OU ( MUS0528 )
MUS0533,TROMPETE 7,60,495,( ( MUS0529 ) ),,( IDA0216 ) OU ( MUS0532 )
MUS0536,TROMPETE 8,60,495,( ( MUS0533 ) ),,( IDA0217 ) OU ( MUS0534 ) OU ( MUS0535 )
MUS0562,INTRODUÇÃO AO SAXOFONE 1,30,495,,,( IDA0228 ) OU ( MUS0560 ) OU ( MUS0561 )
MUS0564,INTRODUÇÃO AO SAXOFONE 2,30,495,( ( MUS0562 ) ),,( IDA0229 ) OU ( MUS0563 )
MUS0568,SAXOFONE 1,30,495,,,( IDA0230 ) OU ( MUS0565 ) OU ( MUS0566 ) OU ( MUS0567 )
MUS0570,SAXOFONE 2,30,495,( ( MUS0568 ) ),,( IDA0231 ) OU ( MUS0569 )
MUS0574,SAXOFONE 4,30,495,( ( MUS0572 ) ),,( IDA0233 ) OU ( MUS0573 )
MUS0580,SAXOFONE 6,60,495,( ( MUS0577 ) ),,( IDA0235 ) OU ( MUS0578 ) OU ( MUS0579 )
MUS0587,INTRODUCAO AO VIOLAO 1,30,495,,,( IDA0238 ) OU ( MUS0586 )
MUS0594,VIOLAO 2,30,495,( ( MUS0592 ) ),,( IDA0241 ) OU ( MUS0593 )
MUS0601,VIOLAO 5,60,495,( ( MUS0596 ) ),,( IDA0244 ) OU ( MUS0599 ) OU ( MUS0600 )
MUS0603,VIOLAO 6,60,495,( ( MUS0598 ) ),,( IDA0245 ) OU ( MUS0602 )
MUS0606,VIOLAO 7,60,495,( ( MUS0601 ) ),,( IDA0246 ) OU ( MUS0604 ) OU ( MUS0605 )
MUS0609,VIOLAO 8,60,495,( ( MUS0606 ) ),,( IDA0247 ) OU ( MUS0607 ) OU ( MUS0608 )
MUS0612,PRÁTICA DE ORQUESTRA 1,60,495,,,( IDA0248 ) OU ( MUS0610 ) OU ( MUS0611 )
MUS0615,PRATICA DE ORQUESTRA 2,60,495,( ( MUS0612 ) ),,( IDA0249 ) OU ( MUS0613 ) OU ( MUS0614 )
MUS0618,PRATICA DE ORQUESTRA 3,60,495,( ( MUS0612 ) ),,( IDA0250 ) OU ( MUS0616 ) OU ( MUS0617 )
MUS0621,PRATICA DE ORQUESTRA 4,60,495,( ( MUS0618 ) ),,( IDA0251 ) OU ( MUS0619 ) OU ( MUS0620 )
MUS0624,PRATICA DE ORQUESTRA 5,60,495,( ( MUS0618 ) ),,( IDA0252 ) OU ( MUS0622 ) OU ( MUS0623 )
MUS0627,PRATICA DE ORQUESTRA 6,60,495,( ( MUS0624 ) ),,( IDA0253 ) OU ( MUS0625 ) OU ( MUS0626 )
MUS0633,ANALISE MUSICAL 2,60,495,( ( MUS0248 ) ),,( IDA0256 ) OU ( MUS0632 )
MUS0638,MUSICA DE CAMARA 5,60,495,( ( MUS0136 ) ),,( IDA0258 ) OU ( MUS0636 ) OU ( MUS0637 )
MUS0641,MÚSICA DE CÂMARA 6,60,495,( ( MUS0638 ) ),,( IDA0259 ) OU ( MUS0639 ) OU ( MUS0640 )
MUS0648,INTRODUCAO AO CANTO 1,30,495,,,( IDA0262 ) OU ( MUS0647 )
MUS0653,PIANO SUPLEMENTAR 3,30,495,( MUS0151 ),,( IDA0264 OU MUS0651 OU MUS0652 )
MUS0656,PIANO SUPLEMENTAR 4,30,495,( MUS0151 ),,( IDA0265 OU MUS0654 OU MUS0655 )
MUS0658,PRATICA DE ACOMPANHAMENTO 1,60,495,( ( MUS0475 ) ),,( IDA0266 ) OU ( MUS0657 )
MUS0664,ESTAGIO SUPERVISIONADO EM COMPOSICAO,60,495,( MUS0175 ),,( ( IDA0269 ) OU ( MUS0663 ) OU ( MUS1034 ) )
MUS0666,ESTAGIO SUPERVISIONADO EM REGENCIA,60,495,( MUS0200 ),,( ( IDA0270 ) OU ( MUS0665 ) OU ( MUS1039 ) )
MUS0670,ESTAGIO SUPERVISIONADO EM TROMPETE,60,495,( MUS0533 ),,( ( IDA0272 ) OU ( MUS0669 ) OU ( MUS1042 ) )
MUS0676,ESTAGIO SUPERVISIONADO EM VIOLINO,60,495,( MUS0291 ),,( IDA0275 ) OU ( MUS0675 ) OU ( MUS1050 )
MUS0678,ESTAGIO SUPERVISIONADO EM VIOLA,60,495,( MUS0319 ),,( ( IDA0276 ) OU ( MUS0677 ) OU ( MUS1043 ) )
MUS0690,ESTAGIO SUPERVISIONADO EM FLAUTA,60,495,( MUS0460 ),,( ( IDA0282 ) OU ( MUS0689 ) OU ( MUS1037 ) )
MUS0692,ESTAGIO SUPERVISIONADO EM PIANO,60,495,( MUS0488 ),,( IDA0283 ) OU ( MUS0691 ) OU ( MUS1049 )
MUS0694,ESTAGIO SUPERVISIONADO EM VIOLAO,60,495,( MUS0606 ),,( ( IDA0284 ) OU ( MUS0693 ) OU ( MUS1044 ) )
MUS0706,TROMBONE 5,60,495,( ( MUS0704 ) ),,( MUS0705 )
MUS0719,TECNOLOGIA MUSICAL BÁSICA,60,495,,,
MUS0721,TÓPICOS DE APLICAÇÃO DE TECNOLOGIA À COMPOSIÇÃO MUSICAL,60,495,,,( MUS0720 )
MUS0729,HISTÓRIA DA MÚSICA 1,30,495,,,( ( MUS0244 ) )
MUS0730,HISTÓRIA DA MÚSICA 2,30,495,,,( ( MUS0244 ) )
MUS0731,INSTRUMENTO PRINCIPAL PERCUSSÃO 1,30,495,,,( ( MUS0817 ) )
MUS0733,INSTRUMENTO PRINCIPAL CANTO POPULAR 1,30,495,,,
MUS0735,"ELEMENTOS DE LINGUAGEM,ESTETICA E HISTORIA DA ARTE 3",60,495,,,( FAU0005 )
MUS0738,ESTÁGIO SUPERVISIONADO EM MÚSICA 2,120,495,( ( MUS0262 ) ),,( ( VIS0115 ) OU ( VIS0222 ) OU ( FAU0081 ) OU ( VIS0132 ) OU ( VIS0133 ) OU ( VIS0134 ) OU ( MUS0736 ) OU ( MUS0737 ) )
MUS0741,ESTRUTURACAO MUSICAL 1,60,495,,,
MUS0745,FUNDAMENTOS DA TÉCNICA VOCAL/INSTRUMENTAL 1,30,495,,,
MUS0746,FUNDAMENTOS DA TÉCNICAVOCAL/INSTRUMENTAL 2,30,495,( MUS0745 ),,
MUS0747,FUNDAMENTOS DA TÉCNICA VOCAL/INSTRUMENTAL 3,30,495,( MUS0745 ),,
MUS0749,SEMINÁRIO EM EDUCAÇÃO MUSICAL 2,30,495,( ( MUS0750 ) ),,
MUS0750,SEMINÁRIO EM EDUCAÇÃO MUSICAL 1,30,495,,,
MUS0758,PRÁTICA DE ENSINO E APRENDIZAGEM MUSICAL 3,60,495,( ( MUS0753 OU MUS1054 ) ),,( ( MUS0742 OU MUS1148 ) )
MUS0759,INTRODUÇÃO AO PIANO POPULAR 1,30,495,,,
MUS0761,HISTÓRIA DA MÚSICA 3,30,495,,,( ( MUS0246 ) )
MUS0762,HISTÓRIA DA MÚSICA 4,30,495,,,( ( MUS0246 ) )
MUS0763,LABORATÓRIO ORQUESTRAL 1,30,495,,,
MUS0765,INSTRUMENTO SUPLEMENTAR VIOLÃO 1,30,495,,,
MUS0766,INSTRUMENTO PRINCIPAL VIOLÃO 1,30,495,,,
MUS0769,INSTRUMENTO PRINCIPAL GUITARRA 1,30,495,,,
MUS0770,INSTRUMENTO SUPLEMENTAR PERCUSSÃO 1,30,495,,,
MUS0772,INSTRUMENTO SUPLEMENTAR VIOLÃO 2,30,495,( ( MUS0765 ) ),,
MUS0773,INSTRUMENTO PRINCIPAL CANTO POPULAR 2,30,495,( ( MUS0733 ) ),,
MUS0774,INSTRUMENTO PRINCIPAL VIOLÃO 2,30,495,( MUS0766 ),,
MUS0775,INSTRUMENTO PRINCIPAL PERCUSSÃO 2,30,495,( MUS0731 OU MUS0817 ),,
MUS0776,CANTO CORAL 4,60,495,( ( MUS0145 ) ),,
MUS0777,CANTO CORAL 5,60,495,( ( MUS0776 ) ),,
MUS0778,CANTO CORAL 6,60,495,( ( MUS0777 ) ),,
MUS0783,INSTRUMENTO PRINCIPAL CANTO POPULAR 3,30,495,( ( MUS0773 ) ),,
MUS0784,INSTRUMENTO PRINCIPAL VIOLÃO 3,30,495,( ( MUS0774 ) ),,
MUS0785,INSTRUMENTO PRINCIPAL PERCUSSÃO 3,30,495,( ( MUS0775 ) ),,
MUS0787,ESTÁGIO SUPERVISIONADO EM MÚSICA 3,120,495,( ( MUS0738 ) ),,
MUS0788,PROJETO DE ESTÁGIO E PRÁTICA DOCENTE,60,495,( ( MUS0753 E MUS0751 E MUS0758 ) OU ( MUS1054 E MUS1131 E MUS1148 ) ),,( MUS1065 )
MUS0791,INSTRUMENTO PRINCIPAL GUITARRA 2,30,495,( ( MUS0769 ) ),,
MUS0792,INSTRUMENTO PRINCIPAL GUITARRA 3,30,495,( ( MUS0791 ) ),,
MUS0793,INSTRUMENTO PRINCIPAL GUITARRA 4,30,495,( ( MUS0792 ) ),,
MUS0800,INSTRUMENTO PRINCIPAL PERCUSSÃO 4,30,495,( ( MUS0785 ) ),,
MUS0801,INSTRUMENTO PRINCIPAL VIOLÃO 4,30,495,( ( MUS0784 ) ),,
MUS0802,INSTRUMENTO PRINCIPAL CANTO POPULAR 4,30,495,( ( MUS0783 ) ),,
MUS0803,INSTRUMENTO SUPLEMENTAR CANTO POPULAR 2,30,495,,,
MUS0805,PROJETO DE RECITAL,30,495,,,( MUS1048 )
MUS0813,SEMINÁRIO EM EDUCAÇÃO MUSICAL 3,30,495,( ( MUS0749 ) ),,
MUS0820,INSTRUMENTO PRINCIPAL VIOLÃO 5,30,495,( ( MUS0801 ) ),,
MUS0821,INSTRUMENTO PRINCIPAL VIOLÃO 6,30,495,( ( MUS0820 ) ),,
MUS0826,INSTRUMENTO SUPLEMENTAR 2,60,495,,,
MUS0829,ESTÁGIO SUPERVISIONADO EM MÚSICA 1,135,495,,,
MUS0830,ESTÁGIO SUPERVISIONADO EM MÚSICA 2,135,495,,,
MUS0833,INSTRUMENTO PRINCIPAL 3,60,495,,,
MUS0834,ESTÁGIO SUPERVISIONADO EM MÚSICA 3,135,495,,,
MUS0835,INSTRUMENTO PRINCIPAL 4,60,495,,,
MUS0837,LEITURA E PRODUÇÃO DE TEXTO,60,495,,,
MUS1054,FUNDAMENTOS DA ARTE MUSICAL,60,495,,,( MUS0753 )
MUS1077,FORMAÇÃO E INSERÇÃO PROFISSIONAL,30,495,,,
MUS1135,INSTRUMENTO SUPLEMENTAR CANTO POPULAR 1,60,495,,,
MUS1137,INSTRUMENTO SUPLEMENTAR PERCUSSÃO 1,60,495,,,
MUS1140,PROJETO DE EXTENSÃO EM MÚSICA 1,90,495,,,
MUS1148,ARRANJO E CRIAÇÃO PARA O ENSINO E APRENDIZAGEM DA MÚSICA,60,495,,,( MUS0758 )
MUS1153,PRÁTICA DE ENSINO E APRENDIZAGEM DA ARTE MUSICAL 1,90,495,( MUS1054 ),,
MUS1154,PRÁTICA DE ENSINO E APRENDIZAGEM DA ARTE MUSICAL 2,90,495,( MUS1054 ),,
NUT0001,FUNDAMENTOS EM ALIMENTAÇÃO E NUTRIÇÃO,30,424,,,
NUT0002,INTEGRADORA 1,45,424,( NUT0001 ),,
NUT0003,INTEGRADORA 2,45,424,( ( NUT0002 E NUT0055 E NUT0034 ) ),,
NUT0004,INTEGRADORA 3,45,424,( ( NUT0003 E NUT0092 E NUT0021 E NUT0089 ) ),,
NUT0005,INTEGRADORA 4,45,424,( ( NUT0004 E NUT0097 ) ),,
NUT0007,NUTRIÇÃO NAS FASES DA VIDA,60,424,( ( NUT0034 E NUT0068 ) ),,
NUT0008,MARCADORES CLÍNICOS E BIOQUÍMICOS DO ESTADO NUTRICIONAL,30,424,( ( NUT0002 E NUT0034 ) ),,
NUT0009,EPIDEMIOLOGIA NUTRICIONAL,45,424,( ( DSC0020 E NUT0034 ) ),,
NUT0010,TERAPIA NUTRICIONAL,30,424,( ( NUT0008 ) E ( NUT0069 OU NUT0070 ) ),,
NUT0014,SEMINARIO AVANCADO 1,30,424,( ( NUT0054 ) OU ( FAR0124 ) OU ( CEL0054 ) ),,( NUT0013 )
NUT0028,EDUCAÇÃO ALIMENTAR E NUTRICIONAL,60,424,( ( NUT0007 ) E ( NUT0034 OU NUT0137 ) ),,( NUT0026 ) OU ( NUT0027 )
NUT0032,NUTRIÇÃO EM SAÚDE COLETIVA,60,424,( ( DSC0037 E NUT0086 ) OU ( DSC0020 E NUT0086 ) ),,( NUT0029 ) OU ( NUT0030 ) OU ( NUT0031 )
NUT0041,TECNICA DIETETICA 2,60,424,( NUT0089 ),,( NUT0025 )
NUT0054,NUTRICAO HUMANA 1,45,424,,,
NUT0055,NUTRICAO HUMANA 2,45,424,( NUT0054 E CEL0082 ),,
NUT0065,SEMINÁRIO AVANÇADO EM GESTÃO DE PRODUÇÃO DE REFEIÇÕES,30,424,( NUT0068 E NUT0075 ),,
NUT0068,NUTRIÇÃO E DIETÉTICA 1,30,424,( NUT0055 E NUT0034 ),,
NUT0070,NUTRIÇÃO E DIETÉTICA 2,45,424,( ( NUT0068 E NUT0089 ) ),,( NUT0069 )
NUT0072,SEMINÁRIO AVANÇADO EM NUTRIÇÃO EM SAÚDE COLETIVA,30,424,( NUT0009 ),,( NUT0071 )
NUT0079,ETICA E FORMAÇÃO PROFISSIONAL,30,424,,,
NUT0080,AVALIAÇÃO NUTRICIONAL NA PRÁTICA CLÍNICA,60,424,( ( NUT0034 ) ),,
NUT0081,NUTRIÇÃO CLÍNICA EM PEDIATRIA,30,424,( ( NUT0010 ) ),,
NUT0082,SEMINÁRIOS AVANÇADOS EM NUTRIÇÃO CLÍNICA,30,424,( NUT0008 OU NUT0043 ),,
NUT0088,PRÁTICAS EM NUTRIÇÃO,60,424,,,( NUT0087 )
NUT0089,TÉCNICA DIETÉTICA 1,60,424,( ( NUT0054 ) E ( NUT0050 OU NUT0092 ) ),,( ( NUT0025 ) )
NUT0091,ANÁLISE SENSORIAL DE ALIMENTOS,60,424,( ( FAR0050 OU FAV0042 ) ),,
NUT0092,FUNDAMENTOS DE CIÊNCIAS DOS ALIMENTOS,60,424,( ( CEL0082 E CEL0083 ) ),,( NUT0050 )
NUT0096,TÓPICOS EM ALIMENTOS,30,424,( CEL0050 E NUT0021 ),,
NUT0097,NUTRIÇÃO CLÍNICA E DIETOTERAPIA,90,424,NUT0010,,
NUT0136,AVALIAÇÃO ALIMENTAR E NUTRICIONAL PRÁTICA,30,424,( ( NUT0017 ) OU ( NUT0054 ) ),( NUT0137 ),
NUT0137,AVALIAÇÃO ALIMENTAR E NUTRICIONAL TEÓRICA,30,424,( ( NUT0017 ) OU ( NUT0054 ) ),( NUT0136 ),
NUT0138,GESTÃO DE PRODUÇÃO DE REFEIÇÕES 1 - TEÓRICA,30,424,( NUT0070 E NUT0041 ),( NUT0139 ),
NUT0139,GESTÃO DE PRODUÇÃO DE REFEIÇÕES 1 - PRÁTICA,45,424,( NUT0070 E NUT0041 ),( NUT0138 ),
NUT0140,GESTÃO DE PRODUÇÃO DE REFEIÇÕES 2 - TEÓRICA,30,424,( ( NUT0075 ) OU ( NUT0138 E NUT0139 ) ),( NUT0141 ),
NUT0141,GESTÃO DE PRODUÇÃO DE REFEIÇÕES 2 - PRÁTICA,45,424,( ( NUT0075 ) OU ( NUT0138 E NUT0139 ) ),( NUT0140 ),
NUT0142,MICROBIOLOGIA E HIGIENE DOS ALIMENTOS TEÓRICA,30,424,( CEL0050 ),( NUT0143 ),
NUT0143,MICROBIOLOGIA E HIGIENE DOS ALIMENTOS PRÁTICA,30,424,( CEL0050 ),( NUT0142 ),
ODT0003,TÓPICOS COMPLEMENTARES EM PRÓTESE PARCIAL REMOVÍVEL,30,427,( ( ODT0157 E ODT0087 ) OU ( ODT0160 E ODT0161 E ODT0087 ) ),,
ODT0004,INTRODUÇÃO À PRÓTESE PARCIAL REMOVÍVEL,30,427,( ( ODT0157 E ODT0087 ) OU ( ODT0160 E ODT0161 E ODT0087 ) ),,
ODT0005,PRÓTESE PARCIAL FIXA,60,427,( ( ODT0157 E ODT0087 ) OU ( ODT0160 E ODT0161 E ODT0087 ) ),,( ( ODT0104 ) OU ( ODT0178 E ODT0179 ) )
ODT0006,PRINCÍPIOS DA TÉCNICA CIRÚRGICA,60,427,( ( ODT0052 E ODT0157 ) OU ( ODT0052 E ODT0160 E ODT0161 ) ),,
ODT0009,CLÍNICA ODONTOLÓGICA 6,180,427,( ( ODT0157 E ODT0158 E ODT0087 ) OU ( ODT0160 E ODT0161 E ODT0158 E ODT0087 ) ),,( ( ODT0007 ) OU ( ODT0008 ) OU ( ODT0180 E ODT0181 ) )
ODT0010,TÓPICOS COMPLEMENTARES EM DENTÍSTICA,30,427,( ( ODT0152 ) OU ( ODT0172 E ODT0173 ) ),,
ODT0011,PRÁTICAS DE SAÚDE BUCAL COLETIVA 2,60,427,( ( ODT0157 E ODT0030 ) OU ( ODT0160 E ODT0161 E ODT0030 ) ),,( ODT0174 E ODT0175 ) OU ( ODT0232 E ODT0233 )
ODT0013,CLÍNICA ODONTOLÓGICA 7,240,427,( ( ODT0009 E ODT0005 E ODT0006 E ODT0159 E ODT0004 ) OU ( ODT0180 E ODT0181 E ODT0005 E ODT0006 E ODT0159 E ODT0004 ) OU ( ODT0009 E ODT0178 E ODT0179 E ODT0006 E ODT0159 E ODT0004 ) OU ( ODT0180 E ODT0181 E ODT0178 E ODT0179 E ODT0006 E ODT0159 E ODT0004 ) ),,( ODT0012 )
ODT0015,CLÍNICA ODONTOLÓGICA 8,180,427,( ( ODT0013 ) ),,( ODT0014 )
ODT0016,ESTÁGIO SUPERVISIONADO EM ODONTOLOGIA 1,240,427,( ( ODT0015 ) ),,
ODT0018,ESTÁGIO SUPERVISIONADO EM ODONTOLOGIA 2,180,427,( ODT0016 ),,( ODT0017 )
ODT0024,CLÍNICA ODONTOLÓGICA 1,30,427,,,
ODT0025,ANATOMIA DE CABEÇA E PESCOÇO,30,427,( ( FMD0510 ) ),,
ODT0026,INTRODUÇÃO À PESQUISA CIENTÍFICA,30,427,,( ( ODT0024 ) ),( ( FCE0194 ) )
ODT0028,DENTÍSTICA,90,427,( ( ODT0152 ) OU ( ODT0172 E ODT0173 ) ),,( ODT0027 ) OU ( ODT0162 E ODT0163 )
ODT0030,SAÚDE BUCAL COLETIVA 2,60,427,( ( ODT0051 ) ),,
ODT0032,EPIDEMIOLOGIA APLICADA,60,427,( ( ODT0026 ) ),,( ODT0031 )
ODT0033,CIRURGIA BUCOMAXILOFACIAL,30,427,( ( ODT0006 E ODT0009 ) OU ( ODT0006 E ODT0180 E ODT0181 ) ),,
ODT0034,ODONTOPEDIATRIA 1,30,427,( ( ODT0009 ) OU ( ODT0180 E ODT0181 ) ),,
ODT0037,TRABALHO DE CONCLUSÃO DE CURSO 1,30,427,( ( ODT0009 E ODT0032 ) OU ( ODT0180 E ODT0181 E ODT0032 ) ),,( ODT0036 )
ODT0039,ODONTOPEDIATRIA 2,120,427,( ODT0034 E ODT0013 E ODT0108 ),,( ODT0038 )
ODT0050,SAÚDE BUCAL COLETIVA 3,30,427,( ODT0030 ),,
ODT0051,PRÁTICAS DE SAÚDE BUCAL COLETIVA 1,60,427,ODT0155,,
ODT0052,DIAGNÓSTICO BUCAL,30,427,( ( ODT0152 ) OU ( ODT0172 E ODT0173 ) ),,
ODT0054,PRÁTICAS DE SAÚDE BUCAL COLETIVA 3,60,427,( ODT0011 E ODT0016 ),,
ODT0055,CLÍNICA ODONTOLÓGICA 2,60,427,( ( ODT0024 ) ),,
ODT0061,PERIODONTIA,60,427,( ( ODT0152 ) OU ( ODT0172 E ODT0173 ) ),,( ( ODT0092 E ODT0099 E ODT0109 ) OU ( ODT0127 E ODT0128 ) OU ( ODT0060 ) OU ( ODT0168 E ODT0169 ) )
ODT0087,OCLUSÃO,60,427,( CFS0039 E ODT0025 ),,( ODT0086 )
ODT0091,ODONTOLOGIA FORENSE,30,427,,,
ODT0108,ORTODONTIA 1,60,427,( ( ODT0009 ) OU ( ODT0180 E ODT0181 ) ),( ODT0034 ),( ODT0107 ) OU ( ODT0165 E ODT0164 )
ODT0145,ORTODONTIA 2,60,427,( ODT0108 E ODT0034 ),( ODT0039 ),( ODT0166 E ODT0167 )
ODT0149,IMPLANTODONTIA BUCOMAXILOFACIAL,60,427,( ODT0015 ),,
ODT0150,RESPONSABILIDADE CIVIL DO PROFISSIONAL DE SAÚDE,30,427,,,
ODT0151,BIOPATOLOGIA 1,60,427,( ( CEL0050 E CEL0025 E CEL0089 E GEM0062 ) OU ( CEL0089 E GEM0041 ) ),,
ODT0152,CLÍNICA ODONTOLÓGICA 3,90,427,( ( ODT0055 ) ),,ODT0172 E ODT0173
ODT0154,CLÍNICA ODONTOLÓGICA 4,60,427,( ( FAR0031 ) ) E ( ( ODT0152 ) OU ( ODT0172 E ODT0173 ) ),,( ( ODT0153 ) OU ( ODT0176 E ODT0177 ) OU ( ODT0255 E ODT0256 ) )
ODT0155,SAÚDE BUCAL COLETIVA 1,60,427,( ( DSC0037 ) ),,
ODT0156,BIOPATOLOGIA 2,60,427,( ( ODT0151 ) OU ( ODT0022 E ODT0020 ) ),,
ODT0157,CLÍNICA ODONTOLÓGICA 5,120,427,( ( ODT0154 E ODT0028 E ODT0061 ) OU ( ODT0154 E ODT0162 E ODT0163 E ODT0061 ) OU ( ODT0154 E ODT0028 E ODT0168 E ODT0169 ) OU ( ODT0154 E ODT0162 E ODT0163 E ODT0168 E ODT0169 ) OU ( ODT0176 E ODT0177 E ODT0028 E ODT0061 ) OU ( ODT0176 E ODT0177 E ODT0162 E ODT0163 E ODT0061 ) OU ( ODT0176 E ODT0177 E ODT0028 E ODT0168 E ODT0169 ) OU ( ODT0176 E ODT0177 E ODT0162 E ODT0163 E ODT0168 E ODT0169 ) ),,ODT0160 E ODT0161
ODT0158,ENDODONTIA,60,427,ODT0052,,
ODT0159,PROTESE TOTAL REMOVÍVEL,30,427,( ( ODT0154 ) OU ( ODT0176 E ODT0177 ) ),ODT0087,
ODT0259,"VULNERABILIDADE, SAÚDE E TERRITÓRIO - ODONTOLOGIA NA RUA",60,427,,,
PAD0022,PLANEJAMENTO EDUCACIONAL,60,381,,,( PAD0020 ) OU ( PAD0021 )
PAD0028,ORGANIZAÇÃO DA EDUCAÇÃO BRASILEIRA,60,381,,,( ( FUP0349 ) OU ( FED0168 ) )
PAD0031,POLITICAS PÚBLICAS DE EDUCAÇÃO,60,381,( ( PAD0028 ) ),,( ( FED0173 ) OU ( PAD0029 ) OU ( PAD0030 ) )
PAD0071,CULTURA ORGANIZACIONAL,60,381,,,( PAD0094 )
PAD0076,AVALIAÇÃO NAS ORGANIZAÇÕES EDUCATIVAS,60,381,,,( ( FED0174 ) OU ( PAD0075 ) )
PAD0080,GESTÃO DAS ORGANIZAÇÕES EDUCATIVAS,60,381,,,( ( PAD0038 ) OU ( PAD0037 ) )
PCL0002,INTERVENÇÕES PSICOSSOCIAIS COM CRIANÇAS E ADOLESCENTES,60,583,( ( PCL0061 ) OU ( PCL0015 E PED0027 ) ),,
PCL0003,INTERVENÇÕES PSICOSSOCIAIS EM CONTEXTOS DE VIOLÊNCIA,60,583,,,
PCL0004,PSICOLOGIA COMUNITÁRIA,60,583,,,
PCL0009,PSICOTERAPIAS HUMANISTAS E FENOMENOLÓGICO-EXISTENCIAIS,60,583,( ( PCL0025 ) ),,( PCL0008 )
PCL0011,TÓPICOS EM PSICOLOGIA CLÍNICA,60,583,( ( PCL0021 ) ),,
PCL0012,TÓPICOS EM TERAPIA CONJUGAL E FAMILIAR,60,583,( ( PCL0025 ) ),,
PCL0015,PSICOLOGIA DA PERSONALIDADE 1,60,583,,,
PCL0019,TÓPICOS EM PSICOLOGIA DA PERSONALIDADE,60,583,( ( PCL0015 ) OU ( PCL0061 ) ),,( PCL0017 ) OU ( PCL0018 )
PCL0020,ETICA PROFISSIONAL,60,583,,,
PCL0021,PSICOPATOLOGIA 1,90,583,( ( PCL0015 ) OU ( PCL0061 ) ),,
PCL0025,FUNDAMENTOS DA PSICOTERAPIA,90,583,( ( PCL0020 ) E ( PCL0021 ) ),,( PCL0024 )
PCL0027,TEORIAS PSICANALÍTICAS 1,60,583,( ( PCL0021 ) OU ( FMD0445 ) ),,( PCL0026 )
PCL0030,AVALIAÇÃO E PSICODIAGNÓSTICO,90,583,( ( PCL0020 ) E ( PCL0025 ) ),,( PCL0029 )
PCL0031,ACONSELHAMENTO PSICOLOGICO,90,583,( ( PCL0061 ) ),,
PCL0053,TERAPIA CONJUGAL E FAMILIAR,90,583,( ( PCL0025 ) ),,( PCL0052 )
PCL0054,PSICOLOGIA DA SEXUALIDADE,60,583,( ( PCL0021 ) ),,
PCL0061,FUNDAMENTOS DA PSICOLOGIA CLINICA,60,583,( PPB0021 ),,
PCL0071,PSICOLOGIA DA SAUDE,90,583,( ( PCL0020 ) ),,( PED0059 )
PCL0072,PSICOLOGIA APLICADA A SAUDE,60,583,( ( FMD0510 ) ),,( PED0061 )
PCL0073,TOPICOS EM PSICOLOGIA DA SAUDE,60,583,( ( PCL0071 ) OU ( PCL0072 ) ),,( PED0063 ) OU ( PED0064 )
PCL0076,PSICOLOGIA JURÍDICA,90,583,( ( PCL0021 ) ),,
PCL0103,PSICOLOGIA PEDIÁTRICA,60,583,( ( PCL0071 ) ),,( PED0089 )
PCL0104,PSICOLOGIA DA REABILITAÇÃO,60,583,( ( PCL0071 ) OU ( PCL0072 ) ),,( PED0090 )
PED0002,PROCESSOS DE DESENVOLVIMENTO HUMANO,90,583,,,( PED0001 )
PED0032,PSICOLOGIA DA CRIATIVIDADE,60,583,,,
PED0036,DESENVOLVIMENTO E NECESSIDADES ESPECIAIS,90,583,( ( PED0025 ) OU ( PED0002 ) ),,( PED0034 ) OU ( PED0035 )
PED0050,METODOLOGIA DE OBSERVAÇÃO,90,583,,,( PED0048 ) OU ( PED0049 )
PED0053,PSICOLOGIA ESCOLAR,90,583,( PED0002 ),,( ( PED0039 ) OU ( PED0051 ) OU ( PED0052 ) )
PED0057,TOPICOS EM PSICOLOGIA DO DESENVOLVIMENTO,60,583,,,( PED0055 ) OU ( PED0056 )
PED0058,FUNDAMENTOS DE DESENVOLVIMENTO E APRENDIZAGEM,90,583,,,( ( PED0060 ) OU ( PED0060 E PPB0067 ) )
PED0060,DESENVOLVIMENTO PSICOLÓGICO E ENSINO,60,583,,,( ( PED0058 ) )
PED0071,PSICOLOGIA: CURSO E PROFISSÃO,60,583,,,( PED0122 )
PED0096,"SUPERDOTAÇÃO, TALENTO E DESENVOLVIMENTO HUMANO",60,583,( ( PED0002 ) OU ( PED0025 E PED0027 ) ),,
POL0003,ESTUDOS LEGISLATIVOS,60,668,( ( POL0013 ) ),,
POL0005,PRÁTICA DE ENSINO EM INTRODUÇÃO À CIÊNCIA POLÍTICA,60,668,( ( POL0011 ) ),,( POL0004 )
POL0006,POLÍTICA E ANTIRRACISMO,60,668,( ( POL0011 ) ),,
POL0011,INTRODUÇÃO À CIÊNCIA POLÍTICA,60,668,,,( ( FEA0003 ) OU ( FDD0210 ) OU ( IRI0017 ) )
POL0012,TEORIA POLÍTICA MODERNA,60,668,( ( POL0011 ) ),,( IRI0019 ) OU ( IRI0020 )
POL0013,TEORIA POLÍTICA CONTEMPORÂNEA,60,668,( ( POL0011 E POL0012 ) ),,( IRI0021 ) OU ( IRI0022 )
POL0015,ELITES POLÍTICAS,60,668,( ( POL0012 ) ),,( IRI0025 ) OU ( IRI0026 ) OU ( POL0014 )
POL0017,POLÍTICA BRASILEIRA 1,60,668,( ( POL0011 ) ),,( IRI0028 ) OU ( IRI0029 ) OU ( POL0016 )
POL0021,TÓPICOS ESPECIAIS EM CIÊNCIA POLÍTICA 1,60,668,,,( ( IRI0032 ) OU ( IRI0033 ) OU ( POL0020 ) )
POL0029,TÉCNICAS DE PESQUISA EM CIÊNCIA POLÍTICA,60,668,( ( POL0171 ) OU ( POL0080 ) OU ( POL0013 E EST0019 ) OU ( POL0117 ) ),,( ( FUP0311 ) OU ( IRI0040 ) )
POL0030,ANÁLISE POLÍTICA,60,668,( ( POL0167 ) OU ( POL0032 E POL0013 ) ),,( IRI0041 )
POL0032,POLÍTICA BRASILEIRA 2,60,668,( ( POL0017 ) ),,( IRI0042 ) OU ( POL0031 )
POL0033,TEORIA POLÍTICA CLÁSSICA,60,668,,,( IRI0044 )
POL0036,PENSAMENTO POLÍTICO LATINO-AMERICANO,60,668,,,( IRI0063 )
POL0037,PARTIDOS POLÍTICOS E SISTEMAS ELEITORAIS,60,668,( ( POL0011 ) ),,( IRI0069 )
POL0049,MUDANÇA POLÍTICA NA AMÉRICA DO SUL,60,668,( ( POL0011 ) ),,( IRI0080 )
POL0055,FUNDAMENTOS DE POLÍTICAS PÚBLICAS,60,668,( ( POL0011 ) ),,( IRI0112 ) OU ( IRI0113 ) OU ( POL0054 )
POL0062,TÓPICOS ESPECIAIS EM CIÊNCIA POLÍTICA 2,60,668,,,( IRI0119 ) OU ( POL0061 )
POL0065,TÓPICOS ESPECIAIS EM CIÊNCIA POLÍTICA 3,60,668,,,( IRI0120 ) OU ( POL0063 ) OU ( POL0064 )
POL0074,REPRESENTAÇÃO POLÍTICA,60,668,( ( POL0013 ) ),,
POL0081,MÉTODOS QUANTITATIVOS 2,60,668,,,
POL0088,TÓPICOS ESPECIAIS EM CIÊNCIA POLÍTICA 4,60,668,,,
POL0117,MÉTODOS QUANTITATIVOS APLICADOS ÀS POLÍTICAS PÚBLICAS,60,668,( ( POL0011 ) ),,
POL0118,ÉTICA E POLÍTICA,60,668,( ( POL0011 ) ),,
POL0119,"ESTADO, GOVERNO E POLÍTICAS PÚBLICAS",60,668,( ( POL0055 ) ),,
POL0165,INSTITUIÇÕES POLÍTICAS,60,668,( POL0011 ),,( ( POL0002 ) )
POL0175,INTERNET E POLÍTICA,60,668,( ( POL0011 ) ),,( ( POL0028 ) )
PPB0002,FUNDAMENTOS DE ANÁLISE DO COMPORTAMENTO,90,583,,,( ( PPB0018 ) OU ( PPB0001 ) )
PPB0003,TERAPIA COGNITIVA,60,583,( ( PCL0021 E PPB0046 ) ),,
PPB0006,PSICOLOGIA EVOLUCIONISTA,60,583,,,
PPB0007,TÓPICOS EM COGNIÇÃO,60,583,,,
PPB0014,INTRODUÇÃO À PSICOLOGIA,60,583,,,
PPB0017,PSICOLOGIA DA APRENDIZAGEM 1,60,583,,,( PPB0015 ) OU ( PPB0016 )
PPB0021,HISTORIA DA PSICOLOGIA,60,583,,,( PPB0020 )
PPB0034,FUNDAMENTOS DE NEUROCIÊNCIAS,60,583,,,( PPB0033 )
PPB0046,PSICOLOGIA COGNITIVA 1,60,583,,,( PPB0044 ) OU ( PPB0045 )
PPB0048,PSICOFARMACOLOGIA,60,583,( ( PPB0034 ) ),,( PPB0047 )
PPB0054,PERCEPCAO,90,583,,,
PPB0067,APRENDIZAGEM NO ENSINO,60,583,,,( ( PPB0017 ) )
PPB0092,COMPORTAMENTO E COGNIÇÃO ANIMAL,60,583,,,
PRO0002,PROJETO DE PAISAGISMO 2,60,360,( ( PRO0060 ) ),,( ( PRO0022 ) )
PRO0004,CIÊNCIAS DO COMPORTAMENTO APLICADAS À ARQUITETURA,60,360,,,
PRO0007,ESTAGIOS SUPERVISIONADOS DE PROJETOS,30,360,( ( PRO0020 ) OU ( PRO0016 ) ),,( FAU0123 ) OU ( FAU0124 ) OU ( FAU0125 ) OU ( FAU0126 ) OU ( FAU0127 )
PRO0008,PROJETO DE ARQUITETURA - PROBLEMAS ESPECIAIS,90,360,( ( PRO0016 ) ),,( FAU0135 ) OU ( FAU0136 )
PRO0009,PRATICA PROFISSIONAL,30,360,,,( FAU0141 ) OU ( FAU0142 )
PRO0011,PROJETO ARQUITETONICO 1,120,360,,,( ( FAU0109 ) OU ( FAU0153 ) OU ( PRO0010 ) )
PRO0013,PROJETO DE ARQUITETURA - LINGUAGEM E EXPRESSÃO,120,360,( ( PRO0011 ) ),,( FAU0154 ) OU ( FAU0155 ) OU ( PRO0012 )
PRO0015,PROJETO DE ARQUITETURA - HABITAÇÃO,120,360,( ( TEC0012 E PRO0013 ) OU ( TEC0026 E PRO0059 ) OU ( TEC0012 E PRO0059 ) OU ( TEC0026 E PRO0013 ) ),,( FAU0156 ) OU ( FAU0157 ) OU ( PRO0014 )
PRO0016,PROJETO DE ARQUITETURA DE GRANDES VAOS,120,360,( ( PRO0015 E TEC0016 E TEC0018 ) OU ( PRO0015 E TEC0016 E TEC0038 E TEC0039 ) ),,( FAU0158 )
PRO0017,PROJETO ARQUITETONICO DE EDIFICACOES EM ALTURA,120,360,( ( PRO0016 ) ),,( FAU0159 )
PRO0018,PROJETO DE ARQUITETURA DE FUNÇÕES COMPLEXAS,120,360,( ( PRO0017 E TEC0028 E TEC0029 ) ),,( FAU0160 )
PRO0020,PROJETO DE URBANISMO 1,120,360,( ( PRO0022 E PRO0018 ) OU ( TEC0018 ) OU ( TEC0038 ) ),,( FAU0162 )
PRO0021,PROJETO DE URBANISMO 2,120,360,( ( PRO0020 E TEC0027 ) ),,( FAU0163 )
PRO0022,PROJETO PAISAGÍSTICO 1,120,360,( ( PRO0016 ) ),,( ( PRO0002 E PRO0060 ) OU ( FAU0167 ) )
PRO0023,DESENHO ARQUITETONICO,60,360,,,( ( PRO0061 ) OU ( FAU0168 ) )
PRO0025,DESENHO E PLASTICA 1,60,360,,,( FAU0169 ) OU ( PRO0024 )
PRO0026,DESENHO E PLASTICA 2,60,360,( ( PRO0025 ) ),,( FAU0170 )
PRO0027,"ESPACO,EXPRESSAO E SIGNIFICADO",60,360,( ( PRO0026 ) ),,( FAU0171 )
PRO0028,GEOMETRIA CONSTRUTIVA,60,360,,,( FAU0172 )
PRO0031,PROGRAMACAO VISUAL APLICADA A ARQUITETURA E URBANISMO,90,360,( ( PRO0015 ) OU ( FAU0133 E FAU0111 ) ),,( FAU0199 )
PRO0035,VEGETACAO APLICADA AO PAISAGISMO,60,360,,,( FAU0205 )
PRO0036,OFICINA DE MAQUETE,60,360,( ( PRO0023 ) OU ( FAU0133 ) ),,( FAU0210 )
PRO0043,PROJETO DE URBANISMO - PROBLEMAS ESPECIAIS,90,360,( ( PRO0020 ) OU ( FAU0218 ) ),,( FAU0231 )
PRO0047,PROJETO DE ARQUITETURA E URBANISMO 8 - TÉCNICAS RETROSPECTIVAS,120,360,( ( PRO0020 E PRO0018 E TEC0013 E TAU0009 ) OU ( PRO0020 E PRO0018 E TEC0044 E TAU0009 ) OU ( PRO0020 E PRO0018 E TEC0043 E TAU0009 ) ),,( FAU0252 )
PRO0051,PROJETO E PLANEJAMENTO DE HABITAÇÃO POPULAR,60,360,( ( TEC0007 ) ),,
PRO0052,AVALIAÇÃO DE PÓS-OCUPAÇÃO DE ESPAÇOS URBANOS,60,360,( ( PRO0013 ) ),,
PRO0053,MÉTODOS E TÉCNICAS DE PESQUISA EM ARQUITETURA E URBANISMO,60,360,( ( PRO0013 ) ),,
PRO0055,PRÁTICA DE ESCRITÓRIO MODELO DE ARQUITETURA E URBANISMO 1,60,360,,,
PRO0060,PROJETO DE PAISAGISMO 1,60,360,( ( PRO0015 E TEC0038 ) OU ( PRO0015 E TEC0018 ) ),,( ( PRO0022 ) )
PRO0063,MODELAGEM TRIDIMENSIONAL DIGITAL EM ARQUITETURA,30,360,( ( PRO0011 ) ),,( ( PRO0045 ) )
PRO0064,CONFORTO TÉRMICO AMBIENTAL 2,30,360,( ( TEC0042 ) ),,( ( TEC0017 ) )
PRO0065,MODELAGEM DA INFORMAÇÃO DA CONSTRUÇÃO - BIM,30,360,( ( PRO0063 ) ),,
PST0001,PSICOLOGIA DO TRABALHO,60,583,( ( PST0011 ) ),,
PST0011,PSICOLOGIA SOCIAL 1,60,583,,,( PST0009 ) OU ( PST0010 )
PST0014,TECNICAS DO EXAME PSICOLOGICO,60,583,( ( PCL0020 ) ),,( PST0013 )
PST0017,RECRUTAMENTO E SELEÇÃO PROFISSIONAL,60,583,,,( PST0015 ) OU ( PST0016 ) OU ( PST0018 )
PST0034,ERGONOMIA,90,583,,,( PST0033 )
PST0037,MÉTODOS DE PESQUISA EM PSICOLOGIA,60,583,( ( EST0019 ) ),,( PST0035 ) OU ( PST0036 )
PST0039,MEDIDAS EM PSICOLOGIA,60,583,( ( EST0019 ) OU ( EST0028 ) ),,( ( PST0038 ) )
PST0047,TOPICOS EM PSICOLOGIA ORGANIZACIONAL,60,583,( ( PST0051 ) ),,( PST0046 )
PST0051,PSICOLOGIA DAS ORGANIZAÇÕES,60,583,( ( PST0011 ) ),,( ( PST0029 ) OU ( PST0048 ) OU ( PST0049 ) OU ( PST0050 ) )
PST0195,COMPORTAMENTO HUMANO NO TRABALHO,60,583,,,( PST0024 ) OU ( PST0025 ) OU ( PST0026 ) OU ( PST0027 ) OU ( PST0028 ) OU ( PST0029 )
SER0001,SEGURIDADE SOCIAL 3 - ASSISTÊNCIA SOCIAL,60,563,( ( SER0015 ) ),,
SER0003,ENVELHECIMENTO E POLÍTICA SOCIAL,60,563,,,
SER0007,"GÊNERO, RAÇA/ETNIA E POLÍTICA SOCIAL",60,563,,,( SER0004 ) OU ( SER0005 ) OU ( SER0006 )
SER0015,POLÍTICA SOCIAL,60,563,,,( SER0014 )
SER0024,INTRODUÇÃO AO SERVIÇO SOCIAL,60,563,,,
SER0031,ANALISE DE POLITICAS SOCIAIS,60,563,( ( SER0015 ) OU ( ECO0019 ) OU ( SOL0042 ) ),,
SER0033,MOVIMENTOS SOCIAIS,60,563,,,( SER0032 )
SER0035,FUNDAMENTOS ÉTICOS E ÉTICA PROFISSIONAL,60,563,( ( SER0024 E FIL0069 ) ),,( SER0034 )
SER0048,PESQUISA SOCIAL 1,60,563,( ( SER0024 ) ),,( SER0046 ) OU ( SER0047 )
SER0052,"PLANEJAMENTO, ADMINISTRAÇÃO E GESTÃO SOCIAL",60,563,( ( SER0024 ) OU ( SER0015 ) ),,( SER0049 ) OU ( SER0050 ) OU ( SER0051 )
SER0060,TÓPICOS ESPECIAIS EM PESQUISA SOCIAL,60,563,,,( SER0058 ) OU ( SER0059 )
SER0062,TÓPICOS ESPECIAIS EM SERVIÇO SOCIAL,60,563,( ( SER0024 ) ),,( SER0061 )
SER0076,SEGURIDADE SOCIAL 2 - SAÚDE,60,563,( ( SER0015 ) ),,( SER0075 )
SER0096,PESQUISA SOCIAL 2,60,563,( ( SER0048 ) OU ( SOL0098 ) OU ( FIL0077 ) OU ( DAN0040 ) OU ( NUT0034 ) OU ( TEF0025 ) ),,( SER0093 ) OU ( SER0094 ) OU ( SER0095 )
SER0101,FUNDAMENTOS HISTÓRICOS E TEÓRICO-METODOLÓGICOS DO SERVIÇO SOCIAL 1,60,563,( ( SER0024 ) ),,( SER0100 )
SER0103,FUNDAMENTOS HISTÓRICOS E TEÓRICO-METODOLÓGICOS DO SERVIÇO SOCIAL 2,60,563,( ( SER0101 ) ),,( SER0102 )
SER0105,FUNDAMENTOS HISTÓRICOS E TEÓRICO-METODOLÓGICOS DO SERVIÇO SOCIAL 3,60,563,( ( SER0103 ) ),,( SER0104 )
SER0107,ESTÁGIO EM SERVIÇO SOCIAL 1,240,563,( ( SER0035 E SER0105 ) ),,( SER0106 )
SER0109,ESTÁGIO EM SERVIÇO SOCIAL 2,240,563,( ( SER0107 ) ),,( SER0108 )
SER0110,QUESTÃO SOCIAL E SERVIÇO SOCIAL,60,563,,,
SER0112,PROCESSOS DE TRABALHO E SERVIÇO SOCIAL 1,60,563,,,
SER0113,TRABALHO E SOCIABILIDADE,60,563,,,
SER0115,PROCESSOS DE TRABALHO E SERVIÇO SOCIAL 2,60,563,( ( SER0112 ) ),,
SER0118,PRÁTICA DE PESQUISA SOCIAL 1,60,563,,,
SER0119,PRÁTICA DE PESQUISA SOCIAL 2,60,563,,,
SER0120,PRÁTICA DE PESQUISA SOCIAL 3,60,563,,,
SER0121,PRÁTICA DE PESQUISA SOCIAL 4,60,563,( ( SER0048 ) ),,
SER0127,ECONOMIA POLÍTICA E CAPITALISMO,60,563,,,
SER0130,SEGURIDADE SOCIAL 1 - PREVIDÊNCIA SOCIAL,60,563,( ( SER0015 ) ),,
SER0132,OFICINA DE SUPERVISÃO DE ESTÁGIO EM SERVIÇO SOCIAL 1,60,563,( ( SER0109 ) ),,
SER0133,OFICINA DE SUPERVISÃO DE ESTÁGIO EM SERVIÇO SOCIAL 2,60,563,( ( SER0132 ) ),,
SOL0011,SOCIOLOGIA DO DIREITO,60,483,( ( SOL0042 ) ),,( ( FDD0006 E FDD0013 ) )
SOL0030,SOCIOLOGIA DA JUVENTUDE,60,483,( ( SOL0042 ) ),,
SOL0037,SOCIOLOGIA BRASILEIRA,60,483,( ( SOL0042 E SOL0044 ) OU ( SOL0042 E SOL0104 E SOL0105 ) OU ( SOL0042 E SOL0301 ) ),,( SOL0123 OU SOL0124 )
SOL0039,PRÁTICA DE PESQUISA 2 (DISSERTAÇÃO),120,483,( ( SOL0042 E SOL0044 E SOL0097 E SOL0098 E SOL0041 ) OU ( SOL0042 E SOL0104 E SOL0105 E SOL0041 ) ),,( ( SOL0083 ) OU ( SOL0038 ) )
SOL0041,PRÁTICA DE PESQUISA 1,90,483,( ( ELA0013 E SOL0044 E SOL0097 E SOL0098 E EST0019 ) OU ( FIL0077 E SOL0104 E SOL0105 E EST0019 ) ),,( ( SOL0083 ) OU ( SOL0040 ) )
SOL0042,INTRODUÇÃO À SOCIOLOGIA,60,483,,,( ( ADM0021 ) OU ( FCE0188 E FCE0208 ) OU ( FDD0214 ) OU ( FDD0271 ) OU ( FUP0263 ) )
SOL0044,TEORIA SOCIOLÓGICA 1,90,483,( ( SOL0042 ) ),,( SOL0043 )
SOL0053,TEORIAS DA SOCIALIZAÇÃO,60,483,( ( SOL0042 E SOL0044 ) OU ( SOL0042 E SOL0104 E SOL0105 ) OU ( SOL0042 E SOL0301 ) ),,
SOL0062,PRÁTICA DE ENSINO EM CIÊNCIAS SOCIAIS,120,483,( ( SOL0042 E SOL0044 ) OU ( SOL0042 E SOL0104 E SOL0105 ) OU ( SOL0042 E SOL0301 ) ),,
SOL0087,SOCIOLOGIA DO DESENVOLVIMENTO RURAL,60,483,,,( ( FUP0306 ) )
SOL0091,ESTRUTURA E MUDANÇAS SOCIAIS,60,483,( ( SOL0042 E SOL0044 ) OU ( SOL0042 E SOL0104 E SOL0105 ) OU ( SOL0042 E SOL0301 ) ),,( ( SOL0047 ) )
SOL0097,MÉTODOS SOCIOLÓGICOS,90,483,( SOL0042 ),,
SOL0098,TÉCNICAS DE PESQUISA,90,483,( SOL0097 E EST0019 ),,( SOL0300 )
SOL0101,SOCIOLOGIA URBANA,60,483,( ( SOL0042 ) ),,
SOL0103,TEORIAS SOCIOLÓGICAS CONTEMPORÂNEAS 1,90,483,( ( SOL0042 ) E ( SOL0104 OU SOL0301 ) ),,( ( SOL0045 ) )
SOL0104,TEORIAS SOCIOLÓGICAS CLÁSSICAS,90,483,( ( SOL0042 ) ),,( SOL0301 )
SOL0105,TEORIAS SOCIOLÓGICAS MARXISTAS,90,483,( ( SOL0104 OU SOL0301 ) ),,
SOL0114,MEIO AMBIENTE E SOCIEDADE,60,483,( ( SOL0042 E SOL0044 ) OU ( SOL0042 E SOL0104 E SOL0105 ) OU ( SOL0042 E SOL0301 ) ),,( ( TEF0082 ) )
SOL0117,SOCIOLOGIA DA RELIGIÃO,60,483,( ( SOL0042 ) ),,
SOL0122,ESTÁGIO 1: SOCIOLOGIA DO ENSINO DE SOCIOLOGIA,135,483,PED0058,,
SOL0124,PENSAMENTO SOCIAL NO BRASIL DO SÉCULO XX,60,483,SOL0042,,
SOL0126,PRÁTICA DE PESQUISA 1 LICENCIATURA,120,483,( ( SOL0098 OU SOL0300 ) ),,
SOL0128,LABORATÓRIO DOCENTE EM SOCIOLOGIA,60,483,( SOL0062 ) OU ( SOL0127 ),,
SOL0129,PRÁTICA DE PESQUISA 2 LICENCIATURA,120,483,SOL0126,,
SOL0130,TEORIAS SOCIOLÓGICAS CLÁSSICAS II,60,483,( SOL0042 ) E ( SOL0104 OU SOL0301 ),,
SOL0132,ESTÁGIO 2: PRÁTICA DE ENSINO EM CIÊNCIAS SOCIAIS 1,135,483,SOL0122,,
SOL0133,DESENHOS DE PESQUISA EM CIÊNCIAS SOCIAIS,60,483,( SOL0130 ),,
SOL0134,TEORIAS SOCIOLÓGICAS CONTEMPORÂNEAS 1,60,483,( ( SOL0042 ) E ( SOL0104 OU SOL0301 ) ),,
SOL0139,PRÁTICA DE PESQUISA 1 BACHARELADO,120,483,( SOL0300 ),,
SOL0140,PRÁTICA DE PESQUISA 2 BACHARELADO,120,483,( SOL0139 ),,( SOL0039 )
SOL0300,TÉCNICAS DE PESQUISA,60,483,( ( EST0019 ) E ( SOL0097 OU SOL0133 ) ),,( SOL0098 )
SOL0301,TEORIAS SOCIOLÓGICAS CLÁSSICAS I,60,483,( SOL0042 ),,( SOL0104 )
TAU0002,INTRODUCAO A ARQUITETURA E URBANISMO,60,362,,,( FAU0106 ) OU ( FAU0107 )
TAU0005,HISTORIA DA ARQUITETURA E DA ARTE 1,60,362,( ( TAU0002 ) ),,( FAU0185 )
TAU0006,HISTORIA DA ARQUITETURA E DA ARTE 2,60,362,( ( TAU0005 ) OU ( VIS0060 ) ),,( FAU0186 )
TAU0007,ARQUITERURA E URBANISMO DA SOCIEDADE INDUSTRIAL,60,362,( ( TAU0006 ) ),,( FAU0187 )
TAU0008,ARQUITERURA E URBANISMO NO BRASIL CONTEMPORANEO,60,362,( ( TAU0007 ) ),,( FAU0188 )
TAU0009,ARQUITERURA E URBANISMO NO BRASIL COLONIA E IMPERIO,60,362,( ( TAU0007 ) ),,( FAU0189 )
TAU0011,ARQUITETURA E URBANISMO DA ATUALIDADE,60,362,( ( TAU0009 ) ),,( FAU0191 )
TAU0013,PLANEJAMENTO URBANO,60,362,,,( FAU0197 ) OU ( FAU0198 )
TAU0025,ESTÉTICA E HISTÓRIA DA ARTE,60,362,( ( TAU0006 ) ),,( TAU0024 )
TAU0026,"BRASÍLIA, EXPERIÊNCIA URBANISTICA - PRÁTICA E TEORIA",60,362,,,
TAU0031,URBANISMO E URBANIZAÇÃO NO BRASIL,60,362,( ( TAU0002 ) ),,
TEC0001,SISTEMAS ESTRUTURAIS EM CONCRETO ARMADO 2,60,361,( ( TEC0041 ) ),,( ( TEC0019 ) )
TEC0002,INSTALAÇÕES E EQUIPAMENTOS 1,30,361,( ( PRO0011 ) ),,( ( TEC0007 ) )
TEC0003,INSTALAÇÕES E EQUIPAMENTOS 2,30,361,( ( TEC0002 ) ),,( ( TEC0007 ) )
TEC0007,INSTALAÇÕES E EQUIPAMENTOS 1,60,361,( ( PRO0011 ) ),,( ( TEC0002 E TEC0003 ) OU ( FAU0117 ) OU ( FAU0118 ) OU ( TEC0006 ) )
TEC0013,TECNICAS DE CONSTRUCAO,60,361,( ( ENC0055 ) OU ( ENC0229 E ENC0230 ) OU ( ENC0276 E ENC0277 ) ),,( ( TEC0043 E TEC0044 ) OU ( FAU0151 ) OU ( FAU0152 ) )
TEC0014,ESTAGIO SUPERVISIONADO EM OBRA,30,361,( ( PRO0020 ) OU ( PRO0016 ) ),,( FAU0164 ) OU ( FAU0165 ) OU ( FAU0166 )
TEC0016,ESTUDOS AMBIENTAIS-BIOCLIMATISMO,30,361,( ( TAU0002 ) OU ( PRO0011 ) ),,( FAU0175 ) OU ( TEC0015 )
TEC0017,CONFORTO TERMICO AMBIENTAL,60,361,( ( TEC0016 ) ),,( ( TEC0042 E PRO0064 ) OU ( FAU0176 ) )
TEC0018,SISTEMAS ESTRUTURAIS NA ARQUITETURA,120,361,( ( PRO0011 ) ),,( FAU0178 )
TEC0019,SISTEMAS ESTRUTURAIS EM CONCRETO ARMADO,120,361,( ( TEC0018 ) OU ( TEC0038 E TEC0039 ) ),,( ( TEC0001 E TEC0041 ) OU ( ENC0146 E ENC0147 ) OU ( FAU0179 ) )
TEC0022,SISTEMAS ESTRUTURAIS EM AÇO,60,361,( TEC0019 OU TEC0001 ),,( FAU0180 ) OU ( TEC0020 ) OU ( TEC0021 )
TEC0023,SISTEMAS ESTRUTURAIS EM MADEIRA,60,361,( ( TEC0022 ) OU ( TEC0010 ) ),,( FAU0181 ) OU ( FAU0182 )
TEC0026,INTRODUÇÃO À TECNOLOGIA EM ARQUITETURA E URBANISMO,60,361,,,( TEC0025 )
TEC0027,INFRA-ESTRUTURA URBANA,30,361,,,( FAU0249 )
TEC0028,CONFORTO SONORO,30,361,( TEC0017 OU PRO0064 ),,( FAU0250 )
TEC0029,CONFORTO AMBIENTAL LUMINOSO,30,361,( TEC0017 OU PRO0064 ),,( FAU0251 )
TEC0038,SISTEMAS ESTRUTURAIS 1,60,361,( ( TEC0026 ) OU ( TEC0012 ) ),,
TEC0039,SISTEMAS ESTRUTURAIS 2,60,361,( ( TEC0038 ) ),,
TEC0041,SISTEMAS ESTRUTURAIS EM CONCRETO ARMADO 1,60,361,( TEC0039 OU TEC0018 ),,( ( TEC0019 ) OU ( TEC0040 ) )
TEC0042,CONFORTO TÉRMICO AMBIENTAL 1,30,361,( ( TEC0016 ) ),,( ( TEC0017 ) )
TEC0043,TÉCNICAS DE CONSTRUÇÃO 1,30,361,,,( ( TEC0013 ) )
TEC0044,TÉCNICAS DE CONSTRUÇÃO 2,30,361,( ( TEC0043 ) ),,( ( TEC0013 ) )
TEF0001,ESCOLARIZAÇÃO DE SURDOS E LIBRAS,60,381,( ( TEF0079 ) ),,
TEF0002,"INFÂNCIA, CRIANÇA E EDUCAÇÃO",60,381,,,( FED0041 )
TEF0003,EDUCAÇÃO INCLUSIVA,60,381,,,( FED0042 )
TEF0006,TÓPICOS ESPECIAIS DE FILOSOFIA DA EDUCAÇÃO,60,381,( ( TEF0021 ) ),,
TEF0011,PSICOLOGIA DA EDUCAÇÃO,60,381,,,( ( TEF0080 ) OU ( FED0170 ) OU ( TEF0010 ) )
TEF0013,SOCIOLOGIA DA EDUCAÇÃO,60,381,,,( ( FED0151 ) )
TEF0015,HISTORIA DA EDUCACAO,60,381,,,( ( FED0166 ) )
TEF0021,FILOSOFIA DA EDUCAÇÃO,60,381,,,( ( FED0157 ) OU ( TEF0020 ) )
TEF0041,ANTROPOLOGIA E EDUCACAO,60,381,,,( ( FED0158 ) )
TEF0046,HISTORIA DA EDUCACAO BRASILEIRA,60,381,( ( TEF0015 ) ),,( ( TEF0017 ) OU ( FED0182 ) OU ( TEF0045 ) )
TEF0092,EDUCAÇÃO E TRABALHO,60,381,,,( ( FED0123 ) OU ( MTC0097 ) OU ( FED0112 ) )
TEF0103,PESQUISA EM EDUCAÇÃO 1,60,381,,,( ( FED0150 ) OU ( FUP0323 ) OU ( TEF0102 ) OU ( FED0115 ) )
TEF0117,TÓPICOS ESPECIAIS EM EDUCAÇÃO E DIVERSIDADE CULTURAL,60,381,,,( PAD0073 )
TEF0135,TÓPICOS ESPECIAIS EM PSICOLOGIA DA EDUCAÇÃO,60,381,,,
TEF0145,GÊNERO E EDUCAÇÃO,60,381,,,
TEF0147,EDUCAÇÃO DAS RELAÇÕES ÉTNICO-RACIAIS,60,381,,,( ( FED0183 ) )
TEF0148,"EDUCAÇÃO, AMBIENTE E SOCIEDADE",60,381,,,
TEF0149,"AMBIENTE, CULTURA E NATUREZA NO CINEMA E NA LITERATURA",60,381,,,
TEL0001,LABORATÓRIO DE ESTUDOS DE LITERATURA ARTES E HUMANIDADES,60,580,,,
TEL0006,LITERATURA PORTUGUESA - MODERNISMO,60,580,,,( TEL0191 )
TEL0007,LITERATURA PORTUGUESA - REALISMO,60,580,,,
TEL0011,LITERATURA PORTUGUESA - ROMANTISMO,60,580,,,
TEL0014,INTRODUCAO A TEORIA DA LITERATURA,60,580,,,( TEL0013 )
TEL0016,CRITICA LITERARIA,60,580,,,( TEL0015 )
TEL0021,LITERATURA BRASILEIRA - ROMANTISMO,60,580,,,
TEL0022,LITERATURA BRASILEIRA - REALISMO,60,580,,,
TEL0023,LITERATURA BRASILEIRA - MODERNISMO,60,580,,,( TEL0186 )
TEL0026,LITERATURA BRASILEIRA CONTEMPORÂNEA,60,580,,,
TEL0027,LITERATURA BRASILEIRA - TEATRO,60,580,,,
TEL0029,FUNDAMENTOS DE HISTORIA LITERARIA,60,580,,,
TEL0032,LITERATURA FRANCESA - PANORAMA,60,580,( LET0323 ) OU ( TEL0014 E ( LET0079 OU LET0797 ) ),,
TEL0033,LITERATURA FRANCESA - ROMANCE,60,580,( LET0323 ) OU ( TEL0014 E ( LET0079 OU LET0797 ) ),,
TEL0034,LITERATURA FRANCESA - TEATRO,60,580,( LET0323 ) OU ( TEL0014 E ( LET0079 OU LET0797 ) ),,
TEL0035,LITERATURA FRANCESA - POESIA,60,580,( LET0323 ) OU ( TEL0014 E ( LET0079 OU LET0797 ) ),,
TEL0036,LITERATURA FRANCESA - CRITICA,60,580,( LET0323 ) OU ( TEL0014 E ( LET0079 OU LET0797 ) ),,
TEL0041,LITERATURA INGLESA II - IDADE MÉDIA,60,580,( LET0260 OU LET0085 OU LET0764 ),,
TEL0043,LITERATURA INGLESA IV - DRAMA ISABELINO,60,580,( LET0260 OU LET0085 OU LET0764 ),,
TEL0044,LITERATURA INGLESA V - TRAGÉDIA SHAKESPEARIANA,60,580,( LET0260 OU LET0085 OU LET0764 ),,
TEL0045,LITERATURA NORTE-AMERICANA I - SÉCULO XX,60,580,( LET0260 OU LET0085 OU LET0764 ),,
TEL0046,LITERATURA NORTE-AMERICANA II - SÉCULO XIX,60,580,( LET0260 OU LET0085 OU LET0764 ),,
TEL0047,LITERATURA NORTE-AMERICANA III - NARRATIVA SÉCULO XX,60,580,( LET0260 OU LET0085 OU LET0764 ),,
TEL0077,LITERATURA ESTRANGEIRA EM LINGUA VERNACULA,60,580,,,
TEL0080,CONTEXTOS CULTURAIS DA LITERATURA FRANCESA,60,580,( LET0323 ) OU ( TEL0014 E ( LET0079 OU LET0797 ) ),,
TEL0089,TÓPICOS ESPECIAIS EM LITERATURA BRASILEIRA,60,580,,,( TEL0090 )
TEL0097,TEORIA DA LINGUAGEM POETICA,60,580,,,( TEL0096 )
TEL0098,LABORATORIO DE LITERATURA PARA O ENSINO FUNDAMENTAL E MEDIO,90,580,( ( TEL0014 ) ),,
TEL0099,CERVANTES E O QUIXOTE,60,580,,,
TEL0100,LITERATURA HISPANO - AMERICANA 2-SÉCULO 19 E MODERNÍSMO,60,580,( ( TEL0107 ) OU ( LET0120 ) OU ( TEL0014 ) ),,( TEL0273 )
TEL0105,LITERATURA HISPANO-AMERICANA 3 - PÓS MODERNÍSMO ATÉ A ATUALIDADE,60,580,,,( TEL0275 )
TEL0109,FUNDAMENTOS DA LITERATURA BRASILEIRA CONTEMPORANEA,60,580,,,
TEL0110,CULTURA CLASSICA 1 - GRECIA,60,580,,,
TEL0112,PANORAMA DA LITERATURA BRASILEIRA,60,580,,,
TEL0114,LITERATURA JAPONESA 1,60,580,( ( LET0074 E LET0075 ) OU ( LET0109 E LET0108 ) ),,
TEL0115,LITERATURA JAPONESA 2,60,580,( ( TEL0114 ) ),,
TEL0118,MONOGRAFIA EM LITERATURA,60,580,,,( LET0480 OU TEL0202 )
TEL0136,CONTEXTOS DE LITERATURAS DE EXPRESSÃO INGLESA,60,580,( LET0260 OU LET0085 OU LET0764 ),,
TEL0178,LITERATURAS ANGLÓFONAS - ESTUDOS CULTURAIS,60,580,( LET0260 OU LET0085 OU LET0764 ),,
TEL0180,LITERATURA BRASILEIRA: DAS ORIGENS AO SÉCULO XVIII,60,580,,,( TEL0024 )
TEL0187,LITERATURA PORTUGUESA: DAS ORIGENS MEDIEVAIS AO PERÍODO RENASCENTISTA,60,580,,,( TEL0008 OU TEL0009 )
TEL0201,LITERATURAS INDÍGENAS,60,580,,,
TEL0207,INTRODUÇÃO À CRITICA LITERÁRIA HISPÂNICA,60,580,,,( TEL0107 )
TEL0208,LITERATURAS HISPÂNICAS 1,60,580,( ( TEL0207 OU LET0120 OU LET0306 ) ),,( ( TEL0108 ) )
TEL0211,LITERATURAS HISPÂNICAS 2,60,580,( ( TEL0207 OU LET0120 OU LET0306 ) ),,( ( TEL0106 ) )
TEL0217,LITERATURA COMPARADA,60,580,,,( TEL0020 OU TEL0058 )
TEL0219,TÓPICOS EM TEORIA LITERÁRIA,60,580,,,
TEL0246,OFICINA LITERÁRIA,60,580,,,
TEL0267,LITERATURA JAPONESA ANTIGA,60,580,( LET0074 E LET0075 ) OU ( LET0487 ),,
TEL0268,LITERATURA JAPONESA MEDIEVAL,60,580,( LET0360 E LET0361 ) OU ( TEL0267 ) OU ( TEL0114 ),,
TEL0272,LITERATURAS HISPÂNICAS 3,60,580,( ( TEL0207 OU LET0120 OU LET0306 ) ),,( ( TEL0102 ) )
VIS0001,"TEORIA, CRÍTICA E HISTÓRIA DA ARTE 2",60,498,( ( VIS0294 ) OU ( VIS0257 ) OU ( VIS0061 ) OU ( VIS0141 ) ),,
VIS0002,ARTE E SOCIOLOGIA,60,498,,,
VIS0003,ARTE E PENSAMENTO,60,498,,,
VIS0005,"TEORIA, CRÍTICA E HISTÓRIA DA ARTE 3",60,498,( ( VIS0001 ) OU ( VIS0114 ) ),,
VIS0006,"TEORIA, CRÍTICA E HISTÓRIA DA ARTE 4",60,498,( ( VIS0005 ) OU ( VIS0189 ) ),,
VIS0007,ARTE E PSICANÁLISE,60,498,,,
VIS0008,"LABORATÓRIO DE TEORIA, CRÍTICA E HISTÓRIA DA ARTE 1",60,498,( ( VIS0006 ) OU ( VIS0190 ) ),,
VIS0011,"TEORIA, CRÍTICA E HISTÓRIA DA ARTE 5",60,498,( ( VIS0006 ) OU ( VIS0220 ) OU ( VIS0190 ) ),,
VIS0013,TEORIA E HISTÓRIA DA ARTE E DA IMAGEM NO ESPAÇO/TEMPO 4,60,498,( ( VIS0220 ) OU ( VIS0006 ) ),,
VIS0014,"LABORATÓRIO DE CRÍTICA,TEORIA E HISTÓRIA DA ARTE 2",60,498,( ( VIS0006 ) OU ( VIS0190 ) ),,
VIS0015,CRÍTICA E HISTÓRIA DA ARTE NO BRASIL 4,60,498,( ( VIS0190 ) OU ( VIS0006 ) ),,
VIS0016,"TEORIA, CRÍTICA E HISTÓRIA DA ARTE 6",60,498,( ( VIS0011 ) OU ( VIS0190 ) ),,
VIS0021,CRÍTICA E HISTÓRIA DA ARTE NO BRASIL 1,60,498,( ( VIS0189 ) OU ( VIS0001 ) ),,
VIS0022,CRÍTICA E HISTÓRIA DA ARTE NO BRASIL 2,60,498,( ( VIS0006 ) OU ( VIS0190 ) ),,
VIS0023,"LABORATÓRIO DE TEORIA, CRÍTICA E HISTÓRIA DA ARTE 4",60,498,( ( VIS0006 ) OU ( VIS0190 ) ),,
VIS0026,TEORIA E HISTÓRIA DA ARTE E DA IMAGEM NO ESPAÇO/TEMPO 5,60,498,( ( VIS0190 ) OU ( VIS0006 ) ),,
VIS0028,HISTÓRIA E TEORIA DO ENSINO DAS ARTES VISUAIS,60,498,,,
VIS0032,METODOLOGIA DE ENSINO E PESQUISA EM ARTES VISUAIS,90,498,,,
VIS0033,PRÁTICA DE ENSINO - OBJETOS DE APRENDIZAGEM,60,498,,,
VIS0034,ESTUDOS DAS VISUALIDADES AFRO-BRASILEIRA,60,498,,,
VIS0042,PRÁTICA DE ENSINO - ESPAÇOS MUSEAIS,60,498,,,( VIS0368 )
VIS0053,ESTUDOS VISUAIS E EDUCAÇÃO - FUNDAMENTOS,60,498,,,
VIS0061,HISTORIA DA ARTE 1,60,498,,,( FAU0006 )
VIS0063,DESENHO 1,90,498,,,( FAU0007 ) OU ( VIS0062 ) OU ( VIS0630 )
VIS0065,DESENHO 2,90,498,( VIS0063 ),,( FAU0008 ) OU ( VIS0064 ) OU ( VIS0485 ) OU ( VIS0631 )
VIS0067,ESCULTURA 1,90,498,( ( VIS0065 E VIS0129 ) OU ( VIS0065 E VIS0060 E VIS0085 ) OU ( VIS0063 ) ),,( ( FAU0009 ) OU ( VIS0066 ) OU ( VIS0071 ) OU ( VIS0520 ) OU ( VIS0632 ) )
VIS0088,OFICINA DE FOTOGRAFIA 1,60,498,( VIS0129 ) OU ( VIS0030 E VIS0063 ),,( FAU0037 ) OU ( VIS0086 ) OU ( VIS0087 )
VIS0113,PRÁTICAS DE ENSINO: MATERIAIS EM ARTES,60,498,,,( FAU0055 OU VIS0110 OU VIS0111 OU VIS0112 OU VIS0296 )
VIS0114,HISTORIA DA ARTE 2,60,498,( ( VIS0061 ) OU ( VIS0141 ) OU ( VIS0294 ) ),,( FAU0056 )
VIS0124,TECNICAS DE GRAVURA 1,60,498,,,( FAU0070 ) OU ( VIS0123 )
VIS0129,FUNDAMENTOS DA LINGUAGEM VISUAL,90,498,,,( ( VIS0030 ) OU ( FAU0074 ) OU ( VIS0128 ) OU ( VIS0472 ) )
VIS0185,ARTE ELETRONICA 1,90,498,( ( VIS0065 E VIS0129 E VIS0088 ) OU ( VIS0065 E VIS0060 E VIS0085 ) OU ( VIS0065 E VIS0129 ) OU ( PRO0026 E VIS0129 E VIS0088 ) OU ( PRO0026 E VIS0060 E VIS0085 ) OU ( PRO0026 E VIS0129 ) ),,( FAU0279 ) OU ( VIS0184 ) OU ( VIS0522 ) OU ( VIS0634 )
VIS0187,PINTURA 1,90,498,( VIS0065 E VIS0129 ) OU ( VIS0065 E VIS0060 E VIS0085 ) OU ( VIS0074 E VIS0060 E VIS0085 ) OU ( VIS0065 E VIS0129 ) OU ( VIS0030 E VIS0063 ),,( ( VIS0119 ) OU ( FAU0280 ) OU ( VIS0186 ) OU ( VIS0506 ) OU ( VIS0635 ) )
VIS0188,INTRODUCAO A GRAVURA,90,498,( ( VIS0065 E VIS0129 ) OU ( VIS0065 ) OU ( VIS0030 E VIS0063 ) ),,( FAU0281 OU VIS0564 OU VIS0633 )
VIS0189,HISTORIA DA ARTE 3,60,498,( ( VIS0114 ) OU ( VIS0294 ) ),,( FAU0282 )
VIS0190,HISTORIA DA ARTE 4,60,498,( ( VIS0189 ) OU ( VIS0005 ) ),,( FAU0283 )
VIS0212,DESENHO 3,90,498,( ( VIS0065 ) ),,( VIS0211 )
VIS0217,ATELIE 1,120,498,( ( VIS0220 ) OU ( VIS0173 ) OU ( VIS0143 ) OU ( VIS0165 ) OU ( VIS0192 ) ),,( VIS0216 )
VIS0219,ATELIE 2,120,498,( ( VIS0217 ) OU ( VIS0175 ) OU ( VIS0145 ) OU ( VIS0167 ) OU ( VIS0194 ) ),,( ( VIS0169 ) OU ( VIS0218 ) )
VIS0220,PROJETO INTERDISCIPLINAR,90,498,,,( VIS0044 OU VIS0539 )
VIS0254,HISTORIA DA ARTE MODERNA,60,498,,,
VIS0255,HISTORIA DA ARTE CONTEMPORANEA,60,498,,,
VIS0256,HISTÓRIA DA ARTE NO BRASIL,60,498,,,
VIS0261,"SEMINARIO EM TEORIA,CRITICA E HISTORIA DA ARTE 7",60,498,,,( VIS0260 )
VIS0265,"SEMINARIO EM TEORIA,CRITICA E HISTORIA DA ARTE 9",60,498,,,( VIS0264 )
VIS0267,"SEMINARIO EM TEORIA,CRITICA E HISTORIA DA ARTE 10",60,498,,,( VIS0266 )
VIS0294,"TEORIA, CRÍTICA E HISTÓRIA DA ARTE 1",60,498,,,
VIS0295,ARTE E LITERATURA,60,498,,,
VIS0454,MATÉRIA E ESPAÇO NA ARTE,90,498,,,
VIS0472,PROCESSO E TEMPO NA ARTE,90,498,,,( VIS0129 )
VIS0609,ESTRATÉGIAS DA ARTE CONTEMPORÂNEA,60,498,,,( VIS0255 OU VIS0190 )
VIS0630,EXPERIMENTAÇÕES EM ARTES VISUAIS 1,90,498,( VIS0454 OU VIS0472 ),,( VIS0063 )
VIS0633,PROCESSOS EM ARTES VISUAIS 1,90,498,( VIS0454 OU VIS0472 ),,( VIS0188 )
ZOO0002,TÓPICOS EM ZOOLOGIA 1,60,455,,,( ZOO0001 )
ZOO0003,TÓPICOS EM ZOOLOGIA 2,30,455,,,
ZOO0008,BIOLOGIA DOS MAMÍFEROS,60,455,( ( ZOO0017 ) ),,
ZOO0013,ZOOLOGIA INVERTEBRADOS,60,455,( ( GEM0011 ) OU ( GEM0040 ) OU ( GEM0043 ) ),,( ZOO0010 ) OU ( ZOO0011 ) OU ( ZOO0012 )
ZOO0017,ZOOLOGIA VERTEBRADOS,60,455,( ( ZOO0013 ) ),,( ZOO0014 ) OU ( ZOO0015 ) OU ( ZOO0016 )
ZOO0018,ENTOMOLOGIA,60,455,,,( ( ZOO0020 ) OU ( ICB0164 ) OU ( ECL0019 ) )
ZOO0031,ORNITOLOGIA,60,455,,,( GEM0036 )
ZOO0037,BIOLOGIA DOS ARACNIDEOS,60,455,( ( ZOO0013 ) ),,
ZOO0041,DIVERSIDADE ANIMAL - METODOLOGIA DE ENSINO,60,455,,,
ZOO0043,BIOLOGIA DE COLEÓPTEROS,60,455,,,
ZOO0045,ENTOMOLOGIA FLORESTAL,60,455,( ( EFL0004 E FAV0163 ) OU ( EFL0004 E CEL0050 ) OU ( EFL0004 E FIT0003 ) ),,( EFL0046 ) OU ( ZOO0044 )
ZOO0048,BIOGEOGRAFIA,30,455,( ( CDS0010 ) OU ( ECL0017 ) OU ( ECL0042 ) ),,( ICB0263 )
ZOO0049,DIVERSIDADE ANIMAL,60,455,( ( GEM0006 ) OU ( GEM0049 ) OU ( ECL0017 ) ),,
ZOO0078,ECOLOGIA EVOLUTIVA DOS ANIMAIS,60,472,( GEM0018 OU GEM0049 ),,
